2025-12-16 17:00:33.576  INFO 1 - [       main] c.epam.healenium.Application     : Starting Application v3.4.6 using Java 22.0.2 with PID 1 (/healenium-backend.jar started by root in /) 
2025-12-16 17:00:33.712  INFO 1 - [       main] c.epam.healenium.Application     : No active profile set, falling back to 1 default profile: "default" 
2025-12-16 17:00:35.937  INFO 1 - [       main] .RepositoryConfigurationDelegate : Bootstrapping Spring Data JPA repositories in DEFAULT mode. 
2025-12-16 17:00:36.185  INFO 1 - [       main] .RepositoryConfigurationDelegate : Finished Spring Data repository scanning in 235 ms. Found 4 JPA repository interfaces. 
2025-12-16 17:00:37.464  INFO 1 - [       main] o.s.b.w.e.t.TomcatWebServer      : Tomcat initialized with port 7878 (http) 
2025-12-16 17:00:37.497  INFO 1 - [       main] o.a.c.core.StandardService       : Starting service [Tomcat] 
2025-12-16 17:00:37.499  INFO 1 - [       main] o.a.c.core.StandardEngine        : Starting Servlet engine: [Apache Tomcat/10.1.30] 
2025-12-16 17:00:37.584  INFO 1 - [       main] o.a.c.c.C.[.[localhost].[/]      : Initializing Spring embedded WebApplicationContext 
2025-12-16 17:00:37.585  INFO 1 - [       main] rvletWebServerApplicationContext : Root WebApplicationContext: initialization completed in 3666 ms 
2025-12-16 17:00:38.158  INFO 1 - [       main] c.z.hikari.HikariDataSource      : HikariPool-1 - Starting... 
2025-12-16 17:00:38.526  INFO 1 - [       main] c.z.hikari.HikariDataSource      : HikariPool-1 - Start completed. 
2025-12-16 17:00:38.727  INFO 1 - [       main] liquibase.database               : Set default schema name to healenium 
2025-12-16 17:00:39.478  INFO 1 - [       main] liquibase.changelog              : Reading from healenium.databasechangelog 
2025-12-16 17:00:39.545  INFO 1 - [       main] liquibase.ui                     : Database is up to date, no changesets to execute 
2025-12-16 17:00:39.548  INFO 1 - [       main] liquibase.changelog              : Reading from healenium.databasechangelog 
2025-12-16 17:00:39.561  INFO 1 - [       main] liquibase.util                   : UPDATE SUMMARY 
2025-12-16 17:00:39.562  INFO 1 - [       main] liquibase.util                   : Run:                          0 
2025-12-16 17:00:39.562  INFO 1 - [       main] liquibase.util                   : Previously run:              10 
2025-12-16 17:00:39.565  INFO 1 - [       main] liquibase.util                   : Filtered out:                 0 
2025-12-16 17:00:39.565  INFO 1 - [       main] liquibase.util                   : ------------------------------- 
2025-12-16 17:00:39.566  INFO 1 - [       main] liquibase.util                   : Total change sets:           10 
2025-12-16 17:00:39.567  INFO 1 - [       main] liquibase.util                   : Update summary generated 
2025-12-16 17:00:39.593  INFO 1 - [       main] liquibase.lockservice            : Successfully released change log lock 
2025-12-16 17:00:39.595  INFO 1 - [       main] liquibase.command                : Command execution complete 
2025-12-16 17:00:39.796  INFO 1 - [       main] o.h.j.internal.util.LogHelper    : HHH000204: Processing PersistenceUnitInfo [name: default] 
2025-12-16 17:00:39.933  INFO 1 - [       main] org.hibernate.Version            : HHH000412: Hibernate ORM core version 6.5.3.Final 
2025-12-16 17:00:40.000  INFO 1 - [       main] o.h.c.i.RegionFactoryInitiator   : HHH000026: Second-level cache disabled 
2025-12-16 17:00:40.571  INFO 1 - [       main] .o.j.p.SpringPersistenceUnitInfo : No LoadTimeWeaver setup: ignoring JPA class transformer 
2025-12-16 17:00:40.598  WARN 1 - [       main] org.hibernate.orm.deprecation    : HHH90000021: Encountered deprecated setting [hibernate.temp.use_jdbc_metadata_defaults], use [hibernate.boot.allow_jdbc_metadata_access] instead 
2025-12-16 17:00:40.634  WARN 1 - [       main] org.hibernate.orm.deprecation    : HHH90000025: PostgreSQLDialect does not need to be specified explicitly using 'hibernate.dialect' (remove the property setting and it will be selected by default) 
2025-12-16 17:00:42.322  WARN 1 - [       main] o.h.m.internal.MetadataContext   : HHH015011: Unable to locate static metamodel field : com.epam.healenium.model.domain.Selector_#nodePathWrapper; this may or may not indicate a problem with the static metamodel 
2025-12-16 17:00:42.328  INFO 1 - [       main] h.e.t.j.p.i.JtaPlatformInitiator : HHH000489: No JTA platform available (set 'hibernate.transaction.jta.platform' to enable JTA platform integration) 
2025-12-16 17:00:42.333  INFO 1 - [       main] ontainerEntityManagerFactoryBean : Initialized JPA EntityManagerFactory for persistence unit 'default' 
2025-12-16 17:00:42.953  INFO 1 - [       main] o.s.d.j.r.q.QueryEnhancerFactory : Hibernate is in classpath; If applicable, HQL parser will be used. 
2025-12-16 17:00:43.765  INFO 1 - [       main] .a.w.s.WelcomePageHandlerMapping : Adding welcome page template: index 
2025-12-16 17:00:45.146  INFO 1 - [       main] .s.b.a.e.w.EndpointLinksResolver : Exposing 1 endpoint beneath base path '/actuator' 
2025-12-16 17:00:45.370  INFO 1 - [       main] o.s.b.w.e.t.TomcatWebServer      : Tomcat started on port 7878 (http) with context path '/' 
2025-12-16 17:00:45.505  INFO 1 - [       main] c.epam.healenium.Application     : Started Application in 13.02 seconds (process running for 15.741) 
2025-12-16 17:01:23.431  INFO 1 - [7878-exec-1] o.a.c.c.C.[.[localhost].[/]      : Initializing Spring DispatcherServlet 'dispatcherServlet' 
2025-12-16 17:01:23.432  INFO 1 - [7878-exec-1] o.s.w.s.DispatcherServlet        : Initializing Servlet 'dispatcherServlet' 
2025-12-16 17:01:23.435  INFO 1 - [7878-exec-1] o.s.w.s.DispatcherServlet        : Completed initialization in 2 ms 
2025-12-16 17:02:14.065  INFO 1 - [7878-exec-3] healenium                        : [Save Elements] Request: By.id(mail) 
2025-12-16 17:02:14.784  INFO 1 - [7878-exec-4] healenium                        : [Save Elements] Request: By.id(mail) 
2025-12-16 17:02:15.046  INFO 1 - [7878-exec-5] healenium                        : [Save Elements] Request: By.id(identificacion) 
2025-12-16 17:02:15.286  INFO 1 - [7878-exec-6] healenium                        : [Save Elements] Request: By.id(pass) 
2025-12-16 17:02:15.552  INFO 1 - [7878-exec-7] healenium                        : [Save Elements] Request: By.xpath(//button[normalize-space()='Ingresar']) 
2025-12-16 17:02:15.616  INFO 1 - [7878-exec-8] healenium                        : [Save Elements] Request: By.xpath(//button[normalize-space()='Ingresar']) 
2025-12-16 17:02:17.070  INFO 1 - [7878-exec-9] healenium                        : [Save Elements] Request: By.xpath(//div[@id='modalLoader']) 
2025-12-16 17:02:17.225  INFO 1 - [878-exec-10] healenium                        : [Save Elements] Request: By.xpath(//div[@id='modalLoader']) 
2025-12-16 17:02:18.487  INFO 1 - [7878-exec-1] healenium                        : [Save Elements] Request: By.cssSelector(.rounded.expMenu) 
2025-12-16 17:02:19.711  INFO 1 - [7878-exec-2] healenium                        : [Save Elements] Request: By.cssSelector(.rounded.expMenu) 
2025-12-16 17:02:19.767  INFO 1 - [7878-exec-3] healenium                        : [Save Elements] Request: By.cssSelector(.rounded.expMenu) 
2025-12-16 17:02:19.977  INFO 1 - [7878-exec-4] healenium                        : [Save Elements] Request: By.xpath(//div[@id='modalLoader']) 
2025-12-16 17:02:20.099  INFO 1 - [7878-exec-5] healenium                        : [Save Elements] Request: By.xpath(//div[@id='modalLoader']) 
2025-12-16 17:02:22.037  INFO 1 - [7878-exec-6] healenium                        : [Save Elements] Request: By.xpath(//nav[@id='menu' and not(contains(@style,'overflow: auto;'))]/div) 
2025-12-16 17:02:22.246  INFO 1 - [7878-exec-7] healenium                        : [Save Elements] Request: By.xpath(//div[@id='modalLoader']) 
2025-12-16 17:02:44.607  INFO 1 - [7878-exec-8] healenium                        : [Save Elements] Request: By.xpath(//input[@placeholder='Buscar...']) 
2025-12-16 17:02:44.750  INFO 1 - [7878-exec-9] healenium                        : [Save Elements] Request: By.xpath(//input[@placeholder='Buscar...']) 
2025-12-16 17:02:44.989  INFO 1 - [878-exec-10] healenium                        : [Save Elements] Request: By.xpath(//input[@placeholder='Buscar...']) 
2025-12-16 17:03:45.625  INFO 1 - [7878-exec-8] healenium                        : [Save Elements] Request: By.id(mail) 
2025-12-16 17:03:46.281  INFO 1 - [7878-exec-9] healenium                        : [Save Elements] Request: By.id(mail) 
2025-12-16 17:03:46.524  INFO 1 - [878-exec-10] healenium                        : [Save Elements] Request: By.id(identificacion) 
2025-12-16 17:03:46.723  INFO 1 - [7878-exec-1] healenium                        : [Save Elements] Request: By.id(pass) 
2025-12-16 17:03:46.933  INFO 1 - [7878-exec-2] healenium                        : [Save Elements] Request: By.xpath(//button[normalize-space()='Ingresar']) 
2025-12-16 17:03:46.981  INFO 1 - [7878-exec-3] healenium                        : [Save Elements] Request: By.xpath(//button[normalize-space()='Ingresar']) 
2025-12-16 17:03:48.222  INFO 1 - [7878-exec-4] healenium                        : [Save Elements] Request: By.xpath(//div[@id='modalLoader']) 
2025-12-16 17:03:48.406  INFO 1 - [7878-exec-5] healenium                        : [Save Elements] Request: By.xpath(//div[@id='modalLoader']) 
2025-12-16 17:03:49.686  INFO 1 - [7878-exec-6] healenium                        : [Save Elements] Request: By.cssSelector(.rounded.expMenu) 
2025-12-16 17:03:50.923  INFO 1 - [7878-exec-7] healenium                        : [Save Elements] Request: By.cssSelector(.rounded.expMenu) 
2025-12-16 17:03:50.990  INFO 1 - [7878-exec-8] healenium                        : [Save Elements] Request: By.cssSelector(.rounded.expMenu) 
2025-12-16 17:03:51.234  INFO 1 - [7878-exec-9] healenium                        : [Save Elements] Request: By.xpath(//div[@id='modalLoader']) 
2025-12-16 17:03:51.385  INFO 1 - [878-exec-10] healenium                        : [Save Elements] Request: By.xpath(//div[@id='modalLoader']) 
2025-12-16 17:03:52.655  INFO 1 - [7878-exec-1] healenium                        : [Save Elements] Request: By.xpath(//nav[@id='menu' and not(contains(@style,'overflow: auto;'))]/div) 
2025-12-16 17:03:52.800  INFO 1 - [7878-exec-2] healenium                        : [Save Elements] Request: By.xpath(//div[@id='modalLoader']) 
2025-12-16 17:04:15.085  INFO 1 - [7878-exec-3] healenium                        : [Save Elements] Request: By.xpath(//input[@placeholder='Buscar...']) 
2025-12-16 17:04:15.190  INFO 1 - [7878-exec-4] healenium                        : [Save Elements] Request: By.xpath(//input[@placeholder='Buscar...']) 
2025-12-16 17:04:15.383  INFO 1 - [7878-exec-5] healenium                        : [Save Elements] Request: By.xpath(//input[@placeholder='Buscar...']) 
2025-12-16 17:04:28.240  INFO 1 - [7878-exec-1] healenium                        : [Save Elements] Request: By.id(searchCam) 
2025-12-16 17:04:28.399  INFO 1 - [7878-exec-2] healenium                        : [Save Elements] Request: By.id(searchCam) 
2025-12-16 17:04:28.648  INFO 1 - [7878-exec-3] healenium                        : [Save Elements] Request: By.xpath(//button[@data-original-title="Buscar"]) 
2025-12-16 17:04:28.804  INFO 1 - [7878-exec-4] healenium                        : [Save Elements] Request: By.xpath(//button[@data-original-title="Buscar"]) 
2025-12-16 17:04:28.862  INFO 1 - [7878-exec-5] healenium                        : [Save Elements] Request: By.xpath(//button[@data-original-title="Buscar"]) 
2025-12-16 17:04:29.352  INFO 1 - [7878-exec-6] healenium                        : [Save Elements] Request: By.xpath(//img[contains(@id,'camara_')]) 
2025-12-16 17:04:29.481  INFO 1 - [7878-exec-7] healenium                        : [Save Elements] Request: By.xpath(//img[contains(@id,'camara_')]) 
2025-12-16 17:04:29.543  INFO 1 - [7878-exec-8] healenium                        : [Save Elements] Request: By.xpath(//img[contains(@id,'camara_')]) 
2025-12-16 17:04:29.718  INFO 1 - [7878-exec-9] healenium                        : [Save Elements] Request: By.id(mail) 
2025-12-16 17:04:30.359  INFO 1 - [878-exec-10] healenium                        : [Save Elements] Request: By.id(mail) 
2025-12-16 17:04:30.572  INFO 1 - [7878-exec-1] healenium                        : [Save Elements] Request: By.id(identificacion) 
2025-12-16 17:04:30.701  INFO 1 - [7878-exec-2] healenium                        : [Save Elements] Request: By.id(identificacion) 
2025-12-16 17:04:30.880  INFO 1 - [7878-exec-3] healenium                        : [Save Elements] Request: By.id(pass) 
2025-12-16 17:04:30.984  INFO 1 - [7878-exec-4] healenium                        : [Save Elements] Request: By.id(pass) 
2025-12-16 17:04:31.172  INFO 1 - [7878-exec-5] healenium                        : [Save Elements] Request: By.xpath(//*[contains(text(), 'Ingresar')]) 
2025-12-16 17:04:31.326  INFO 1 - [7878-exec-6] healenium                        : [Save Elements] Request: By.xpath(//*[contains(text(), 'Ingresar')]) 
2025-12-16 17:04:31.378  INFO 1 - [7878-exec-7] healenium                        : [Save Elements] Request: By.xpath(//*[contains(text(), 'Ingresar')]) 
2025-12-16 17:04:32.673  INFO 1 - [7878-exec-8] healenium                        : [Save Elements] Request: By.xpath(//div[@id='modalLoader']) 
2025-12-16 17:04:32.850  INFO 1 - [7878-exec-9] healenium                        : [Save Elements] Request: By.xpath(//div[@id='modalLoader']) 
2025-12-16 17:04:34.157  INFO 1 - [878-exec-10] healenium                        : [Save Elements] Request: By.cssSelector(#expMenu > a > span > i) 
2025-12-16 17:04:34.404  INFO 1 - [7878-exec-1] healenium                        : [Save Elements] Request: By.cssSelector(#expMenu > a > span > i) 
2025-12-16 17:04:34.500  INFO 1 - [7878-exec-2] healenium                        : [Save Elements] Request: By.cssSelector(#expMenu > a > span > i) 
2025-12-16 17:04:36.122  INFO 1 - [7878-exec-3] healenium                        : [Save Elements] Request: By.xpath(/html/body/div[1]/main/div[1]/nav/div/div[1]/li/a/div[1]) 
2025-12-16 17:04:36.177  INFO 1 - [7878-exec-4] healenium                        : [Save Elements] Request: By.xpath(/html/body/div[1]/main/div[1]/nav/div/div[1]/li/a/div[1]) 
2025-12-16 17:04:36.432  INFO 1 - [7878-exec-5] healenium                        : [Save Elements] Request: By.xpath(/html/body/div[1]/main/div[1]/nav/div/div[1]/li/div/ul/li/div/li/a/div[1]) 
2025-12-16 17:04:36.504  INFO 1 - [7878-exec-6] healenium                        : [Save Elements] Request: By.xpath(/html/body/div[1]/main/div[1]/nav/div/div[1]/li/div/ul/li/div/li/a/div[1]) 
2025-12-16 17:04:38.811  INFO 1 - [7878-exec-7] healenium                        : [Save Elements] Request: By.id(sidebar-search) 
2025-12-16 17:04:38.944  INFO 1 - [7878-exec-8] healenium                        : [Save Elements] Request: By.id(sidebar-search) 
2025-12-16 17:04:39.225  INFO 1 - [7878-exec-9] healenium                        : [Save Elements] Request: By.xpath(//li[@class='list-group-item list-group-item-action'][1]) 
2025-12-16 17:04:39.297  INFO 1 - [878-exec-10] healenium                        : [Save Elements] Request: By.xpath(//li[@class='list-group-item list-group-item-action'][1]) 
2025-12-16 17:05:11.863  INFO 1 - [7878-exec-5] healenium                        : [Save Elements] Request: By.id(searchCam) 
2025-12-16 17:05:11.995  INFO 1 - [7878-exec-6] healenium                        : [Save Elements] Request: By.id(searchCam) 
2025-12-16 17:05:12.198  INFO 1 - [7878-exec-7] healenium                        : [Save Elements] Request: By.xpath(//button[@data-original-title="Buscar"]) 
2025-12-16 17:05:12.313  INFO 1 - [7878-exec-8] healenium                        : [Save Elements] Request: By.xpath(//button[@data-original-title="Buscar"]) 
2025-12-16 17:05:12.375  INFO 1 - [7878-exec-9] healenium                        : [Save Elements] Request: By.xpath(//button[@data-original-title="Buscar"]) 
2025-12-16 17:05:12.933  INFO 1 - [878-exec-10] healenium                        : [Save Elements] Request: By.xpath(//img[contains(@id,'camara_')]) 
2025-12-16 17:05:13.058  INFO 1 - [7878-exec-1] healenium                        : [Save Elements] Request: By.xpath(//img[contains(@id,'camara_')]) 
2025-12-16 17:05:13.117  INFO 1 - [7878-exec-2] healenium                        : [Save Elements] Request: By.xpath(//img[contains(@id,'camara_')]) 
2025-12-16 17:05:13.286  INFO 1 - [7878-exec-3] healenium                        : [Save Elements] Request: By.id(mail) 
2025-12-16 17:05:13.923  INFO 1 - [7878-exec-4] healenium                        : [Save Elements] Request: By.id(mail) 
2025-12-16 17:05:14.115  INFO 1 - [7878-exec-5] healenium                        : [Save Elements] Request: By.id(identificacion) 
2025-12-16 17:05:14.229  INFO 1 - [7878-exec-6] healenium                        : [Save Elements] Request: By.id(identificacion) 
2025-12-16 17:05:14.411  INFO 1 - [7878-exec-7] healenium                        : [Save Elements] Request: By.id(pass) 
2025-12-16 17:05:14.555  INFO 1 - [7878-exec-8] healenium                        : [Save Elements] Request: By.id(pass) 
2025-12-16 17:05:14.857  INFO 1 - [7878-exec-9] healenium                        : [Save Elements] Request: By.xpath(//*[contains(text(), 'Ingresar')]) 
2025-12-16 17:05:15.002  INFO 1 - [878-exec-10] healenium                        : [Save Elements] Request: By.xpath(//*[contains(text(), 'Ingresar')]) 
2025-12-16 17:05:15.071  INFO 1 - [7878-exec-1] healenium                        : [Save Elements] Request: By.xpath(//*[contains(text(), 'Ingresar')]) 
2025-12-16 17:05:16.683  INFO 1 - [7878-exec-3] healenium                        : [Save Elements] Request: By.id(selectS) 
2025-12-16 17:05:16.773  INFO 1 - [7878-exec-4] healenium                        : [Save Elements] Request: By.id(selectS) 
2025-12-16 17:05:16.925  INFO 1 - [7878-exec-5] healenium                        : [Save Elements] Request: By.id(selectS) 
2025-12-16 17:05:17.000  INFO 1 - [7878-exec-6] healenium                        : [Save Elements] Request: By.xpath(.//option[normalize-space(.) = "Matricula"]) 
2025-12-16 17:05:17.213  INFO 1 - [7878-exec-7] healenium                        : [Save Elements] Request: By.id(criterio) 
2025-12-16 17:05:17.333  INFO 1 - [7878-exec-8] healenium                        : [Save Elements] Request: By.id(criterio) 
2025-12-16 17:05:17.566  INFO 1 - [7878-exec-9] healenium                        : [Save Elements] Request: By.xpath(//*[contains(text(), ' Continuar')]) 
2025-12-16 17:05:17.659  INFO 1 - [878-exec-10] healenium                        : [Save Elements] Request: By.xpath(//*[contains(text(), ' Continuar')]) 
2025-12-16 17:05:17.837  INFO 1 - [7878-exec-1] healenium                        : [Save Elements] Request: By.xpath(//*[contains(text(), ' Continuar')]) 
2025-12-16 17:05:17.934  INFO 1 - [7878-exec-2] healenium                        : [Save Elements] Request: By.xpath(//*[contains(text(), ' Continuar')]) 
2025-12-16 17:05:19.487  INFO 1 - [7878-exec-3] healenium                        : [Save Elements] Request: By.xpath((//i[@data-original-title="Acciones Disponibles"])[1]) 
2025-12-16 17:05:19.747  INFO 1 - [7878-exec-4] healenium                        : [Save Elements] Request: By.xpath((//i[@data-original-title="Acciones Disponibles"])[1]) 
2025-12-16 17:05:19.899  INFO 1 - [7878-exec-5] healenium                        : [Save Elements] Request: By.xpath((//i[@data-original-title="Acciones Disponibles"])[1]) 
2025-12-16 17:05:20.647  INFO 1 - [7878-exec-6] healenium                        : [Save Elements] Request: By.xpath(//*[text()='Trámites del Registro Mercantil y de ESADL']) 
2025-12-16 17:05:21.338  INFO 1 - [7878-exec-7] healenium                        : [Save Elements] Request: By.xpath(//*[text()='Trámites del Registro Mercantil y de ESADL']) 
2025-12-16 17:05:21.405  INFO 1 - [7878-exec-8] healenium                        : [Save Elements] Request: By.xpath(//*[text()='Trámites del Registro Mercantil y de ESADL']) 
2025-12-16 17:05:21.602  INFO 1 - [7878-exec-9] healenium                        : [Save Elements] Request: By.xpath(//a[@data-original-title='Inscripciones de documentos']) 
2025-12-16 17:05:21.812  INFO 1 - [878-exec-10] healenium                        : [Save Elements] Request: By.xpath(//a[@data-original-title='Inscripciones de documentos']) 
2025-12-16 17:05:21.895  INFO 1 - [7878-exec-1] healenium                        : [Save Elements] Request: By.xpath(//a[@data-original-title='Inscripciones de documentos']) 
2025-12-16 17:05:28.634  INFO 1 - [7878-exec-2] healenium                        : [Save Elements] Request: By.id(submit) 
2025-12-16 17:05:28.788  INFO 1 - [7878-exec-3] healenium                        : [Save Elements] Request: By.id(submit) 
2025-12-16 17:05:28.846  INFO 1 - [7878-exec-4] healenium                        : [Save Elements] Request: By.id(submit) 
2025-12-16 17:10:20.147  INFO 1 - [7878-exec-4] healenium                        : [Save Elements] Request: By.id(mail) 
2025-12-16 17:10:20.804  INFO 1 - [7878-exec-5] healenium                        : [Save Elements] Request: By.id(mail) 
2025-12-16 17:10:21.048  INFO 1 - [7878-exec-6] healenium                        : [Save Elements] Request: By.id(identificacion) 
2025-12-16 17:10:21.237  INFO 1 - [7878-exec-7] healenium                        : [Save Elements] Request: By.id(pass) 
2025-12-16 17:10:21.442  INFO 1 - [7878-exec-8] healenium                        : [Save Elements] Request: By.xpath(//button[normalize-space()='Ingresar']) 
2025-12-16 17:10:21.491  INFO 1 - [7878-exec-9] healenium                        : [Save Elements] Request: By.xpath(//button[normalize-space()='Ingresar']) 
2025-12-16 17:10:22.749  INFO 1 - [878-exec-10] healenium                        : [Save Elements] Request: By.xpath(//div[@id='modalLoader']) 
2025-12-16 17:10:22.913  INFO 1 - [7878-exec-1] healenium                        : [Save Elements] Request: By.xpath(//div[@id='modalLoader']) 
2025-12-16 17:10:24.150  INFO 1 - [7878-exec-2] healenium                        : [Save Elements] Request: By.cssSelector(.rounded.expMenu) 
2025-12-16 17:10:25.404  INFO 1 - [7878-exec-3] healenium                        : [Save Elements] Request: By.cssSelector(.rounded.expMenu) 
2025-12-16 17:10:25.442  INFO 1 - [7878-exec-4] healenium                        : [Save Elements] Request: By.cssSelector(.rounded.expMenu) 
2025-12-16 17:10:25.626  INFO 1 - [7878-exec-5] healenium                        : [Save Elements] Request: By.xpath(//div[@id='modalLoader']) 
2025-12-16 17:10:25.862  INFO 1 - [7878-exec-6] healenium                        : [Save Elements] Request: By.xpath(//div[@id='modalLoader']) 
2025-12-16 17:10:27.119  INFO 1 - [7878-exec-7] healenium                        : [Save Elements] Request: By.xpath(//nav[@id='menu' and not(contains(@style,'overflow: auto;'))]/div) 
2025-12-16 17:10:48.125  INFO 1 - [7878-exec-8] healenium                        : [Save Elements] Request: By.cssSelector(.rounded.expMenu) 
2025-12-16 17:10:49.343  INFO 1 - [7878-exec-9] healenium                        : [Save Elements] Request: By.cssSelector(.rounded.expMenu) 
2025-12-16 17:10:49.408  INFO 1 - [878-exec-10] healenium                        : [Save Elements] Request: By.cssSelector(.rounded.expMenu) 
2025-12-16 17:10:50.250  INFO 1 - [7878-exec-1] healenium                        : [Save Elements] Request: By.xpath(//div[@id='modalLoader']) 
2025-12-16 17:11:12.490  INFO 1 - [7878-exec-2] healenium                        : [Save Elements] Request: By.xpath(//nav[@id='menu' and not(contains(@style,'overflow: auto;'))]/div) 
2025-12-16 17:11:12.613  INFO 1 - [7878-exec-3] healenium                        : [Save Elements] Request: By.xpath(//div[@id='modalLoader']) 
2025-12-16 17:11:34.873  INFO 1 - [7878-exec-4] healenium                        : [Save Elements] Request: By.xpath(//input[@placeholder='Buscar...']) 
2025-12-16 17:11:34.978  INFO 1 - [7878-exec-5] healenium                        : [Save Elements] Request: By.xpath(//input[@placeholder='Buscar...']) 
2025-12-16 17:11:35.190  INFO 1 - [7878-exec-6] healenium                        : [Save Elements] Request: By.xpath(//input[@placeholder='Buscar...']) 
2025-12-16 17:12:10.679  INFO 1 - [7878-exec-2] healenium                        : [Save Elements] Request: By.id(searchCam) 
2025-12-16 17:12:10.803  INFO 1 - [7878-exec-3] healenium                        : [Save Elements] Request: By.id(searchCam) 
2025-12-16 17:12:11.018  INFO 1 - [7878-exec-4] healenium                        : [Save Elements] Request: By.xpath(//button[@data-original-title="Buscar"]) 
2025-12-16 17:12:11.135  INFO 1 - [7878-exec-5] healenium                        : [Save Elements] Request: By.xpath(//button[@data-original-title="Buscar"]) 
2025-12-16 17:12:11.186  INFO 1 - [7878-exec-6] healenium                        : [Save Elements] Request: By.xpath(//button[@data-original-title="Buscar"]) 
2025-12-16 17:12:11.660  INFO 1 - [7878-exec-7] healenium                        : [Save Elements] Request: By.xpath(//img[contains(@id,'camara_')]) 
2025-12-16 17:12:11.809  INFO 1 - [7878-exec-8] healenium                        : [Save Elements] Request: By.xpath(//img[contains(@id,'camara_')]) 
2025-12-16 17:12:11.874  INFO 1 - [7878-exec-9] healenium                        : [Save Elements] Request: By.xpath(//img[contains(@id,'camara_')]) 
2025-12-16 17:12:12.085  INFO 1 - [878-exec-10] healenium                        : [Save Elements] Request: By.id(mail) 
2025-12-16 17:12:12.803  INFO 1 - [7878-exec-1] healenium                        : [Save Elements] Request: By.id(mail) 
2025-12-16 17:12:13.057  INFO 1 - [7878-exec-3] healenium                        : [Save Elements] Request: By.id(identificacion) 
2025-12-16 17:12:13.181  INFO 1 - [7878-exec-4] healenium                        : [Save Elements] Request: By.id(identificacion) 
2025-12-16 17:12:13.422  INFO 1 - [7878-exec-5] healenium                        : [Save Elements] Request: By.id(pass) 
2025-12-16 17:12:13.550  INFO 1 - [7878-exec-6] healenium                        : [Save Elements] Request: By.id(pass) 
2025-12-16 17:12:13.796  INFO 1 - [7878-exec-7] healenium                        : [Save Elements] Request: By.xpath(//*[contains(text(), 'Ingresar')]) 
2025-12-16 17:12:13.921  INFO 1 - [7878-exec-8] healenium                        : [Save Elements] Request: By.xpath(//*[contains(text(), 'Ingresar')]) 
2025-12-16 17:12:13.977  INFO 1 - [7878-exec-9] healenium                        : [Save Elements] Request: By.xpath(//*[contains(text(), 'Ingresar')]) 
2025-12-16 17:12:15.599  INFO 1 - [878-exec-10] healenium                        : [Save Elements] Request: By.xpath(//div[@id='modalLoader']) 
2025-12-16 17:12:15.758  INFO 1 - [7878-exec-1] healenium                        : [Save Elements] Request: By.xpath(//div[@id='modalLoader']) 
2025-12-16 17:12:17.055  INFO 1 - [7878-exec-2] healenium                        : [Save Elements] Request: By.cssSelector(.rounded.expMenu) 
2025-12-16 17:12:17.258  INFO 1 - [7878-exec-3] healenium                        : [Save Elements] Request: By.cssSelector(.rounded.expMenu) 
2025-12-16 17:12:17.312  INFO 1 - [7878-exec-4] healenium                        : [Save Elements] Request: By.cssSelector(.rounded.expMenu) 
2025-12-16 17:12:18.186  INFO 1 - [7878-exec-5] healenium                        : [Save Elements] Request: By.xpath((//div[@class='titulo-menu'][normalize-space()='BANDEJAS'])[2]) 
2025-12-16 17:12:18.974  INFO 1 - [7878-exec-6] healenium                        : [Save Elements] Request: By.xpath(/html/body/div[1]/main/div[1]/nav/div/div[16]/li/a) 
2025-12-16 17:12:19.078  INFO 1 - [7878-exec-7] healenium                        : [Save Elements] Request: By.xpath(/html/body/div[1]/main/div[1]/nav/div/div[16]/li/a) 
2025-12-16 17:12:19.183  INFO 1 - [7878-exec-8] healenium                        : [Save Elements] Request: By.xpath(/html/body/div[1]/main/div[1]/nav/div/div[16]/li/a) 
2025-12-16 17:12:19.406  INFO 1 - [7878-exec-9] healenium                        : [Save Elements] Request: By.xpath((//*[contains(text(), 'Registros públicos - administración')])[2]) 
2025-12-16 17:12:19.528  INFO 1 - [878-exec-10] healenium                        : [Save Elements] Request: By.xpath((//*[contains(text(), 'Registros públicos - administración')])[2]) 
2025-12-16 17:12:19.658  INFO 1 - [7878-exec-1] healenium                        : [Save Elements] Request: By.xpath((//*[contains(text(), 'Registros públicos - administración')])[2]) 
2025-12-16 17:12:19.827  INFO 1 - [7878-exec-2] healenium                        : [Save Elements] Request: By.xpath((//*[text()='T y C'])[2]) 
2025-12-16 17:12:19.972  INFO 1 - [7878-exec-3] healenium                        : [Save Elements] Request: By.xpath((//*[text()='T y C'])[2]) 
2025-12-16 17:12:20.141  INFO 1 - [7878-exec-4] healenium                        : [Save Elements] Request: By.xpath((//*[text()='T y C'])[2]) 
2025-12-16 17:12:23.598  INFO 1 - [7878-exec-5] healenium                        : [Save Elements] Request: By.xpath((//a[@data-original-title="Editar"])[1]) 
2025-12-16 17:12:23.762  INFO 1 - [7878-exec-6] healenium                        : [Save Elements] Request: By.xpath((//a[@data-original-title="Editar"])[1]) 
2025-12-16 17:12:23.833  INFO 1 - [7878-exec-7] healenium                        : [Save Elements] Request: By.xpath((//a[@data-original-title="Editar"])[1]) 
2025-12-16 17:12:27.891  INFO 1 - [7878-exec-8] healenium                        : [Save Elements] Request: By.id(nombre) 
2025-12-16 17:12:28.130  INFO 1 - [7878-exec-9] healenium                        : [Save Elements] Request: By.id(tinymce) 
2025-12-16 17:12:36.395  INFO 1 - [878-exec-10] healenium                        : [Save Elements] Request: By.id(tinymce) 
2025-12-16 17:12:37.476  INFO 1 - [7878-exec-1] healenium                        : [Save Elements] Request: By.id(tinymce) 
2025-12-16 17:12:37.662  INFO 1 - [7878-exec-2] healenium                        : [Save Elements] Request: By.id(mceu_2-button) 
2025-12-16 17:12:37.716  INFO 1 - [7878-exec-3] healenium                        : [Save Elements] Request: By.id(mceu_2-button) 
2025-12-16 17:12:37.924  INFO 1 - [7878-exec-4] healenium                        : [Save Elements] Request: By.xpath(//button[text()='Continuar']) 
2025-12-16 17:12:37.980  INFO 1 - [7878-exec-5] healenium                        : [Save Elements] Request: By.xpath(//button[text()='Continuar']) 
2025-12-16 17:12:38.597  INFO 1 - [7878-exec-6] healenium                        : [Save Elements] Request: By.xpath((//a[@data-original-title="Editar"])[1]) 
2025-12-16 17:12:38.760  INFO 1 - [7878-exec-7] healenium                        : [Save Elements] Request: By.xpath((//a[@data-original-title="Editar"])[1]) 
2025-12-16 17:12:38.824  INFO 1 - [7878-exec-8] healenium                        : [Save Elements] Request: By.xpath((//a[@data-original-title="Editar"])[1]) 
2025-12-16 17:12:39.387  INFO 1 - [7878-exec-9] healenium                        : [Save Elements] Request: By.id(mceu_2-button) 
2025-12-16 17:12:39.452  INFO 1 - [878-exec-10] healenium                        : [Save Elements] Request: By.xpath(//button[text()='Regresar']) 
2025-12-16 17:12:39.584  INFO 1 - [7878-exec-1] healenium                        : [Save Elements] Request: By.xpath(//button[text()='Regresar']) 
2025-12-16 17:12:39.636  INFO 1 - [7878-exec-2] healenium                        : [Save Elements] Request: By.xpath(//button[text()='Regresar']) 
2025-12-16 17:12:40.522  INFO 1 - [7878-exec-3] healenium                        : [Save Elements] Request: By.xpath(//center[text()='Pantallas de términos y condiciones']) 
2025-12-16 17:13:05.722  INFO 1 - [7878-exec-6] healenium                        : [Save Elements] Request: By.id(searchCam) 
2025-12-16 17:13:05.907  INFO 1 - [7878-exec-7] healenium                        : [Save Elements] Request: By.id(searchCam) 
2025-12-16 17:13:06.237  INFO 1 - [7878-exec-8] healenium                        : [Save Elements] Request: By.xpath(//button[@data-original-title="Buscar"]) 
2025-12-16 17:13:06.377  INFO 1 - [7878-exec-9] healenium                        : [Save Elements] Request: By.xpath(//button[@data-original-title="Buscar"]) 
2025-12-16 17:13:06.461  INFO 1 - [878-exec-10] healenium                        : [Save Elements] Request: By.xpath(//button[@data-original-title="Buscar"]) 
2025-12-16 17:13:07.022  INFO 1 - [7878-exec-1] healenium                        : [Save Elements] Request: By.xpath(//img[contains(@id,'camara_')]) 
2025-12-16 17:13:07.185  INFO 1 - [7878-exec-2] healenium                        : [Save Elements] Request: By.xpath(//img[contains(@id,'camara_')]) 
2025-12-16 17:13:07.243  INFO 1 - [7878-exec-3] healenium                        : [Save Elements] Request: By.xpath(//img[contains(@id,'camara_')]) 
2025-12-16 17:13:07.554  INFO 1 - [7878-exec-4] healenium                        : [Save Elements] Request: By.id(mail) 
2025-12-16 17:13:08.214  INFO 1 - [7878-exec-5] healenium                        : [Save Elements] Request: By.id(mail) 
2025-12-16 17:13:08.496  INFO 1 - [7878-exec-6] healenium                        : [Save Elements] Request: By.id(identificacion) 
2025-12-16 17:14:53.939  INFO 1 - [7878-exec-1] healenium                        : [Save Elements] Request: By.id(mail) 
2025-12-16 17:14:54.641  INFO 1 - [7878-exec-2] healenium                        : [Save Elements] Request: By.id(mail) 
2025-12-16 17:14:55.005  INFO 1 - [7878-exec-3] healenium                        : [Save Elements] Request: By.id(identificacion) 
2025-12-16 17:14:55.269  INFO 1 - [7878-exec-4] healenium                        : [Save Elements] Request: By.id(pass) 
2025-12-16 17:14:55.580  INFO 1 - [7878-exec-5] healenium                        : [Save Elements] Request: By.xpath(//button[normalize-space()='Ingresar']) 
2025-12-16 17:14:55.644  INFO 1 - [7878-exec-6] healenium                        : [Save Elements] Request: By.xpath(//button[normalize-space()='Ingresar']) 
2025-12-16 17:14:57.028  INFO 1 - [7878-exec-7] healenium                        : [Save Elements] Request: By.xpath(//div[@id='modalLoader']) 
2025-12-16 17:14:57.186  INFO 1 - [7878-exec-8] healenium                        : [Save Elements] Request: By.xpath(//div[@id='modalLoader']) 
2025-12-16 17:14:57.974  INFO 1 - [7878-exec-9] healenium                        : [Save Elements] Request: By.cssSelector(.rounded.expMenu) 
2025-12-16 17:14:59.205  INFO 1 - [878-exec-10] healenium                        : [Save Elements] Request: By.cssSelector(.rounded.expMenu) 
2025-12-16 17:14:59.267  INFO 1 - [7878-exec-1] healenium                        : [Save Elements] Request: By.cssSelector(.rounded.expMenu) 
2025-12-16 17:14:59.466  INFO 1 - [7878-exec-2] healenium                        : [Save Elements] Request: By.xpath(//div[@id='modalLoader']) 
2025-12-16 17:14:59.707  INFO 1 - [7878-exec-3] healenium                        : [Save Elements] Request: By.xpath(//div[@id='modalLoader']) 
2025-12-16 17:15:01.002  INFO 1 - [7878-exec-4] healenium                        : [Save Elements] Request: By.xpath(//nav[@id='menu' and not(contains(@style,'overflow: auto;'))]/div) 
2025-12-16 17:15:01.140  INFO 1 - [7878-exec-5] healenium                        : [Save Elements] Request: By.xpath(//div[@id='modalLoader']) 
2025-12-16 17:15:23.437  INFO 1 - [7878-exec-6] healenium                        : [Save Elements] Request: By.xpath(//input[@placeholder='Buscar...']) 
2025-12-16 17:15:23.558  INFO 1 - [7878-exec-7] healenium                        : [Save Elements] Request: By.xpath(//input[@placeholder='Buscar...']) 
2025-12-16 17:15:23.782  INFO 1 - [7878-exec-8] healenium                        : [Save Elements] Request: By.xpath(//input[@placeholder='Buscar...']) 
2025-12-16 17:16:24.439  INFO 1 - [7878-exec-6] healenium                        : [Save Elements] Request: By.id(mail) 
2025-12-16 17:16:25.135  INFO 1 - [7878-exec-7] healenium                        : [Save Elements] Request: By.id(mail) 
2025-12-16 17:16:25.413  INFO 1 - [7878-exec-8] healenium                        : [Save Elements] Request: By.id(identificacion) 
2025-12-16 17:16:25.695  INFO 1 - [7878-exec-9] healenium                        : [Save Elements] Request: By.id(pass) 
2025-12-16 17:16:25.967  INFO 1 - [878-exec-10] healenium                        : [Save Elements] Request: By.xpath(//button[normalize-space()='Ingresar']) 
2025-12-16 17:16:26.036  INFO 1 - [7878-exec-1] healenium                        : [Save Elements] Request: By.xpath(//button[normalize-space()='Ingresar']) 
2025-12-16 17:16:27.682  INFO 1 - [7878-exec-2] healenium                        : [Save Elements] Request: By.xpath(//div[@id='modalLoader']) 
2025-12-16 17:16:27.847  INFO 1 - [7878-exec-3] healenium                        : [Save Elements] Request: By.xpath(//div[@id='modalLoader']) 
2025-12-16 17:16:28.605  INFO 1 - [7878-exec-4] healenium                        : [Save Elements] Request: By.cssSelector(.rounded.expMenu) 
2025-12-16 17:16:29.847  INFO 1 - [7878-exec-5] healenium                        : [Save Elements] Request: By.cssSelector(.rounded.expMenu) 
2025-12-16 17:16:29.913  INFO 1 - [7878-exec-6] healenium                        : [Save Elements] Request: By.cssSelector(.rounded.expMenu) 
2025-12-16 17:16:30.179  INFO 1 - [7878-exec-7] healenium                        : [Save Elements] Request: By.xpath(//div[@id='modalLoader']) 
2025-12-16 17:16:30.340  INFO 1 - [7878-exec-8] healenium                        : [Save Elements] Request: By.xpath(//div[@id='modalLoader']) 
2025-12-16 17:16:31.614  INFO 1 - [7878-exec-9] healenium                        : [Save Elements] Request: By.xpath(//nav[@id='menu' and not(contains(@style,'overflow: auto;'))]/div) 
2025-12-16 17:16:31.770  INFO 1 - [878-exec-10] healenium                        : [Save Elements] Request: By.xpath(//div[@id='modalLoader']) 
2025-12-16 17:16:54.048  INFO 1 - [7878-exec-1] healenium                        : [Save Elements] Request: By.xpath(//input[@placeholder='Buscar...']) 
2025-12-16 17:16:54.185  INFO 1 - [7878-exec-2] healenium                        : [Save Elements] Request: By.xpath(//input[@placeholder='Buscar...']) 
2025-12-16 17:16:54.419  INFO 1 - [7878-exec-3] healenium                        : [Save Elements] Request: By.xpath(//input[@placeholder='Buscar...']) 
2025-12-16 17:17:07.728  INFO 1 - [7878-exec-9] healenium                        : [Save Elements] Request: By.id(searchCam) 
2025-12-16 17:17:07.859  INFO 1 - [878-exec-10] healenium                        : [Save Elements] Request: By.id(searchCam) 
2025-12-16 17:17:08.086  INFO 1 - [7878-exec-1] healenium                        : [Save Elements] Request: By.xpath(//button[@data-original-title="Buscar"]) 
2025-12-16 17:17:08.226  INFO 1 - [7878-exec-2] healenium                        : [Save Elements] Request: By.xpath(//button[@data-original-title="Buscar"]) 
2025-12-16 17:17:08.283  INFO 1 - [7878-exec-3] healenium                        : [Save Elements] Request: By.xpath(//button[@data-original-title="Buscar"]) 
2025-12-16 17:17:08.799  INFO 1 - [7878-exec-4] healenium                        : [Save Elements] Request: By.xpath(//img[contains(@id,'camara_')]) 
2025-12-16 17:17:08.934  INFO 1 - [7878-exec-5] healenium                        : [Save Elements] Request: By.xpath(//img[contains(@id,'camara_')]) 
2025-12-16 17:17:08.993  INFO 1 - [7878-exec-6] healenium                        : [Save Elements] Request: By.xpath(//img[contains(@id,'camara_')]) 
2025-12-16 17:17:09.168  INFO 1 - [7878-exec-7] healenium                        : [Save Elements] Request: By.id(mail) 
2025-12-16 17:17:09.831  INFO 1 - [7878-exec-8] healenium                        : [Save Elements] Request: By.id(mail) 
2025-12-16 17:17:10.064  INFO 1 - [7878-exec-9] healenium                        : [Save Elements] Request: By.id(identificacion) 
2025-12-16 17:17:10.199  INFO 1 - [878-exec-10] healenium                        : [Save Elements] Request: By.id(identificacion) 
2025-12-16 17:17:10.448  INFO 1 - [7878-exec-1] healenium                        : [Save Elements] Request: By.id(pass) 
2025-12-16 17:17:10.586  INFO 1 - [7878-exec-2] healenium                        : [Save Elements] Request: By.id(pass) 
2025-12-16 17:17:10.822  INFO 1 - [7878-exec-3] healenium                        : [Save Elements] Request: By.xpath(//*[contains(text(), 'Ingresar')]) 
2025-12-16 17:17:10.973  INFO 1 - [7878-exec-4] healenium                        : [Save Elements] Request: By.xpath(//*[contains(text(), 'Ingresar')]) 
2025-12-16 17:17:11.025  INFO 1 - [7878-exec-5] healenium                        : [Save Elements] Request: By.xpath(//*[contains(text(), 'Ingresar')]) 
2025-12-16 17:17:12.256  INFO 1 - [7878-exec-6] healenium                        : [Save Elements] Request: By.xpath(//div[@id='modalLoader']) 
2025-12-16 17:17:12.394  INFO 1 - [7878-exec-7] healenium                        : [Save Elements] Request: By.xpath(//div[@id='modalLoader']) 
2025-12-16 17:17:13.703  INFO 1 - [7878-exec-8] healenium                        : [Save Elements] Request: By.cssSelector(#expMenu > a > span > i) 
2025-12-16 17:17:13.938  INFO 1 - [7878-exec-9] healenium                        : [Save Elements] Request: By.cssSelector(#expMenu > a > span > i) 
2025-12-16 17:17:14.001  INFO 1 - [878-exec-10] healenium                        : [Save Elements] Request: By.cssSelector(#expMenu > a > span > i) 
2025-12-16 17:17:15.729  INFO 1 - [7878-exec-1] healenium                        : [Save Elements] Request: By.xpath(/html/body/div[1]/main/div[1]/nav/div/div[1]/li/a/div[1]) 
2025-12-16 17:17:15.785  INFO 1 - [7878-exec-2] healenium                        : [Save Elements] Request: By.xpath(/html/body/div[1]/main/div[1]/nav/div/div[1]/li/a/div[1]) 
2025-12-16 17:17:15.981  INFO 1 - [7878-exec-3] healenium                        : [Save Elements] Request: By.xpath(/html/body/div[1]/main/div[1]/nav/div/div[1]/li/div/ul/li/div/li/a/div[1]) 
2025-12-16 17:17:16.053  INFO 1 - [7878-exec-4] healenium                        : [Save Elements] Request: By.xpath(/html/body/div[1]/main/div[1]/nav/div/div[1]/li/div/ul/li/div/li/a/div[1]) 
2025-12-16 17:17:18.287  INFO 1 - [7878-exec-5] healenium                        : [Save Elements] Request: By.id(sidebar-search) 
2025-12-16 17:17:18.421  INFO 1 - [7878-exec-6] healenium                        : [Save Elements] Request: By.id(sidebar-search) 
2025-12-16 17:17:18.705  INFO 1 - [7878-exec-7] healenium                        : [Save Elements] Request: By.xpath(//li[@class='list-group-item list-group-item-action'][1]) 
2025-12-16 17:17:18.761  INFO 1 - [7878-exec-8] healenium                        : [Save Elements] Request: By.xpath(//li[@class='list-group-item list-group-item-action'][1]) 
2025-12-16 17:17:33.480  INFO 1 - [7878-exec-3] healenium                        : [Save Elements] Request: By.id(searchCam) 
2025-12-16 17:17:33.622  INFO 1 - [7878-exec-4] healenium                        : [Save Elements] Request: By.id(searchCam) 
2025-12-16 17:17:33.685  INFO 1 - [7878-exec-5] healenium                        : [Save Elements] Request: By.id(searchCam) 
2025-12-16 17:17:35.899  INFO 1 - [7878-exec-6] healenium                        : [Save Elements] Request: By.id(camara_20) 
2025-12-16 17:17:36.038  INFO 1 - [7878-exec-7] healenium                        : [Save Elements] Request: By.id(camara_20) 
2025-12-16 17:17:36.268  INFO 1 - [7878-exec-8] healenium                        : [Save Elements] Request: By.id(mail) 
2025-12-16 17:17:36.720  INFO 1 - [7878-exec-9] healenium                        : [Save Elements] Request: By.id(mail) 
2025-12-16 17:17:36.872  INFO 1 - [878-exec-10] healenium                        : [Save Elements] Request: By.id(identificacion) 
2025-12-16 17:17:36.942  INFO 1 - [7878-exec-1] healenium                        : [Save Elements] Request: By.id(identificacion) 
2025-12-16 17:17:37.098  INFO 1 - [7878-exec-2] healenium                        : [Save Elements] Request: By.id(pass) 
2025-12-16 17:17:37.200  INFO 1 - [7878-exec-3] healenium                        : [Save Elements] Request: By.id(pass) 
2025-12-16 17:17:37.361  INFO 1 - [7878-exec-4] healenium                        : [Save Elements] Request: By.xpath(//button[text()='Ingresar']) 
2025-12-16 17:17:38.763  INFO 1 - [7878-exec-5] healenium                        : [Save Elements] Request: By.xpath(//div[@class="loaderOnload"]) 
2025-12-16 17:17:46.071  INFO 1 - [7878-exec-6] healenium                        : [Save Elements] Request: By.id(criterio) 
2025-12-16 17:17:49.234  INFO 1 - [7878-exec-7] healenium                        : [Save Elements] Request: By.xpath(//div[@id='modalLoader']) 
2025-12-16 17:18:11.559  INFO 1 - [7878-exec-9] healenium                        : [Save Elements] Request: By.cssSelector(.rounded.expMenu) 
2025-12-16 17:18:11.617  INFO 1 - [878-exec-10] healenium                        : [Save Elements] Request: By.cssSelector(.rounded.expMenu) 
2025-12-16 17:18:14.930  INFO 1 - [7878-exec-1] healenium                        : [Save Elements] Request: By.id(sidebar-search) 
2025-12-16 17:18:14.998  INFO 1 - [7878-exec-2] healenium                        : [Save Elements] Request: By.id(sidebar-search) 
2025-12-16 17:18:15.232  INFO 1 - [7878-exec-3] healenium                        : [Save Elements] Request: By.xpath(//*[@id="resultados-search-div"]/ul/li[2]/a) 
2025-12-16 17:18:15.615  INFO 1 - [7878-exec-4] healenium                        : [Save Elements] Request: By.id(selectS) 
2025-12-16 17:18:15.806  INFO 1 - [7878-exec-5] healenium                        : [Save Elements] Request: By.xpath(.//option[normalize-space(.) = "Matricula"]) 
2025-12-16 17:18:16.050  INFO 1 - [7878-exec-6] healenium                        : [Save Elements] Request: By.id(criterio) 
2025-12-16 17:18:16.152  INFO 1 - [7878-exec-7] healenium                        : [Save Elements] Request: By.id(criterio) 
2025-12-16 17:18:16.377  INFO 1 - [7878-exec-8] healenium                        : [Save Elements] Request: By.xpath(//*[@id="consultaExpediente"]/div/div[3]/button[1]) 
2025-12-16 17:18:17.851  INFO 1 - [7878-exec-9] healenium                        : [Save Elements] Request: By.xpath(//*[@id="tablaConsultaExpedientes"]/tbody/tr[1]/td[1]/a) 
2025-12-16 17:18:18.596  INFO 1 - [878-exec-10] healenium                        : [Save Elements] Request: By.xpath(//div[text()='Trámites del Registro de Proponente']) 
2025-12-16 17:18:19.114  INFO 1 - [7878-exec-1] healenium                        : [Save Elements] Request: By.xpath(//a[@data-original-title="Inscripción como proponente"]) 
2025-12-16 17:18:19.507  INFO 1 - [7878-exec-2] healenium                        : [Save Elements] Request: By.xpath(//*[@id="seleccionIdentificacion"]/div[2]/button[2]) 
2025-12-16 17:18:21.915  INFO 1 - [7878-exec-3] healenium                        : [Save Elements] Request: By.xpath(//a[@data-original-title="Iniciar trámite"]) 
2025-12-16 17:18:27.239  INFO 1 - [7878-exec-4] healenium                        : [Save Elements] Request: By.xpath(//a[text()='Formulario']) 
2025-12-16 17:18:27.347  INFO 1 - [7878-exec-5] healenium                        : [Save Elements] Request: By.xpath(//a[text()='Formulario']) 
2025-12-16 17:18:27.517  INFO 1 - [7878-exec-6] healenium                        : [Save Elements] Request: By.id(modalLoader) 
2025-12-16 17:18:30.209  INFO 1 - [7878-exec-7] healenium                        : [Save Elements] Request: By.id(_rproGen_tamanoempresa) 
2025-12-16 17:18:30.383  INFO 1 - [7878-exec-8] healenium                        : [Save Elements] Request: By.id(_rproGen_tamanoempresa) 
2025-12-16 17:18:30.467  INFO 1 - [7878-exec-9] healenium                        : [Save Elements] Request: By.xpath(.//option[normalize-space(.) = "MICROEMPRESA"]) 
2025-12-16 17:18:30.720  INFO 1 - [878-exec-10] healenium                        : [Save Elements] Request: By.xpath(//a[@id="btnGrabarDatosBasicos"]) 
2025-12-16 17:18:30.928  INFO 1 - [7878-exec-1] healenium                        : [Save Elements] Request: By.xpath(//div[@id='modalLoader']) 
2025-12-16 17:18:31.179  INFO 1 - [7878-exec-2] healenium                        : [Save Elements] Request: By.xpath(//div[@id='modalLoader']) 
2025-12-16 17:18:32.978  INFO 1 - [7878-exec-3] healenium                        : [Save Elements] Request: By.xpath(//div[@class='modal-footer']//button[text()='OK']) 
2025-12-16 17:18:33.222  INFO 1 - [7878-exec-4] healenium                        : [Save Elements] Request: By.xpath((//table//a)[1]) 
2025-12-16 17:18:33.525  INFO 1 - [7878-exec-5] healenium                        : [Save Elements] Request: By.id(_numdoc) 
2025-12-16 17:18:33.790  INFO 1 - [7878-exec-6] healenium                        : [Save Elements] Request: By.id(_numdoc) 
2025-12-16 17:18:33.881  INFO 1 - [7878-exec-7] healenium                        : [Save Elements] Request: By.id(_numdoc) 
2025-12-16 17:18:34.079  INFO 1 - [7878-exec-8] healenium                        : [Save Elements] Request: By.id(_fechadoc) 
2025-12-16 17:18:34.142  INFO 1 - [7878-exec-9] healenium                        : [Save Elements] Request: By.id(_fechadoc) 
2025-12-16 17:18:34.298  INFO 1 - [878-exec-10] healenium                        : [Save Elements] Request: By.id(_origendoc) 
2025-12-16 17:18:34.361  INFO 1 - [7878-exec-1] healenium                        : [Save Elements] Request: By.id(_origendoc) 
2025-12-16 17:18:34.525  INFO 1 - [7878-exec-2] healenium                        : [Save Elements] Request: By.id(userfile) 
2025-12-16 17:18:34.583  INFO 1 - [7878-exec-3] healenium                        : [Save Elements] Request: By.id(userfile) 
2025-12-16 17:18:34.702  INFO 1 - [7878-exec-4] healenium                        : [Save Elements] Request: By.id(guardarAnexo) 
2025-12-16 17:18:37.925  INFO 1 - [7878-exec-5] healenium                        : [Save Elements] Request: By.xpath(//div[@class='modal-footer']//button[text()='OK']) 
2025-12-16 17:18:43.231  INFO 1 - [7878-exec-6] healenium                        : [Save Elements] Request: By.xpath(//div[@id='modalLoader']) 
2025-12-16 17:19:05.574  INFO 1 - [7878-exec-7] healenium                        : [Save Elements] Request: By.xpath(//a[@href="#step-2"]) 
2025-12-16 17:19:05.714  INFO 1 - [7878-exec-8] healenium                        : [Save Elements] Request: By.id(_rproGen_enviarnot) 
2025-12-16 17:19:05.857  INFO 1 - [7878-exec-9] healenium                        : [Save Elements] Request: By.id(_rproGen_enviarnot) 
2025-12-16 17:19:05.909  INFO 1 - [878-exec-10] healenium                        : [Save Elements] Request: By.xpath(.//option[normalize-space(.) = "SI"]) 
2025-12-16 17:19:06.105  INFO 1 - [7878-exec-1] healenium                        : [Save Elements] Request: By.xpath(//a[@id="btnGrabarUbicacion"]) 
2025-12-16 17:19:06.258  INFO 1 - [7878-exec-2] healenium                        : [Save Elements] Request: By.xpath(//div[@id='modalLoader']) 
2025-12-16 17:19:06.500  INFO 1 - [7878-exec-3] healenium                        : [Save Elements] Request: By.xpath(//div[@id='modalLoader']) 
2025-12-16 17:19:10.396  INFO 1 - [7878-exec-4] healenium                        : [Save Elements] Request: By.xpath(//div[@class='modal-footer']//button[text()='OK']) 
2025-12-16 17:19:43.299  INFO 1 - [7878-exec-8] healenium                        : [Save Elements] Request: By.id(searchCam) 
2025-12-16 17:19:43.412  INFO 1 - [7878-exec-9] healenium                        : [Save Elements] Request: By.id(searchCam) 
2025-12-16 17:19:43.577  INFO 1 - [878-exec-10] healenium                        : [Save Elements] Request: By.xpath(//button[@data-original-title="Buscar"]) 
2025-12-16 17:19:43.696  INFO 1 - [7878-exec-1] healenium                        : [Save Elements] Request: By.xpath(//button[@data-original-title="Buscar"]) 
2025-12-16 17:19:43.737  INFO 1 - [7878-exec-2] healenium                        : [Save Elements] Request: By.xpath(//button[@data-original-title="Buscar"]) 
2025-12-16 17:19:44.205  INFO 1 - [7878-exec-3] healenium                        : [Save Elements] Request: By.xpath(//img[contains(@id,'camara_')]) 
2025-12-16 17:19:44.320  INFO 1 - [7878-exec-4] healenium                        : [Save Elements] Request: By.xpath(//img[contains(@id,'camara_')]) 
2025-12-16 17:19:44.375  INFO 1 - [7878-exec-5] healenium                        : [Save Elements] Request: By.xpath(//img[contains(@id,'camara_')]) 
2025-12-16 17:19:44.532  INFO 1 - [7878-exec-6] healenium                        : [Save Elements] Request: By.id(mail) 
2025-12-16 17:19:45.227  INFO 1 - [7878-exec-7] healenium                        : [Save Elements] Request: By.id(mail) 
2025-12-16 17:19:45.493  INFO 1 - [7878-exec-8] healenium                        : [Save Elements] Request: By.id(identificacion) 
2025-12-16 17:19:45.605  INFO 1 - [7878-exec-9] healenium                        : [Save Elements] Request: By.id(identificacion) 
2025-12-16 17:19:45.792  INFO 1 - [878-exec-10] healenium                        : [Save Elements] Request: By.id(pass) 
2025-12-16 17:19:45.907  INFO 1 - [7878-exec-1] healenium                        : [Save Elements] Request: By.id(pass) 
2025-12-16 17:19:46.130  INFO 1 - [7878-exec-2] healenium                        : [Save Elements] Request: By.xpath(//*[contains(text(), 'Ingresar')]) 
2025-12-16 17:19:46.254  INFO 1 - [7878-exec-3] healenium                        : [Save Elements] Request: By.xpath(//*[contains(text(), 'Ingresar')]) 
2025-12-16 17:19:46.313  INFO 1 - [7878-exec-4] healenium                        : [Save Elements] Request: By.xpath(//*[contains(text(), 'Ingresar')]) 
2025-12-16 17:19:48.272  INFO 1 - [7878-exec-5] healenium                        : [Save Elements] Request: By.id(selectS) 
2025-12-16 17:19:48.377  INFO 1 - [7878-exec-6] healenium                        : [Save Elements] Request: By.id(selectS) 
2025-12-16 17:19:48.525  INFO 1 - [7878-exec-7] healenium                        : [Save Elements] Request: By.id(selectS) 
2025-12-16 17:19:48.589  INFO 1 - [7878-exec-8] healenium                        : [Save Elements] Request: By.xpath(.//option[normalize-space(.) = "Matricula"]) 
2025-12-16 17:19:48.828  INFO 1 - [7878-exec-9] healenium                        : [Save Elements] Request: By.id(criterio) 
2025-12-16 17:19:49.000  INFO 1 - [878-exec-10] healenium                        : [Save Elements] Request: By.id(criterio) 
2025-12-16 17:19:49.358  INFO 1 - [7878-exec-1] healenium                        : [Save Elements] Request: By.xpath(//*[contains(text(), ' Continuar')]) 
2025-12-16 17:19:49.480  INFO 1 - [7878-exec-2] healenium                        : [Save Elements] Request: By.xpath(//*[contains(text(), ' Continuar')]) 
2025-12-16 17:19:49.658  INFO 1 - [7878-exec-3] healenium                        : [Save Elements] Request: By.xpath(//*[contains(text(), ' Continuar')]) 
2025-12-16 17:19:49.710  INFO 1 - [7878-exec-4] healenium                        : [Save Elements] Request: By.xpath(//*[contains(text(), ' Continuar')]) 
2025-12-16 17:19:50.832  INFO 1 - [7878-exec-5] healenium                        : [Save Elements] Request: By.xpath((//i[@data-original-title="Acciones Disponibles"])[1]) 
2025-12-16 17:19:51.115  INFO 1 - [7878-exec-6] healenium                        : [Save Elements] Request: By.xpath((//i[@data-original-title="Acciones Disponibles"])[1]) 
2025-12-16 17:19:51.273  INFO 1 - [7878-exec-7] healenium                        : [Save Elements] Request: By.xpath((//i[@data-original-title="Acciones Disponibles"])[1]) 
2025-12-16 17:19:51.847  INFO 1 - [7878-exec-8] healenium                        : [Save Elements] Request: By.xpath(//*[text()='Trámites del Registro Mercantil y de ESADL']) 
2025-12-16 17:19:52.547  INFO 1 - [7878-exec-9] healenium                        : [Save Elements] Request: By.xpath(//*[text()='Trámites del Registro Mercantil y de ESADL']) 
2025-12-16 17:19:52.620  INFO 1 - [878-exec-10] healenium                        : [Save Elements] Request: By.xpath(//*[text()='Trámites del Registro Mercantil y de ESADL']) 
2025-12-16 17:19:52.881  INFO 1 - [7878-exec-1] healenium                        : [Save Elements] Request: By.xpath(//a[@data-original-title='Inscripciones de documentos']) 
2025-12-16 17:19:53.165  INFO 1 - [7878-exec-2] healenium                        : [Save Elements] Request: By.xpath(//a[@data-original-title='Inscripciones de documentos']) 
2025-12-16 17:19:53.243  INFO 1 - [7878-exec-3] healenium                        : [Save Elements] Request: By.xpath(//a[@data-original-title='Inscripciones de documentos']) 
2025-12-16 17:19:58.205  INFO 1 - [7878-exec-4] healenium                        : [Save Elements] Request: By.id(submit) 
2025-12-16 17:19:58.355  INFO 1 - [7878-exec-5] healenium                        : [Save Elements] Request: By.id(submit) 
2025-12-16 17:19:58.416  INFO 1 - [7878-exec-6] healenium                        : [Save Elements] Request: By.id(submit) 
2025-12-16 17:23:53.487  INFO 1 - [7878-exec-2] healenium                        : [Save Elements] Request: By.id(mail) 
2025-12-16 17:23:54.146  INFO 1 - [7878-exec-3] healenium                        : [Save Elements] Request: By.id(mail) 
2025-12-16 17:23:54.389  INFO 1 - [7878-exec-4] healenium                        : [Save Elements] Request: By.id(identificacion) 
2025-12-16 17:23:54.627  INFO 1 - [7878-exec-5] healenium                        : [Save Elements] Request: By.id(pass) 
2025-12-16 17:23:54.884  INFO 1 - [7878-exec-6] healenium                        : [Save Elements] Request: By.xpath(//button[normalize-space()='Ingresar']) 
2025-12-16 17:23:54.944  INFO 1 - [7878-exec-7] healenium                        : [Save Elements] Request: By.xpath(//button[normalize-space()='Ingresar']) 
2025-12-16 17:23:57.366  INFO 1 - [7878-exec-8] healenium                        : [Save Elements] Request: By.xpath(//div[@id='modalLoader']) 
2025-12-16 17:24:19.633  INFO 1 - [7878-exec-9] healenium                        : [Save Elements] Request: By.cssSelector(.rounded.expMenu) 
2025-12-16 17:24:20.838  INFO 1 - [878-exec-10] healenium                        : [Save Elements] Request: By.cssSelector(.rounded.expMenu) 
2025-12-16 17:24:20.898  INFO 1 - [7878-exec-1] healenium                        : [Save Elements] Request: By.cssSelector(.rounded.expMenu) 
2025-12-16 17:24:21.115  INFO 1 - [7878-exec-2] healenium                        : [Save Elements] Request: By.xpath(//div[@id='modalLoader']) 
2025-12-16 17:24:21.268  INFO 1 - [7878-exec-3] healenium                        : [Save Elements] Request: By.xpath(//div[@id='modalLoader']) 
2025-12-16 17:24:23.050  INFO 1 - [7878-exec-4] healenium                        : [Save Elements] Request: By.xpath(//nav[@id='menu' and not(contains(@style,'overflow: auto;'))]/div) 
2025-12-16 17:24:23.195  INFO 1 - [7878-exec-5] healenium                        : [Save Elements] Request: By.xpath(//div[@id='modalLoader']) 
2025-12-16 17:24:45.442  INFO 1 - [7878-exec-6] healenium                        : [Save Elements] Request: By.xpath(//input[@placeholder='Buscar...']) 
2025-12-16 17:24:45.569  INFO 1 - [7878-exec-7] healenium                        : [Save Elements] Request: By.xpath(//input[@placeholder='Buscar...']) 
2025-12-16 17:24:45.774  INFO 1 - [7878-exec-8] healenium                        : [Save Elements] Request: By.xpath(//input[@placeholder='Buscar...']) 
2025-12-16 17:25:45.455  INFO 1 - [7878-exec-6] healenium                        : [Save Elements] Request: By.id(mail) 
2025-12-16 17:25:46.123  INFO 1 - [7878-exec-7] healenium                        : [Save Elements] Request: By.id(mail) 
2025-12-16 17:25:46.410  INFO 1 - [7878-exec-8] healenium                        : [Save Elements] Request: By.id(identificacion) 
2025-12-16 17:25:46.587  INFO 1 - [7878-exec-9] healenium                        : [Save Elements] Request: By.id(pass) 
2025-12-16 17:25:46.804  INFO 1 - [878-exec-10] healenium                        : [Save Elements] Request: By.xpath(//button[normalize-space()='Ingresar']) 
2025-12-16 17:25:46.865  INFO 1 - [7878-exec-1] healenium                        : [Save Elements] Request: By.xpath(//button[normalize-space()='Ingresar']) 
2025-12-16 17:25:48.150  INFO 1 - [7878-exec-2] healenium                        : [Save Elements] Request: By.xpath(//div[@id='modalLoader']) 
2025-12-16 17:25:48.266  INFO 1 - [7878-exec-3] healenium                        : [Save Elements] Request: By.xpath(//div[@id='modalLoader']) 
2025-12-16 17:25:49.487  INFO 1 - [7878-exec-4] healenium                        : [Save Elements] Request: By.cssSelector(.rounded.expMenu) 
2025-12-16 17:25:50.687  INFO 1 - [7878-exec-5] healenium                        : [Save Elements] Request: By.cssSelector(.rounded.expMenu) 
2025-12-16 17:25:50.724  INFO 1 - [7878-exec-6] healenium                        : [Save Elements] Request: By.cssSelector(.rounded.expMenu) 
2025-12-16 17:25:50.898  INFO 1 - [7878-exec-7] healenium                        : [Save Elements] Request: By.xpath(//div[@id='modalLoader']) 
2025-12-16 17:25:51.131  INFO 1 - [7878-exec-8] healenium                        : [Save Elements] Request: By.xpath(//div[@id='modalLoader']) 
2025-12-16 17:25:52.361  INFO 1 - [7878-exec-9] healenium                        : [Save Elements] Request: By.xpath(//nav[@id='menu' and not(contains(@style,'overflow: auto;'))]/div) 
2025-12-16 17:25:52.483  INFO 1 - [878-exec-10] healenium                        : [Save Elements] Request: By.xpath(//div[@id='modalLoader']) 
2025-12-16 17:26:14.806  INFO 1 - [7878-exec-1] healenium                        : [Save Elements] Request: By.xpath(//input[@placeholder='Buscar...']) 
2025-12-16 17:26:14.915  INFO 1 - [7878-exec-2] healenium                        : [Save Elements] Request: By.xpath(//input[@placeholder='Buscar...']) 
2025-12-16 17:26:15.093  INFO 1 - [7878-exec-3] healenium                        : [Save Elements] Request: By.xpath(//input[@placeholder='Buscar...']) 
2025-12-16 17:26:28.113  INFO 1 - [7878-exec-9] healenium                        : [Save Elements] Request: By.id(searchCam) 
2025-12-16 17:26:28.253  INFO 1 - [878-exec-10] healenium                        : [Save Elements] Request: By.id(searchCam) 
2025-12-16 17:26:28.320  INFO 1 - [7878-exec-1] healenium                        : [Save Elements] Request: By.id(searchCam) 
2025-12-16 17:26:30.487  INFO 1 - [7878-exec-2] healenium                        : [Save Elements] Request: By.id(camara_20) 
2025-12-16 17:26:30.588  INFO 1 - [7878-exec-3] healenium                        : [Save Elements] Request: By.id(camara_20) 
2025-12-16 17:26:30.860  INFO 1 - [7878-exec-4] healenium                        : [Save Elements] Request: By.id(mail) 
2025-12-16 17:26:31.307  INFO 1 - [7878-exec-5] healenium                        : [Save Elements] Request: By.id(mail) 
2025-12-16 17:26:31.452  INFO 1 - [7878-exec-6] healenium                        : [Save Elements] Request: By.id(identificacion) 
2025-12-16 17:26:31.505  INFO 1 - [7878-exec-7] healenium                        : [Save Elements] Request: By.id(identificacion) 
2025-12-16 17:26:31.667  INFO 1 - [7878-exec-8] healenium                        : [Save Elements] Request: By.id(pass) 
2025-12-16 17:26:31.720  INFO 1 - [7878-exec-9] healenium                        : [Save Elements] Request: By.id(pass) 
2025-12-16 17:26:31.890  INFO 1 - [878-exec-10] healenium                        : [Save Elements] Request: By.xpath(//button[text()='Ingresar']) 
2025-12-16 17:26:33.133  INFO 1 - [7878-exec-1] healenium                        : [Save Elements] Request: By.xpath(//div[@class="loaderOnload"]) 
2025-12-16 17:26:40.439  INFO 1 - [7878-exec-2] healenium                        : [Save Elements] Request: By.id(criterio) 
2025-12-16 17:26:43.264  INFO 1 - [7878-exec-3] healenium                        : [Save Elements] Request: By.cssSelector(.rounded.expMenu) 
2025-12-16 17:26:43.400  INFO 1 - [7878-exec-4] healenium                        : [Save Elements] Request: By.cssSelector(.rounded.expMenu) 
2025-12-16 17:26:43.455  INFO 1 - [7878-exec-5] healenium                        : [Save Elements] Request: By.cssSelector(.rounded.expMenu) 
2025-12-16 17:26:44.030  INFO 1 - [7878-exec-6] healenium                        : [Save Elements] Request: By.xpath((//*[contains(text(), 'CONSULTAS Y TRANSACCIONES')])[2]) 
2025-12-16 17:26:44.151  INFO 1 - [7878-exec-7] healenium                        : [Save Elements] Request: By.xpath((//*[contains(text(), 'CONSULTAS Y TRANSACCIONES')])[2]) 
2025-12-16 17:26:44.300  INFO 1 - [7878-exec-8] healenium                        : [Save Elements] Request: By.xpath((//*[contains(text(), 'CONSULTAS Y TRANSACCIONES')])[2]) 
2025-12-16 17:26:44.367  INFO 1 - [7878-exec-9] healenium                        : [Save Elements] Request: By.xpath((//*[contains(text(), 'CONSULTAS Y TRANSACCIONES')])[2]) 
2025-12-16 17:26:44.589  INFO 1 - [878-exec-10] healenium                        : [Save Elements] Request: By.xpath((//*[contains(text(), 'Consultas registros públicos')])[2]) 
2025-12-16 17:26:44.783  INFO 1 - [7878-exec-1] healenium                        : [Save Elements] Request: By.xpath((//*[contains(text(), 'Consultas registros públicos')])[2]) 
2025-12-16 17:26:44.844  INFO 1 - [7878-exec-2] healenium                        : [Save Elements] Request: By.xpath((//*[contains(text(), 'Consultas registros públicos')])[2]) 
2025-12-16 17:26:45.049  INFO 1 - [7878-exec-3] healenium                        : [Save Elements] Request: By.xpath((//*[text()='Expedientes'])[2]) 
2025-12-16 17:26:45.203  INFO 1 - [7878-exec-4] healenium                        : [Save Elements] Request: By.xpath((//*[text()='Expedientes'])[2]) 
2025-12-16 17:26:45.260  INFO 1 - [7878-exec-5] healenium                        : [Save Elements] Request: By.xpath((//*[text()='Expedientes'])[2]) 
2025-12-16 17:26:45.419  INFO 1 - [7878-exec-6] healenium                        : [Save Elements] Request: By.id(selectS) 
2025-12-16 17:26:45.542  INFO 1 - [7878-exec-7] healenium                        : [Save Elements] Request: By.id(selectS) 
2025-12-16 17:26:45.586  INFO 1 - [7878-exec-8] healenium                        : [Save Elements] Request: By.xpath(.//option[normalize-space(.) = "Matricula"]) 
2025-12-16 17:26:45.766  INFO 1 - [7878-exec-9] healenium                        : [Save Elements] Request: By.id(selectS) 
2025-12-16 17:26:45.863  INFO 1 - [878-exec-10] healenium                        : [Save Elements] Request: By.id(criterio) 
2025-12-16 17:26:46.034  INFO 1 - [7878-exec-1] healenium                        : [Save Elements] Request: By.xpath(//button[contains(text(), 'Continuar')]) 
2025-12-16 17:26:46.139  INFO 1 - [7878-exec-2] healenium                        : [Save Elements] Request: By.xpath(//button[contains(text(), 'Continuar')]) 
2025-12-16 17:26:46.185  INFO 1 - [7878-exec-3] healenium                        : [Save Elements] Request: By.xpath(//button[contains(text(), 'Continuar')]) 
2025-12-16 17:26:47.381  INFO 1 - [7878-exec-4] healenium                        : [Save Elements] Request: By.xpath((//i[@data-original-title="Acciones Disponibles"])[1]) 
2025-12-16 17:26:47.608  INFO 1 - [7878-exec-5] healenium                        : [Save Elements] Request: By.xpath((//i[@data-original-title="Acciones Disponibles"])[1]) 
2025-12-16 17:26:47.749  INFO 1 - [7878-exec-6] healenium                        : [Save Elements] Request: By.xpath((//i[@data-original-title="Acciones Disponibles"])[1]) 
2025-12-16 17:26:48.303  INFO 1 - [7878-exec-7] healenium                        : [Save Elements] Request: By.xpath(//*[text()='Trámites del Registro Mercantil y de ESADL']) 
2025-12-16 17:26:48.992  INFO 1 - [7878-exec-8] healenium                        : [Save Elements] Request: By.xpath(//*[text()='Trámites del Registro Mercantil y de ESADL']) 
2025-12-16 17:26:49.051  INFO 1 - [7878-exec-9] healenium                        : [Save Elements] Request: By.xpath(//*[text()='Trámites del Registro Mercantil y de ESADL']) 
2025-12-16 17:26:49.234  INFO 1 - [878-exec-10] healenium                        : [Save Elements] Request: By.xpath(//a[@data-original-title="Actualización de datos (mutación)"]) 
2025-12-16 17:26:49.350  INFO 1 - [7878-exec-1] healenium                        : [Save Elements] Request: By.xpath(//a[@data-original-title="Actualización de datos (mutación)"]) 
2025-12-16 17:26:49.884  INFO 1 - [7878-exec-2] healenium                        : [Save Elements] Request: By.xpath(//label[@class="form-check-label"]) 
2025-12-16 17:26:50.108  INFO 1 - [7878-exec-3] healenium                        : [Save Elements] Request: By.xpath(//button[text()='Continuar']) 
2025-12-16 17:26:50.201  INFO 1 - [7878-exec-4] healenium                        : [Save Elements] Request: By.xpath(//button[text()='Continuar']) 
2025-12-16 17:26:57.886  INFO 1 - [7878-exec-8] healenium                        : [Save Elements] Request: By.cssSelector(button[class='swal2-confirm swal2-styled']) 
2025-12-16 17:26:57.998  INFO 1 - [7878-exec-9] healenium                        : [Save Elements] Request: By.cssSelector(button[class='swal2-confirm swal2-styled']) 
2025-12-16 17:26:58.042  INFO 1 - [878-exec-10] healenium                        : [Save Elements] Request: By.cssSelector(button[class='swal2-confirm swal2-styled']) 
2025-12-16 17:27:02.218  INFO 1 - [7878-exec-1] healenium                        : [Save Elements] Request: By.id(dircom) 
2025-12-16 17:27:02.294  INFO 1 - [7878-exec-2] healenium                        : [Save Elements] Request: By.id(dircom) 
2025-12-16 17:27:02.429  INFO 1 - [7878-exec-3] healenium                        : [Save Elements] Request: By.id(telcom2) 
2025-12-16 17:27:02.503  INFO 1 - [7878-exec-4] healenium                        : [Save Elements] Request: By.id(telcom2) 
2025-12-16 17:27:02.659  INFO 1 - [7878-exec-5] healenium                        : [Save Elements] Request: By.xpath(//a[text()='Continuar']) 
2025-12-16 17:27:02.744  INFO 1 - [7878-exec-6] healenium                        : [Save Elements] Request: By.xpath(//a[text()='Continuar']) 
2025-12-16 17:27:02.820  INFO 1 - [7878-exec-7] healenium                        : [Save Elements] Request: By.xpath(//a[text()='Continuar']) 
2025-12-16 17:27:02.940  INFO 1 - [7878-exec-8] healenium                        : [Save Elements] Request: By.id(modalLoader) 
2025-12-16 17:27:03.033  INFO 1 - [7878-exec-9] healenium                        : [Save Elements] Request: By.xpath(//small[@id="recuperacion"]) 
2025-12-16 17:27:03.151  INFO 1 - [878-exec-10] healenium                        : [Save Elements] Request: By.xpath(//small[@id="recuperacion"]) 
2025-12-16 17:27:03.235  INFO 1 - [7878-exec-1] healenium                        : [Save Elements] Request: By.xpath(//div[@id='modalLoader']) 
2025-12-16 17:27:28.598  INFO 1 - [7878-exec-2] healenium                        : [Save Elements] Request: By.id(sidebar-search) 
2025-12-16 17:27:28.649  INFO 1 - [7878-exec-3] healenium                        : [Save Elements] Request: By.id(sidebar-search) 
2025-12-16 17:27:28.859  INFO 1 - [7878-exec-4] healenium                        : [Save Elements] Request: By.xpath(/html/body/div[1]/main/div[1]/span/ul/li[1]/a) 
2025-12-16 17:27:29.110  INFO 1 - [7878-exec-5] healenium                        : [Save Elements] Request: By.id(home-numerorecuperacion) 
2025-12-16 17:27:29.200  INFO 1 - [7878-exec-6] healenium                        : [Save Elements] Request: By.id(home-numerorecuperacion) 
2025-12-16 17:27:29.305  INFO 1 - [7878-exec-7] healenium                        : [Save Elements] Request: By.id(numRec) 
2025-12-16 17:27:29.437  INFO 1 - [7878-exec-8] healenium                        : [Save Elements] Request: By.id(numRec) 
2025-12-16 17:27:32.847  INFO 1 - [7878-exec-9] healenium                        : [Save Elements] Request: By.xpath((//*[contains(text(), ' Continuar')])[2]) 
2025-12-16 17:27:36.015  INFO 1 - [878-exec-10] healenium                        : [Save Elements] Request: By.xpath((//*[contains(text(), ' Continuar')])[2]) 
2025-12-16 17:27:37.612  INFO 1 - [7878-exec-1] healenium                        : [Save Elements] Request: By.cssSelector(button[class='swal2-confirm swal2-styled']) 
2025-12-16 17:27:40.882  INFO 1 - [7878-exec-2] healenium                        : [Save Elements] Request: By.cssSelector(button[class='swal2-confirm swal2-styled']) 
2025-12-16 17:27:40.945  INFO 1 - [7878-exec-3] healenium                        : [Save Elements] Request: By.cssSelector(button[class='swal2-confirm swal2-styled']) 
2025-12-16 17:27:41.161  INFO 1 - [7878-exec-4] healenium                        : [Save Elements] Request: By.id(btnLiquidar) 
2025-12-16 17:27:44.376  INFO 1 - [7878-exec-5] healenium                        : [Save Elements] Request: By.id(btnLiquidar) 
2025-12-16 17:27:47.584  INFO 1 - [7878-exec-6] healenium                        : [Save Elements] Request: By.id(btnLiquidar) 
2025-12-16 17:27:51.948  INFO 1 - [7878-exec-8] healenium                        : [Save Elements] Request: By.id(btnFmanuscrita) 
2025-12-16 17:27:55.106  INFO 1 - [7878-exec-9] healenium                        : [Save Elements] Request: By.id(btnFmanuscrita) 
2025-12-16 17:27:58.266  INFO 1 - [878-exec-10] healenium                        : [Save Elements] Request: By.id(btnFmanuscrita) 
2025-12-16 17:27:58.872  INFO 1 - [7878-exec-1] healenium                        : [Save Elements] Request: By.id(celular) 
2025-12-16 17:28:03.122  INFO 1 - [7878-exec-2] healenium                        : [Save Elements] Request: By.id(celular) 
2025-12-16 17:28:06.326  INFO 1 - [7878-exec-3] healenium                        : [Save Elements] Request: By.id(celular) 
2025-12-16 17:28:06.501  INFO 1 - [7878-exec-4] healenium                        : [Save Elements] Request: By.xpath((//button[@type='button'])[6]) 
2025-12-16 17:28:09.700  INFO 1 - [7878-exec-5] healenium                        : [Save Elements] Request: By.xpath((//button[@type='button'])[6]) 
2025-12-16 17:28:09.825  INFO 1 - [7878-exec-6] healenium                        : [Save Elements] Request: By.xpath((//button[@type='button'])[5]) 
2025-12-16 17:28:13.013  INFO 1 - [7878-exec-7] healenium                        : [Save Elements] Request: By.xpath((//button[@type='button'])[5]) 
2025-12-16 17:28:13.113  INFO 1 - [7878-exec-8] healenium                        : [Save Elements] Request: By.xpath((//button[@type='submit'])[1]) 
2025-12-16 17:28:16.288  INFO 1 - [7878-exec-9] healenium                        : [Save Elements] Request: By.xpath((//button[@type='submit'])[1]) 
2025-12-16 17:28:19.492  INFO 1 - [878-exec-10] healenium                        : [Save Elements] Request: By.xpath(//img[@alt="FirmaQR"]) 
2025-12-16 17:28:19.555  INFO 1 - [7878-exec-1] healenium                        : [Save Elements] Request: By.xpath(//img[@alt="FirmaQR"]) 
2025-12-16 17:28:19.617  INFO 1 - [7878-exec-2] healenium                        : [Save Elements] Request: By.xpath(//img[@alt="FirmaQR"]) 
2025-12-16 17:28:33.301  INFO 1 - [7878-exec-3] healenium                        : [Save Elements] Request: By.xpath(//form[@id="formularioFirmaManuscrita"]//canvas) 
2025-12-16 17:28:34.321  INFO 1 - [7878-exec-4] healenium                        : [Save Elements] Request: By.xpath(//*[contains(text(), ' Guardar firma')]) 
2025-12-16 17:28:37.530  INFO 1 - [7878-exec-5] healenium                        : [Save Elements] Request: By.xpath(//*[contains(text(), ' Guardar firma')]) 
2025-12-16 17:28:37.579  INFO 1 - [7878-exec-6] healenium                        : [Save Elements] Request: By.xpath(//*[contains(text(), ' Guardar firma')]) 
2025-12-16 17:28:37.771  INFO 1 - [7878-exec-7] healenium                        : [Save Elements] Request: By.xpath(//button[text()='Cerrar']) 
2025-12-16 17:28:40.984  INFO 1 - [7878-exec-8] healenium                        : [Save Elements] Request: By.xpath(//button[text()='Cerrar']) 
2025-12-16 17:28:41.026  INFO 1 - [7878-exec-9] healenium                        : [Save Elements] Request: By.xpath(//button[text()='Cerrar']) 
2025-12-16 17:28:41.192  INFO 1 - [878-exec-10] healenium                        : [Save Elements] Request: By.xpath(//button[text()='Si']) 
2025-12-16 17:28:44.916  INFO 1 - [7878-exec-1] healenium                        : [Save Elements] Request: By.xpath(//button[text()='Si']) 
2025-12-16 17:28:44.965  INFO 1 - [7878-exec-2] healenium                        : [Save Elements] Request: By.xpath(//button[text()='Si']) 
2025-12-16 17:28:53.396  INFO 1 - [7878-exec-4] healenium                        : [Save Elements] Request: By.id(btnSobreDigital) 
2025-12-16 17:28:53.583  INFO 1 - [7878-exec-5] healenium                        : [Save Elements] Request: By.id(btnSobreDigital) 
2025-12-16 17:28:53.724  INFO 1 - [7878-exec-6] healenium                        : [Save Elements] Request: By.id(ModalTitulo) 
2025-12-16 17:28:54.972  INFO 1 - [7878-exec-7] healenium                        : [Save Elements] Request: By.id(ModalTitulo) 
2025-12-16 17:28:55.092  INFO 1 - [7878-exec-8] healenium                        : [Save Elements] Request: By.xpath(//button[text()='Cerrar']) 
2025-12-16 17:28:58.304  INFO 1 - [7878-exec-9] healenium                        : [Save Elements] Request: By.xpath(//button[text()='Cerrar']) 
2025-12-16 17:28:58.356  INFO 1 - [878-exec-10] healenium                        : [Save Elements] Request: By.xpath(//button[text()='Cerrar']) 
2025-12-16 17:28:58.749  INFO 1 - [7878-exec-1] healenium                        : [Save Elements] Request: By.xpath(//small[@id="estado"]) 
2025-12-16 17:29:02.679  INFO 1 - [7878-exec-4] healenium                        : [Save Elements] Request: By.id(searchCam) 
2025-12-16 17:29:02.786  INFO 1 - [7878-exec-5] healenium                        : [Save Elements] Request: By.id(searchCam) 
2025-12-16 17:29:02.959  INFO 1 - [7878-exec-6] healenium                        : [Save Elements] Request: By.xpath(//button[@data-original-title="Buscar"]) 
2025-12-16 17:29:03.070  INFO 1 - [7878-exec-7] healenium                        : [Save Elements] Request: By.xpath(//button[@data-original-title="Buscar"]) 
2025-12-16 17:29:03.109  INFO 1 - [7878-exec-8] healenium                        : [Save Elements] Request: By.xpath(//button[@data-original-title="Buscar"]) 
2025-12-16 17:29:03.586  INFO 1 - [7878-exec-9] healenium                        : [Save Elements] Request: By.xpath(//img[contains(@id,'camara_')]) 
2025-12-16 17:29:03.699  INFO 1 - [878-exec-10] healenium                        : [Save Elements] Request: By.xpath(//img[contains(@id,'camara_')]) 
2025-12-16 17:29:03.743  INFO 1 - [7878-exec-1] healenium                        : [Save Elements] Request: By.xpath(//img[contains(@id,'camara_')]) 
2025-12-16 17:29:03.901  INFO 1 - [7878-exec-2] healenium                        : [Save Elements] Request: By.id(mail) 
2025-12-16 17:29:04.544  INFO 1 - [7878-exec-3] healenium                        : [Save Elements] Request: By.id(mail) 
2025-12-16 17:29:04.726  INFO 1 - [7878-exec-4] healenium                        : [Save Elements] Request: By.id(identificacion) 
2025-12-16 17:29:04.827  INFO 1 - [7878-exec-5] healenium                        : [Save Elements] Request: By.id(identificacion) 
2025-12-16 17:29:05.036  INFO 1 - [7878-exec-6] healenium                        : [Save Elements] Request: By.id(pass) 
2025-12-16 17:29:05.141  INFO 1 - [7878-exec-7] healenium                        : [Save Elements] Request: By.id(pass) 
2025-12-16 17:29:05.301  INFO 1 - [7878-exec-8] healenium                        : [Save Elements] Request: By.xpath(//*[contains(text(), 'Ingresar')]) 
2025-12-16 17:29:05.412  INFO 1 - [7878-exec-9] healenium                        : [Save Elements] Request: By.xpath(//*[contains(text(), 'Ingresar')]) 
2025-12-16 17:29:05.456  INFO 1 - [878-exec-10] healenium                        : [Save Elements] Request: By.xpath(//*[contains(text(), 'Ingresar')]) 
2025-12-16 17:29:06.776  INFO 1 - [7878-exec-1] healenium                        : [Save Elements] Request: By.xpath(//div[@id='modalLoader']) 
2025-12-16 17:29:06.892  INFO 1 - [7878-exec-2] healenium                        : [Save Elements] Request: By.xpath(//div[@id='modalLoader']) 
2025-12-16 17:29:08.169  INFO 1 - [7878-exec-3] healenium                        : [Save Elements] Request: By.cssSelector(.rounded.expMenu) 
2025-12-16 17:29:08.332  INFO 1 - [7878-exec-4] healenium                        : [Save Elements] Request: By.cssSelector(.rounded.expMenu) 
2025-12-16 17:29:08.385  INFO 1 - [7878-exec-5] healenium                        : [Save Elements] Request: By.cssSelector(.rounded.expMenu) 
2025-12-16 17:29:09.406  INFO 1 - [7878-exec-6] healenium                        : [Save Elements] Request: By.xpath((//div[@class='titulo-menu'][normalize-space()='BANDEJAS'])[2]) 
2025-12-16 17:29:10.210  INFO 1 - [7878-exec-7] healenium                        : [Save Elements] Request: By.xpath(/html/body/div[1]/main/div[1]/nav/div/div[16]/li/a) 
2025-12-16 17:29:10.279  INFO 1 - [7878-exec-8] healenium                        : [Save Elements] Request: By.xpath(/html/body/div[1]/main/div[1]/nav/div/div[16]/li/a) 
2025-12-16 17:29:10.350  INFO 1 - [7878-exec-9] healenium                        : [Save Elements] Request: By.xpath(/html/body/div[1]/main/div[1]/nav/div/div[16]/li/a) 
2025-12-16 17:29:10.465  INFO 1 - [878-exec-10] healenium                        : [Save Elements] Request: By.xpath((//*[contains(text(), 'Registros públicos - administración')])[2]) 
2025-12-16 17:29:10.567  INFO 1 - [7878-exec-1] healenium                        : [Save Elements] Request: By.xpath((//*[contains(text(), 'Registros públicos - administración')])[2]) 
2025-12-16 17:29:10.662  INFO 1 - [7878-exec-2] healenium                        : [Save Elements] Request: By.xpath((//*[contains(text(), 'Registros públicos - administración')])[2]) 
2025-12-16 17:29:10.800  INFO 1 - [7878-exec-3] healenium                        : [Save Elements] Request: By.xpath((//*[text()='T y C'])[2]) 
2025-12-16 17:29:10.896  INFO 1 - [7878-exec-4] healenium                        : [Save Elements] Request: By.xpath((//*[text()='T y C'])[2]) 
2025-12-16 17:29:10.994  INFO 1 - [7878-exec-5] healenium                        : [Save Elements] Request: By.xpath((//*[text()='T y C'])[2]) 
2025-12-16 17:29:15.477  INFO 1 - [7878-exec-6] healenium                        : [Save Elements] Request: By.xpath((//a[@data-original-title="Editar"])[1]) 
2025-12-16 17:29:15.638  INFO 1 - [7878-exec-7] healenium                        : [Save Elements] Request: By.xpath((//a[@data-original-title="Editar"])[1]) 
2025-12-16 17:29:15.708  INFO 1 - [7878-exec-8] healenium                        : [Save Elements] Request: By.xpath((//a[@data-original-title="Editar"])[1]) 
2025-12-16 17:29:19.568  INFO 1 - [7878-exec-9] healenium                        : [Save Elements] Request: By.id(nombre) 
2025-12-16 17:29:19.740  INFO 1 - [878-exec-10] healenium                        : [Save Elements] Request: By.id(tinymce) 
2025-12-16 17:29:28.003  INFO 1 - [7878-exec-2] healenium                        : [Save Elements] Request: By.id(tinymce) 
2025-12-16 17:29:28.910  INFO 1 - [7878-exec-3] healenium                        : [Save Elements] Request: By.id(tinymce) 
2025-12-16 17:29:29.091  INFO 1 - [7878-exec-4] healenium                        : [Save Elements] Request: By.id(mceu_2-button) 
2025-12-16 17:29:29.143  INFO 1 - [7878-exec-5] healenium                        : [Save Elements] Request: By.id(mceu_2-button) 
2025-12-16 17:29:29.352  INFO 1 - [7878-exec-6] healenium                        : [Save Elements] Request: By.xpath(//button[text()='Continuar']) 
2025-12-16 17:29:29.403  INFO 1 - [7878-exec-7] healenium                        : [Save Elements] Request: By.xpath(//button[text()='Continuar']) 
2025-12-16 17:29:30.053  INFO 1 - [7878-exec-8] healenium                        : [Save Elements] Request: By.xpath((//a[@data-original-title="Editar"])[1]) 
2025-12-16 17:29:30.224  INFO 1 - [7878-exec-9] healenium                        : [Save Elements] Request: By.xpath((//a[@data-original-title="Editar"])[1]) 
2025-12-16 17:29:30.294  INFO 1 - [878-exec-10] healenium                        : [Save Elements] Request: By.xpath((//a[@data-original-title="Editar"])[1]) 
2025-12-16 17:29:30.858  INFO 1 - [7878-exec-1] healenium                        : [Save Elements] Request: By.id(mceu_2-button) 
2025-12-16 17:29:30.929  INFO 1 - [7878-exec-2] healenium                        : [Save Elements] Request: By.xpath(//button[text()='Regresar']) 
2025-12-16 17:29:31.025  INFO 1 - [7878-exec-3] healenium                        : [Save Elements] Request: By.xpath(//button[text()='Regresar']) 
2025-12-16 17:29:31.076  INFO 1 - [7878-exec-4] healenium                        : [Save Elements] Request: By.xpath(//button[text()='Regresar']) 
2025-12-16 17:29:31.682  INFO 1 - [7878-exec-5] healenium                        : [Save Elements] Request: By.xpath(//center[text()='Pantallas de términos y condiciones']) 
2025-12-16 17:30:28.231  INFO 1 - [878-exec-10] healenium                        : [Save Elements] Request: By.id(mail) 
2025-12-16 17:30:28.905  INFO 1 - [7878-exec-1] healenium                        : [Save Elements] Request: By.id(mail) 
2025-12-16 17:30:29.244  INFO 1 - [7878-exec-2] healenium                        : [Save Elements] Request: By.id(identificacion) 
2025-12-16 17:30:29.507  INFO 1 - [7878-exec-3] healenium                        : [Save Elements] Request: By.id(pass) 
2025-12-16 17:30:29.736  INFO 1 - [7878-exec-4] healenium                        : [Save Elements] Request: By.xpath(//button[normalize-space()='Ingresar']) 
2025-12-16 17:30:29.796  INFO 1 - [7878-exec-5] healenium                        : [Save Elements] Request: By.xpath(//button[normalize-space()='Ingresar']) 
2025-12-16 17:30:33.365  INFO 1 - [7878-exec-6] healenium                        : [Save Elements] Request: By.xpath(//div[@id='modalLoader']) 
2025-12-16 17:30:33.511  INFO 1 - [7878-exec-7] healenium                        : [Save Elements] Request: By.xpath(//div[@id='modalLoader']) 
2025-12-16 17:30:34.814  INFO 1 - [7878-exec-8] healenium                        : [Save Elements] Request: By.xpath(//select[@id='selectS']/option[@value='1']) 
2025-12-16 17:30:34.977  INFO 1 - [7878-exec-9] healenium                        : [Save Elements] Request: By.xpath(//select[@id='selectS']/option[@value='1']) 
2025-12-16 17:30:35.041  INFO 1 - [878-exec-10] healenium                        : [Save Elements] Request: By.xpath(//select[@id='selectS']/option[@value='1']) 
2025-12-16 17:30:35.220  INFO 1 - [7878-exec-1] healenium                        : [Save Elements] Request: By.id(criterio) 
2025-12-16 17:30:35.352  INFO 1 - [7878-exec-2] healenium                        : [Save Elements] Request: By.id(criterio) 
2025-12-16 17:30:35.533  INFO 1 - [7878-exec-3] healenium                        : [Save Elements] Request: By.xpath(//button[@type='submit' and contains(@class, 'btn btn-primary newConsultar float-right')]) 
2025-12-16 17:30:35.703  INFO 1 - [7878-exec-4] healenium                        : [Save Elements] Request: By.xpath(//button[@type='submit' and contains(@class, 'btn btn-primary newConsultar float-right')]) 
2025-12-16 17:30:35.765  INFO 1 - [7878-exec-5] healenium                        : [Save Elements] Request: By.xpath(//button[@type='submit' and contains(@class, 'btn btn-primary newConsultar float-right')]) 
2025-12-16 17:30:36.982  INFO 1 - [7878-exec-6] healenium                        : [Save Elements] Request: By.xpath(//i[contains(@class, 'fa-solid fa-ellipsis') and @aria-hidden='true']) 
2025-12-16 17:30:37.277  INFO 1 - [7878-exec-7] healenium                        : [Save Elements] Request: By.xpath(//i[contains(@class, 'fa-solid fa-ellipsis') and @aria-hidden='true']) 
2025-12-16 17:30:37.385  INFO 1 - [7878-exec-8] healenium                        : [Save Elements] Request: By.xpath(//i[contains(@class, 'fa-solid fa-ellipsis') and @aria-hidden='true']) 
2025-12-16 17:30:37.984  INFO 1 - [7878-exec-9] healenium                        : [Save Elements] Request: By.cssSelector(div.card-header.h6.cursorPointer[data-toggle='collapse'][data-target='#G3']) 
2025-12-16 17:30:38.716  INFO 1 - [878-exec-10] healenium                        : [Save Elements] Request: By.cssSelector(div.card-header.h6.cursorPointer[data-toggle='collapse'][data-target='#G3']) 
2025-12-16 17:30:38.786  INFO 1 - [7878-exec-1] healenium                        : [Save Elements] Request: By.cssSelector(div.card-header.h6.cursorPointer[data-toggle='collapse'][data-target='#G3']) 
2025-12-16 17:30:38.993  INFO 1 - [7878-exec-2] healenium                        : [Save Elements] Request: By.xpath(//*[@id="G3"]/div/div[1]/a/span) 
2025-12-16 17:30:39.252  INFO 1 - [7878-exec-3] healenium                        : [Save Elements] Request: By.xpath(//*[@id="G3"]/div/div[1]/a/span) 
2025-12-16 17:30:39.327  INFO 1 - [7878-exec-4] healenium                        : [Save Elements] Request: By.xpath(//*[@id="G3"]/div/div[1]/a/span) 
2025-12-16 17:30:39.658  INFO 1 - [7878-exec-5] healenium                        : [Save Elements] Request: By.xpath(//button[@class='btn btn-primary' and contains(text(), 'Continuar')]) 
2025-12-16 17:30:39.831  INFO 1 - [7878-exec-6] healenium                        : [Save Elements] Request: By.xpath(//button[@class='btn btn-primary' and contains(text(), 'Continuar')]) 
2025-12-16 17:30:39.881  INFO 1 - [7878-exec-7] healenium                        : [Save Elements] Request: By.xpath(//button[@class='btn btn-primary' and contains(text(), 'Continuar')]) 
2025-12-16 17:30:40.092  INFO 1 - [7878-exec-8] healenium                        : [Save Elements] Request: By.xpath(//div[@id='modalLoader']) 
2025-12-16 17:30:40.226  INFO 1 - [7878-exec-9] healenium                        : [Save Elements] Request: By.xpath(//div[@id='modalLoader']) 
2025-12-16 17:30:42.061  INFO 1 - [878-exec-10] healenium                        : [Save Elements] Request: By.xpath(//button[normalize-space()='Aceptar']) 
2025-12-16 17:30:42.193  INFO 1 - [7878-exec-1] healenium                        : [Save Elements] Request: By.xpath(//button[normalize-space()='Aceptar']) 
2025-12-16 17:30:42.239  INFO 1 - [7878-exec-2] healenium                        : [Save Elements] Request: By.xpath(//button[normalize-space()='Aceptar']) 
2025-12-16 17:30:42.423  INFO 1 - [7878-exec-3] healenium                        : [Save Elements] Request: By.xpath(//input[contains(@class, 'form-control') and contains(@class, 'numeros') and contains(@class, 'pruebacomas') and contains(@class, 'form-control-sm')]) 
2025-12-16 17:30:42.589  INFO 1 - [7878-exec-4] healenium                        : [Save Elements] Request: By.xpath(//input[contains(@class, 'form-control') and contains(@class, 'numeros') and contains(@class, 'pruebacomas') and contains(@class, 'form-control-sm')]) 
2025-12-16 17:30:42.835  INFO 1 - [7878-exec-5] healenium                        : [Save Elements] Request: By.xpath(/html/body/div[1]/main/div[2]/div[2]/div[1]/div/div/form/div[1]/div[4]/div[2]/div/div[2]/table/tbody/tr/td[4]/div/input) 
2025-12-16 17:30:42.999  INFO 1 - [7878-exec-6] healenium                        : [Save Elements] Request: By.xpath(/html/body/div[1]/main/div[2]/div[2]/div[1]/div/div/form/div[1]/div[4]/div[2]/div/div[2]/table/tbody/tr/td[4]/div/input) 
2025-12-16 17:33:49.305  INFO 1 - [878-exec-10] healenium                        : [Save Elements] Request: By.id(searchCam) 
2025-12-16 17:33:49.424  INFO 1 - [7878-exec-1] healenium                        : [Save Elements] Request: By.id(searchCam) 
2025-12-16 17:33:49.598  INFO 1 - [7878-exec-2] healenium                        : [Save Elements] Request: By.xpath(//button[@data-original-title="Buscar"]) 
2025-12-16 17:33:49.710  INFO 1 - [7878-exec-3] healenium                        : [Save Elements] Request: By.xpath(//button[@data-original-title="Buscar"]) 
2025-12-16 17:33:49.747  INFO 1 - [7878-exec-4] healenium                        : [Save Elements] Request: By.xpath(//button[@data-original-title="Buscar"]) 
2025-12-16 17:33:50.231  INFO 1 - [7878-exec-5] healenium                        : [Save Elements] Request: By.xpath(//img[contains(@id,'camara_')]) 
2025-12-16 17:33:50.337  INFO 1 - [7878-exec-6] healenium                        : [Save Elements] Request: By.xpath(//img[contains(@id,'camara_')]) 
2025-12-16 17:33:50.381  INFO 1 - [7878-exec-7] healenium                        : [Save Elements] Request: By.xpath(//img[contains(@id,'camara_')]) 
2025-12-16 17:33:50.532  INFO 1 - [7878-exec-8] healenium                        : [Save Elements] Request: By.id(mail) 
2025-12-16 17:33:51.168  INFO 1 - [7878-exec-9] healenium                        : [Save Elements] Request: By.id(mail) 
2025-12-16 17:33:51.359  INFO 1 - [878-exec-10] healenium                        : [Save Elements] Request: By.id(identificacion) 
2025-12-16 17:33:51.467  INFO 1 - [7878-exec-1] healenium                        : [Save Elements] Request: By.id(identificacion) 
2025-12-16 17:33:51.632  INFO 1 - [7878-exec-2] healenium                        : [Save Elements] Request: By.id(pass) 
2025-12-16 17:33:51.732  INFO 1 - [7878-exec-3] healenium                        : [Save Elements] Request: By.id(pass) 
2025-12-16 17:33:51.903  INFO 1 - [7878-exec-4] healenium                        : [Save Elements] Request: By.xpath(//*[contains(text(), 'Ingresar')]) 
2025-12-16 17:33:52.020  INFO 1 - [7878-exec-5] healenium                        : [Save Elements] Request: By.xpath(//*[contains(text(), 'Ingresar')]) 
2025-12-16 17:33:52.060  INFO 1 - [7878-exec-6] healenium                        : [Save Elements] Request: By.xpath(//*[contains(text(), 'Ingresar')]) 
2025-12-16 17:33:53.511  INFO 1 - [7878-exec-7] healenium                        : [Save Elements] Request: By.xpath(//div[@id='modalLoader']) 
2025-12-16 17:33:53.661  INFO 1 - [7878-exec-8] healenium                        : [Save Elements] Request: By.xpath(//div[@id='modalLoader']) 
2025-12-16 17:33:54.436  INFO 1 - [7878-exec-9] healenium                        : [Save Elements] Request: By.cssSelector(.rounded.expMenu) 
2025-12-16 17:33:57.717  INFO 1 - [878-exec-10] healenium                        : [Save Elements] Request: By.cssSelector(.rounded.expMenu) 
2025-12-16 17:33:57.766  INFO 1 - [7878-exec-1] healenium                        : [Save Elements] Request: By.cssSelector(.rounded.expMenu) 
2025-12-16 17:33:58.388  INFO 1 - [7878-exec-2] healenium                        : [Save Elements] Request: By.xpath((//*[contains(text(), 'CONSULTAS Y TRANSACCIONES')])[2]) 
2025-12-16 17:33:58.510  INFO 1 - [7878-exec-3] healenium                        : [Save Elements] Request: By.xpath((//*[contains(text(), 'CONSULTAS Y TRANSACCIONES')])[2]) 
2025-12-16 17:33:58.658  INFO 1 - [7878-exec-4] healenium                        : [Save Elements] Request: By.xpath((//*[contains(text(), 'Consultas registros públicos')])[2]) 
2025-12-16 17:33:58.812  INFO 1 - [7878-exec-5] healenium                        : [Save Elements] Request: By.xpath((//*[contains(text(), 'Consultas registros públicos')])[2]) 
2025-12-16 17:33:58.955  INFO 1 - [7878-exec-6] healenium                        : [Save Elements] Request: By.xpath((//*[text()='Expedientes'])[2]) 
2025-12-16 17:33:59.092  INFO 1 - [7878-exec-7] healenium                        : [Save Elements] Request: By.xpath((//*[text()='Expedientes'])[2]) 
2025-12-16 17:33:59.226  INFO 1 - [7878-exec-8] healenium                        : [Save Elements] Request: By.id(selectS) 
2025-12-16 17:33:59.295  INFO 1 - [7878-exec-9] healenium                        : [Save Elements] Request: By.id(selectS) 
2025-12-16 17:33:59.389  INFO 1 - [878-exec-10] healenium                        : [Save Elements] Request: By.id(selectS) 
2025-12-16 17:33:59.439  INFO 1 - [7878-exec-1] healenium                        : [Save Elements] Request: By.xpath(.//option[normalize-space(.) = "Nombre"]) 
2025-12-16 17:33:59.622  INFO 1 - [7878-exec-2] healenium                        : [Save Elements] Request: By.id(criterio) 
2025-12-16 17:33:59.889  INFO 1 - [7878-exec-3] healenium                        : [Save Elements] Request: By.xpath(//button[contains(text(), 'Continuar')]) 
2025-12-16 17:33:59.992  INFO 1 - [7878-exec-4] healenium                        : [Save Elements] Request: By.xpath(//button[contains(text(), 'Continuar')]) 
2025-12-16 17:34:00.130  INFO 1 - [7878-exec-5] healenium                        : [Save Elements] Request: By.xpath(//button[contains(text(), 'Continuar')]) 
2025-12-16 17:34:00.196  INFO 1 - [7878-exec-6] healenium                        : [Save Elements] Request: By.xpath(//button[contains(text(), 'Continuar')]) 
2025-12-16 17:34:00.421  INFO 1 - [7878-exec-7] healenium                        : [Save Elements] Request: By.xpath((//i[@class='fas fa-times'])[1]) 
2025-12-16 17:34:00.652  INFO 1 - [7878-exec-8] healenium                        : [Save Elements] Request: By.xpath((//i[@class='fas fa-times'])[1]) 
2025-12-16 17:34:00.702  INFO 1 - [7878-exec-9] healenium                        : [Save Elements] Request: By.xpath((//i[@class='fas fa-times'])[1]) 
2025-12-16 17:34:01.793  INFO 1 - [878-exec-10] healenium                        : [Save Elements] Request: By.xpath(//th[contains(text(),'Estado Matricula')]) 
2025-12-16 17:34:01.894  INFO 1 - [7878-exec-1] healenium                        : [Save Elements] Request: By.xpath(//th[contains(text(),'Estado Matricula')]) 
2025-12-16 17:34:02.052  INFO 1 - [7878-exec-2] healenium                        : [Save Elements] Request: By.xpath((//i[@data-original-title="Acciones Disponibles"])[1]) 
2025-12-16 17:34:02.179  INFO 1 - [7878-exec-3] healenium                        : [Save Elements] Request: By.xpath((//i[@data-original-title="Acciones Disponibles"])[1]) 
2025-12-16 17:34:02.227  INFO 1 - [7878-exec-4] healenium                        : [Save Elements] Request: By.xpath((//i[@data-original-title="Acciones Disponibles"])[1]) 
2025-12-16 17:34:02.827  INFO 1 - [7878-exec-5] healenium                        : [Save Elements] Request: By.xpath(//*[text()='Especiales ']) 
2025-12-16 17:34:03.520  INFO 1 - [7878-exec-6] healenium                        : [Save Elements] Request: By.xpath(//*[text()='Especiales ']) 
2025-12-16 17:34:03.572  INFO 1 - [7878-exec-7] healenium                        : [Save Elements] Request: By.xpath(//*[text()='Especiales ']) 
2025-12-16 17:34:03.764  INFO 1 - [7878-exec-8] healenium                        : [Save Elements] Request: By.xpath(//a[@data-original-title='Actualizaciones - Actualizar matriculados']) 
2025-12-16 17:34:03.890  INFO 1 - [7878-exec-9] healenium                        : [Save Elements] Request: By.xpath(//a[@data-original-title='Actualizaciones - Actualizar matriculados']) 
2025-12-16 17:34:03.949  INFO 1 - [878-exec-10] healenium                        : [Save Elements] Request: By.xpath(//a[@data-original-title='Actualizaciones - Actualizar matriculados']) 
2025-12-16 17:34:08.516  INFO 1 - [7878-exec-1] healenium                        : [Save Elements] Request: By.id(estadomatricula) 
2025-12-16 17:34:08.742  INFO 1 - [7878-exec-2] healenium                        : [Save Elements] Request: By.id(estadomatricula) 
2025-12-16 17:34:08.871  INFO 1 - [7878-exec-3] healenium                        : [Save Elements] Request: By.xpath(.//option[normalize-space(.) = "MATRICULA CANCELADA (MC)"]) 
2025-12-16 17:34:09.074  INFO 1 - [7878-exec-4] healenium                        : [Save Elements] Request: By.xpath(//a[text()='Cancelación']) 
2025-12-16 17:34:09.289  INFO 1 - [7878-exec-5] healenium                        : [Save Elements] Request: By.xpath(//a[text()='Cancelación']) 
2025-12-16 17:34:09.400  INFO 1 - [7878-exec-6] healenium                        : [Save Elements] Request: By.xpath(//a[text()='Cancelación']) 
2025-12-16 17:34:09.767  INFO 1 - [7878-exec-7] healenium                        : [Save Elements] Request: By.id(fechacancelacion) 
2025-12-16 17:34:09.989  INFO 1 - [7878-exec-8] healenium                        : [Save Elements] Request: By.id(fechacancelacion) 
2025-12-16 17:34:10.313  INFO 1 - [7878-exec-9] healenium                        : [Save Elements] Request: By.id(motivocancelacion) 
2025-12-16 17:34:10.492  INFO 1 - [878-exec-10] healenium                        : [Save Elements] Request: By.id(motivocancelacion) 
2025-12-16 17:34:10.611  INFO 1 - [7878-exec-1] healenium                        : [Save Elements] Request: By.xpath(.//option[normalize-space(.) = "04 - Cambio de domicilio"]) 
2025-12-16 17:34:10.822  INFO 1 - [7878-exec-2] healenium                        : [Save Elements] Request: By.xpath(//a[text()='Grabar']) 
2025-12-16 17:34:10.998  INFO 1 - [7878-exec-3] healenium                        : [Save Elements] Request: By.xpath(//a[text()='Grabar']) 
2025-12-16 17:34:11.110  INFO 1 - [7878-exec-4] healenium                        : [Save Elements] Request: By.xpath(//a[text()='Grabar']) 
2025-12-16 17:34:11.903  INFO 1 - [7878-exec-5] healenium                        : [Save Elements] Request: By.xpath(//button[text()='OK']) 
2025-12-16 17:34:12.586  INFO 1 - [7878-exec-6] healenium                        : [Save Elements] Request: By.xpath(//button[text()='OK']) 
2025-12-16 17:34:12.663  INFO 1 - [7878-exec-7] healenium                        : [Save Elements] Request: By.xpath(//button[text()='OK']) 
2025-12-16 17:34:15.204  INFO 1 - [7878-exec-9] healenium                        : [Save Elements] Request: By.xpath(//a[@data-original-title='Actualización Matriculados al RUES']) 
2025-12-16 17:34:15.308  INFO 1 - [878-exec-10] healenium                        : [Save Elements] Request: By.xpath(//a[@data-original-title='Actualización Matriculados al RUES']) 
2025-12-16 17:34:15.349  INFO 1 - [7878-exec-1] healenium                        : [Save Elements] Request: By.xpath(//a[@data-original-title='Actualización Matriculados al RUES']) 
2025-12-16 17:34:16.931  INFO 1 - [7878-exec-2] healenium                        : [Save Elements] Request: By.xpath(/html/body/div[2]/div/div/div[16]/div/a[1]/button) 
2025-12-16 17:34:17.032  INFO 1 - [7878-exec-3] healenium                        : [Save Elements] Request: By.xpath(/html/body/div[2]/div/div/div[16]/div/a[1]/button) 
2025-12-16 17:34:17.073  INFO 1 - [7878-exec-4] healenium                        : [Save Elements] Request: By.xpath(/html/body/div[2]/div/div/div[16]/div/a[1]/button) 
2025-12-16 17:34:22.192  INFO 1 - [7878-exec-5] healenium                        : [Save Elements] Request: By.xpath(//div[@class='modal-body']//button[1]) 
2025-12-16 17:34:22.304  INFO 1 - [7878-exec-6] healenium                        : [Save Elements] Request: By.xpath(//div[@class='modal-body']//button[1]) 
2025-12-16 17:34:22.360  INFO 1 - [7878-exec-7] healenium                        : [Save Elements] Request: By.xpath(//div[@class='modal-body']//button[1]) 
2025-12-16 17:34:22.550  INFO 1 - [7878-exec-8] healenium                        : [Save Elements] Request: By.xpath(//div[@id='modalLoader']) 
2025-12-16 17:34:44.836  INFO 1 - [7878-exec-9] healenium                        : [Save Elements] Request: By.xpath(//i[contains(@class, 'fa fa-home small')]) 
2025-12-16 17:34:44.967  INFO 1 - [878-exec-10] healenium                        : [Save Elements] Request: By.xpath(//i[contains(@class, 'fa fa-home small')]) 
2025-12-16 17:34:45.016  INFO 1 - [7878-exec-1] healenium                        : [Save Elements] Request: By.xpath(//i[contains(@class, 'fa fa-home small')]) 
2025-12-16 17:34:45.214  INFO 1 - [7878-exec-2] healenium                        : [Save Elements] Request: By.id(expMenu) 
2025-12-16 17:34:45.368  INFO 1 - [7878-exec-3] healenium                        : [Save Elements] Request: By.id(expMenu) 
2025-12-16 17:34:45.421  INFO 1 - [7878-exec-4] healenium                        : [Save Elements] Request: By.id(expMenu) 
2025-12-16 17:34:46.261  INFO 1 - [7878-exec-5] healenium                        : [Save Elements] Request: By.xpath((//*[contains(text(), 'Trámites registros públicos')])[2]) 
2025-12-16 17:34:46.353  INFO 1 - [7878-exec-6] healenium                        : [Save Elements] Request: By.xpath((//*[contains(text(), 'Trámites registros públicos')])[2]) 
2025-12-16 17:34:46.481  INFO 1 - [7878-exec-7] healenium                        : [Save Elements] Request: By.xpath((//*[contains(text(), 'Trámites registros públicos')])[2]) 
2025-12-16 17:34:46.645  INFO 1 - [7878-exec-8] healenium                        : [Save Elements] Request: By.xpath((//*[text()='Matricula Persona Natural y/o Establecimiento'])[2]) 
2025-12-16 17:34:46.798  INFO 1 - [7878-exec-9] healenium                        : [Save Elements] Request: By.xpath((//*[text()='Matricula Persona Natural y/o Establecimiento'])[2]) 
2025-12-16 17:35:00.215  INFO 1 - [7878-exec-8] healenium                        : [Save Elements] Request: By.xpath(//select[@id="_tipoidepnat"]//option) 
2025-12-16 17:35:37.784  INFO 1 - [7878-exec-1] healenium                        : [Save Elements] Request: By.id(searchCam) 
2025-12-16 17:35:37.927  INFO 1 - [7878-exec-2] healenium                        : [Save Elements] Request: By.id(searchCam) 
2025-12-16 17:35:38.131  INFO 1 - [7878-exec-3] healenium                        : [Save Elements] Request: By.xpath(//button[@data-original-title="Buscar"]) 
2025-12-16 17:35:38.255  INFO 1 - [7878-exec-4] healenium                        : [Save Elements] Request: By.xpath(//button[@data-original-title="Buscar"]) 
2025-12-16 17:35:38.306  INFO 1 - [7878-exec-5] healenium                        : [Save Elements] Request: By.xpath(//button[@data-original-title="Buscar"]) 
2025-12-16 17:35:38.778  INFO 1 - [7878-exec-6] healenium                        : [Save Elements] Request: By.xpath(//img[contains(@id,'camara_')]) 
2025-12-16 17:35:38.907  INFO 1 - [7878-exec-7] healenium                        : [Save Elements] Request: By.xpath(//img[contains(@id,'camara_')]) 
2025-12-16 17:35:38.960  INFO 1 - [7878-exec-8] healenium                        : [Save Elements] Request: By.xpath(//img[contains(@id,'camara_')]) 
2025-12-16 17:35:39.152  INFO 1 - [7878-exec-9] healenium                        : [Save Elements] Request: By.id(mail) 
2025-12-16 17:35:39.802  INFO 1 - [878-exec-10] healenium                        : [Save Elements] Request: By.id(mail) 
2025-12-16 17:35:40.043  INFO 1 - [7878-exec-1] healenium                        : [Save Elements] Request: By.id(identificacion) 
2025-12-16 17:35:40.154  INFO 1 - [7878-exec-2] healenium                        : [Save Elements] Request: By.id(identificacion) 
2025-12-16 17:35:40.360  INFO 1 - [7878-exec-3] healenium                        : [Save Elements] Request: By.id(pass) 
2025-12-16 17:35:40.487  INFO 1 - [7878-exec-4] healenium                        : [Save Elements] Request: By.id(pass) 
2025-12-16 17:35:40.696  INFO 1 - [7878-exec-5] healenium                        : [Save Elements] Request: By.xpath(//*[contains(text(), 'Ingresar')]) 
2025-12-16 17:35:40.836  INFO 1 - [7878-exec-6] healenium                        : [Save Elements] Request: By.xpath(//*[contains(text(), 'Ingresar')]) 
2025-12-16 17:35:40.887  INFO 1 - [7878-exec-7] healenium                        : [Save Elements] Request: By.xpath(//*[contains(text(), 'Ingresar')]) 
2025-12-16 17:35:42.433  INFO 1 - [7878-exec-8] healenium                        : [Save Elements] Request: By.xpath(//div[@class="loaderOnload"]) 
2025-12-16 17:35:44.670  INFO 1 - [7878-exec-9] healenium                        : [Save Elements] Request: By.cssSelector(.rounded.expMenu) 
2025-12-16 17:35:44.783  INFO 1 - [878-exec-10] healenium                        : [Save Elements] Request: By.cssSelector(.rounded.expMenu) 
2025-12-16 17:35:44.833  INFO 1 - [7878-exec-1] healenium                        : [Save Elements] Request: By.cssSelector(.rounded.expMenu) 
2025-12-16 17:35:45.547  INFO 1 - [7878-exec-2] healenium                        : [Save Elements] Request: By.xpath((//*[contains(text(), 'CONSULTAS Y TRANSACCIONES')])[2]) 
2025-12-16 17:35:45.688  INFO 1 - [7878-exec-3] healenium                        : [Save Elements] Request: By.xpath((//*[contains(text(), 'CONSULTAS Y TRANSACCIONES')])[2]) 
2025-12-16 17:35:45.755  INFO 1 - [7878-exec-4] healenium                        : [Save Elements] Request: By.xpath((//*[contains(text(), 'CONSULTAS Y TRANSACCIONES')])[2]) 
2025-12-16 17:35:46.062  INFO 1 - [7878-exec-5] healenium                        : [Save Elements] Request: By.xpath((//*[contains(text(), 'Consultas registros públicos')])[2]) 
2025-12-16 17:35:46.214  INFO 1 - [7878-exec-6] healenium                        : [Save Elements] Request: By.xpath((//*[contains(text(), 'Consultas registros públicos')])[2]) 
2025-12-16 17:35:46.270  INFO 1 - [7878-exec-7] healenium                        : [Save Elements] Request: By.xpath((//*[contains(text(), 'Consultas registros públicos')])[2]) 
2025-12-16 17:35:46.522  INFO 1 - [7878-exec-8] healenium                        : [Save Elements] Request: By.xpath((//*[text()='Expedientes'])[2]) 
2025-12-16 17:35:46.688  INFO 1 - [7878-exec-9] healenium                        : [Save Elements] Request: By.xpath((//*[text()='Expedientes'])[2]) 
2025-12-16 17:35:46.756  INFO 1 - [878-exec-10] healenium                        : [Save Elements] Request: By.xpath((//*[text()='Expedientes'])[2]) 
2025-12-16 17:35:46.953  INFO 1 - [7878-exec-1] healenium                        : [Save Elements] Request: By.id(selectS) 
2025-12-16 17:35:46.993  INFO 1 - [7878-exec-2] healenium                        : [Save Elements] Request: By.xpath(.//option[normalize-space(.) = "Matricula"]) 
2025-12-16 17:35:47.180  INFO 1 - [7878-exec-3] healenium                        : [Save Elements] Request: By.id(criterio) 
2025-12-16 17:35:47.374  INFO 1 - [7878-exec-4] healenium                        : [Save Elements] Request: By.xpath(//button[contains(text(), 'Continuar')]) 
2025-12-16 17:35:47.428  INFO 1 - [7878-exec-5] healenium                        : [Save Elements] Request: By.xpath(//button[contains(text(), 'Continuar')]) 
2025-12-16 17:35:48.685  INFO 1 - [7878-exec-6] healenium                        : [Save Elements] Request: By.xpath((//i[@data-original-title="Acciones Disponibles"])[1]) 
2025-12-16 17:35:48.842  INFO 1 - [7878-exec-7] healenium                        : [Save Elements] Request: By.xpath((//i[@data-original-title="Acciones Disponibles"])[1]) 
2025-12-16 17:35:49.444  INFO 1 - [7878-exec-8] healenium                        : [Save Elements] Request: By.xpath(//*[text()='Trámites del Registro Mercantil y de ESADL']) 
2025-12-16 17:35:49.523  INFO 1 - [7878-exec-9] healenium                        : [Save Elements] Request: By.xpath(//*[text()='Trámites del Registro Mercantil y de ESADL']) 
2025-12-16 17:35:49.747  INFO 1 - [878-exec-10] healenium                        : [Save Elements] Request: By.xpath(//a[@data-original-title="Actualización de datos (mutación)"]) 
2025-12-16 17:35:49.891  INFO 1 - [7878-exec-1] healenium                        : [Save Elements] Request: By.xpath(//a[@data-original-title="Actualización de datos (mutación)"]) 
2025-12-16 17:35:52.260  INFO 1 - [7878-exec-2] healenium                        : [Save Elements] Request: By.xpath(//label[@class="form-check-label"]) 
2025-12-16 17:35:52.469  INFO 1 - [7878-exec-3] healenium                        : [Save Elements] Request: By.xpath(//button[text()='Continuar']) 
2025-12-16 17:35:52.563  INFO 1 - [7878-exec-4] healenium                        : [Save Elements] Request: By.xpath(//button[text()='Continuar']) 
2025-12-16 17:35:57.118  INFO 1 - [7878-exec-6] healenium                        : [Save Elements] Request: By.cssSelector(button[class='swal2-confirm swal2-styled']) 
2025-12-16 17:35:57.249  INFO 1 - [7878-exec-7] healenium                        : [Save Elements] Request: By.cssSelector(button[class='swal2-confirm swal2-styled']) 
2025-12-16 17:35:57.312  INFO 1 - [7878-exec-8] healenium                        : [Save Elements] Request: By.cssSelector(button[class='swal2-confirm swal2-styled']) 
2025-12-16 17:36:01.543  INFO 1 - [7878-exec-9] healenium                        : [Save Elements] Request: By.id(dircom) 
2025-12-16 17:36:01.659  INFO 1 - [878-exec-10] healenium                        : [Save Elements] Request: By.id(dircom) 
2025-12-16 17:36:01.863  INFO 1 - [7878-exec-1] healenium                        : [Save Elements] Request: By.id(telcom2) 
2025-12-16 17:36:01.968  INFO 1 - [7878-exec-2] healenium                        : [Save Elements] Request: By.id(telcom2) 
2025-12-16 17:36:02.117  INFO 1 - [7878-exec-3] healenium                        : [Save Elements] Request: By.xpath(//a[text()='Continuar']) 
2025-12-16 17:36:02.214  INFO 1 - [7878-exec-4] healenium                        : [Save Elements] Request: By.xpath(//a[text()='Continuar']) 
2025-12-16 17:36:07.995  INFO 1 - [7878-exec-7] healenium                        : [Save Elements] Request: By.id(btnSoporte) 
2025-12-16 17:36:08.093  INFO 1 - [7878-exec-8] healenium                        : [Save Elements] Request: By.id(btnSoporte) 
2025-12-16 17:36:08.185  INFO 1 - [7878-exec-9] healenium                        : [Save Elements] Request: By.xpath(//*[@id="ModalInfo"]/div/div/div[3]/button) 
2025-12-16 17:36:08.396  INFO 1 - [878-exec-10] healenium                        : [Save Elements] Request: By.xpath(//*[@id="ModalInfo"]/div/div/div[3]/button) 
2025-12-16 17:36:08.604  INFO 1 - [7878-exec-1] healenium                        : [Save Elements] Request: By.xpath(//*[@id="ModalInfo"]/div/div/div[3]/button) 
2025-12-16 17:36:08.805  INFO 1 - [7878-exec-2] healenium                        : [Save Elements] Request: By.xpath(//*[@id="ModalInfo"]/div/div/div[3]/button) 
2025-12-16 17:36:09.007  INFO 1 - [7878-exec-3] healenium                        : [Save Elements] Request: By.xpath(//*[@id="ModalInfo"]/div/div/div[3]/button) 
2025-12-16 17:36:09.214  INFO 1 - [7878-exec-4] healenium                        : [Save Elements] Request: By.xpath(//*[@id="ModalInfo"]/div/div/div[3]/button) 
2025-12-16 17:36:09.425  INFO 1 - [7878-exec-5] healenium                        : [Save Elements] Request: By.xpath(//*[@id="ModalInfo"]/div/div/div[3]/button) 
2025-12-16 17:36:09.620  INFO 1 - [7878-exec-6] healenium                        : [Save Elements] Request: By.xpath(//*[@id="ModalInfo"]/div/div/div[3]/button) 
2025-12-16 17:36:09.822  INFO 1 - [7878-exec-7] healenium                        : [Save Elements] Request: By.xpath(//*[@id="ModalInfo"]/div/div/div[3]/button) 
2025-12-16 17:36:10.039  INFO 1 - [7878-exec-8] healenium                        : [Save Elements] Request: By.xpath(//*[@id="ModalInfo"]/div/div/div[3]/button) 
2025-12-16 17:36:10.245  INFO 1 - [7878-exec-9] healenium                        : [Save Elements] Request: By.xpath(//*[@id="ModalInfo"]/div/div/div[3]/button) 
2025-12-16 17:36:10.374  INFO 1 - [878-exec-10] healenium                        : [Save Elements] Request: By.xpath(//*[@id="ModalInfo"]/div/div/div[3]/button) 
2025-12-16 17:36:10.442  INFO 1 - [7878-exec-1] healenium                        : [Save Elements] Request: By.xpath(//*[@id="ModalInfo"]/div/div/div[3]/button) 
2025-12-16 17:36:10.627  INFO 1 - [7878-exec-2] healenium                        : [Save Elements] Request: By.id(btnRpago) 
2025-12-16 17:36:13.881  INFO 1 - [7878-exec-3] healenium                        : [Save Elements] Request: By.xpath(//button[contains(text(), 'Continuar')]) 
2025-12-16 17:36:13.922  INFO 1 - [7878-exec-4] healenium                        : [Save Elements] Request: By.xpath(//button[contains(text(), 'Continuar')]) 
2025-12-16 17:36:15.159  INFO 1 - [7878-exec-5] healenium                        : [Save Elements] Request: By.cssSelector(div[class='modal-dialog'] div[class='modal-footer'] button[type='button']) 
2025-12-16 17:36:35.305  INFO 1 - [7878-exec-6] healenium                        : [Save Elements] Request: By.id(_idtipoidentificacioncliente) 
2025-12-16 17:36:35.423  INFO 1 - [7878-exec-7] healenium                        : [Save Elements] Request: By.id(_idtipoidentificacioncliente) 
2025-12-16 17:36:35.464  INFO 1 - [7878-exec-8] healenium                        : [Save Elements] Request: By.xpath(.//option[normalize-space(.) = "Cédula de ciudadania"]) 
2025-12-16 17:36:35.603  INFO 1 - [7878-exec-9] healenium                        : [Save Elements] Request: By.id(_identificacioncliente) 
2025-12-16 17:36:35.765  INFO 1 - [878-exec-10] healenium                        : [Save Elements] Request: By.xpath(//button[text()='Verificar identificación']) 
2025-12-16 17:36:35.867  INFO 1 - [7878-exec-1] healenium                        : [Save Elements] Request: By.xpath(//button[text()='Verificar identificación']) 
2025-12-16 17:36:35.911  INFO 1 - [7878-exec-2] healenium                        : [Save Elements] Request: By.xpath(//button[text()='Verificar identificación']) 
2025-12-16 17:36:36.732  INFO 1 - [7878-exec-3] healenium                        : [Save Elements] Request: By.id(_emailconfirmacion) 
2025-12-16 17:36:36.929  INFO 1 - [7878-exec-4] healenium                        : [Save Elements] Request: By.id(_emailconfirmacion) 
2025-12-16 17:36:37.154  INFO 1 - [7878-exec-5] healenium                        : [Save Elements] Request: By.xpath(//button[text()='Generar recibo']) 
2025-12-16 17:36:37.298  INFO 1 - [7878-exec-6] healenium                        : [Save Elements] Request: By.xpath(//button[text()='Generar recibo']) 
2025-12-16 17:36:37.399  INFO 1 - [7878-exec-7] healenium                        : [Save Elements] Request: By.xpath(//button[text()='Generar recibo']) 
2025-12-16 17:36:40.774  INFO 1 - [7878-exec-8] healenium                        : [Save Elements] Request: By.xpath(//button[text()='Continuar']) 
2025-12-16 17:36:40.895  INFO 1 - [7878-exec-9] healenium                        : [Save Elements] Request: By.xpath(//button[text()='Continuar']) 
2025-12-16 17:36:40.954  INFO 1 - [878-exec-10] healenium                        : [Save Elements] Request: By.xpath(//button[text()='Continuar']) 
2025-12-16 17:36:50.065  INFO 1 - [7878-exec-1] healenium                        : [Save Elements] Request: By.xpath(//*[@id="ModalInfo"]/div/div/div[3]/button) 
2025-12-16 17:36:50.301  INFO 1 - [7878-exec-2] healenium                        : [Save Elements] Request: By.xpath(//*[@id="ModalInfo"]/div/div/div[3]/button) 
2025-12-16 17:36:50.366  INFO 1 - [7878-exec-3] healenium                        : [Save Elements] Request: By.xpath(//*[@id="ModalInfo"]/div/div/div[3]/button) 
2025-12-16 17:37:34.081  INFO 1 - [7878-exec-7] healenium                        : [Save Elements] Request: By.id(searchCam) 
2025-12-16 17:37:34.204  INFO 1 - [7878-exec-8] healenium                        : [Save Elements] Request: By.id(searchCam) 
2025-12-16 17:37:34.263  INFO 1 - [7878-exec-9] healenium                        : [Save Elements] Request: By.id(searchCam) 
2025-12-16 17:37:36.469  INFO 1 - [878-exec-10] healenium                        : [Save Elements] Request: By.id(camara_20) 
2025-12-16 17:37:36.573  INFO 1 - [7878-exec-1] healenium                        : [Save Elements] Request: By.id(camara_20) 
2025-12-16 17:37:36.778  INFO 1 - [7878-exec-2] healenium                        : [Save Elements] Request: By.id(mail) 
2025-12-16 17:37:37.228  INFO 1 - [7878-exec-3] healenium                        : [Save Elements] Request: By.id(mail) 
2025-12-16 17:37:37.365  INFO 1 - [7878-exec-4] healenium                        : [Save Elements] Request: By.id(identificacion) 
2025-12-16 17:37:37.420  INFO 1 - [7878-exec-5] healenium                        : [Save Elements] Request: By.id(identificacion) 
2025-12-16 17:37:37.576  INFO 1 - [7878-exec-6] healenium                        : [Save Elements] Request: By.id(pass) 
2025-12-16 17:37:37.634  INFO 1 - [7878-exec-7] healenium                        : [Save Elements] Request: By.id(pass) 
2025-12-16 17:37:37.767  INFO 1 - [7878-exec-8] healenium                        : [Save Elements] Request: By.xpath(//button[text()='Ingresar']) 
2025-12-16 17:37:39.419  INFO 1 - [7878-exec-9] healenium                        : [Save Elements] Request: By.xpath(//div[@class="loaderOnload"]) 
2025-12-16 17:37:46.701  INFO 1 - [878-exec-10] healenium                        : [Save Elements] Request: By.id(criterio) 
2025-12-16 17:37:49.459  INFO 1 - [7878-exec-1] healenium                        : [Save Elements] Request: By.xpath(//div[@id='modalLoader']) 
2025-12-16 17:38:11.691  INFO 1 - [7878-exec-2] healenium                        : [Save Elements] Request: By.id(selectS) 
2025-12-16 17:38:21.859  INFO 1 - [7878-exec-5] healenium                        : [Save Elements] Request: By.id(searchCam) 
2025-12-16 17:38:21.964  INFO 1 - [7878-exec-6] healenium                        : [Save Elements] Request: By.id(searchCam) 
2025-12-16 17:38:22.139  INFO 1 - [7878-exec-7] healenium                        : [Save Elements] Request: By.xpath(//button[@data-original-title="Buscar"]) 
2025-12-16 17:38:22.250  INFO 1 - [7878-exec-8] healenium                        : [Save Elements] Request: By.xpath(//button[@data-original-title="Buscar"]) 
2025-12-16 17:38:22.291  INFO 1 - [7878-exec-9] healenium                        : [Save Elements] Request: By.xpath(//button[@data-original-title="Buscar"]) 
2025-12-16 17:38:22.747  INFO 1 - [878-exec-10] healenium                        : [Save Elements] Request: By.xpath(//img[contains(@id,'camara_')]) 
2025-12-16 17:38:22.866  INFO 1 - [7878-exec-1] healenium                        : [Save Elements] Request: By.xpath(//img[contains(@id,'camara_')]) 
2025-12-16 17:38:22.904  INFO 1 - [7878-exec-2] healenium                        : [Save Elements] Request: By.xpath(//img[contains(@id,'camara_')]) 
2025-12-16 17:38:23.051  INFO 1 - [7878-exec-3] healenium                        : [Save Elements] Request: By.id(mail) 
2025-12-16 17:38:23.671  INFO 1 - [7878-exec-4] healenium                        : [Save Elements] Request: By.id(mail) 
2025-12-16 17:38:23.918  INFO 1 - [7878-exec-5] healenium                        : [Save Elements] Request: By.id(identificacion) 
2025-12-16 17:38:24.043  INFO 1 - [7878-exec-6] healenium                        : [Save Elements] Request: By.id(identificacion) 
2025-12-16 17:38:24.225  INFO 1 - [7878-exec-7] healenium                        : [Save Elements] Request: By.id(pass) 
2025-12-16 17:38:24.315  INFO 1 - [7878-exec-8] healenium                        : [Save Elements] Request: By.id(pass) 
2025-12-16 17:38:24.528  INFO 1 - [7878-exec-9] healenium                        : [Save Elements] Request: By.xpath(//*[contains(text(), 'Ingresar')]) 
2025-12-16 17:38:24.636  INFO 1 - [878-exec-10] healenium                        : [Save Elements] Request: By.xpath(//*[contains(text(), 'Ingresar')]) 
2025-12-16 17:38:24.686  INFO 1 - [7878-exec-1] healenium                        : [Save Elements] Request: By.xpath(//*[contains(text(), 'Ingresar')]) 
2025-12-16 17:38:25.992  INFO 1 - [7878-exec-2] healenium                        : [Save Elements] Request: By.xpath(//div[@id='modalLoader']) 
2025-12-16 17:38:26.129  INFO 1 - [7878-exec-3] healenium                        : [Save Elements] Request: By.xpath(//div[@id='modalLoader']) 
2025-12-16 17:38:27.341  INFO 1 - [7878-exec-4] healenium                        : [Save Elements] Request: By.id(selectS) 
2025-12-16 17:38:27.457  INFO 1 - [7878-exec-5] healenium                        : [Save Elements] Request: By.id(selectS) 
2025-12-16 17:38:27.501  INFO 1 - [7878-exec-6] healenium                        : [Save Elements] Request: By.xpath(.//option[normalize-space(.) = "Matricula"]) 
2025-12-16 17:38:27.686  INFO 1 - [7878-exec-7] healenium                        : [Save Elements] Request: By.id(criterio) 
2025-12-16 17:38:27.901  INFO 1 - [7878-exec-8] healenium                        : [Save Elements] Request: By.xpath(//button[contains(text(), 'Continuar')]) 
2025-12-16 17:38:27.958  INFO 1 - [7878-exec-9] healenium                        : [Save Elements] Request: By.xpath(//button[contains(text(), 'Continuar')]) 
2025-12-16 17:38:28.127  INFO 1 - [878-exec-10] healenium                        : [Save Elements] Request: By.xpath(//div[@id='modalLoader']) 
2025-12-16 17:38:28.374  INFO 1 - [7878-exec-1] healenium                        : [Save Elements] Request: By.xpath(//div[@id='modalLoader']) 
2025-12-16 17:38:30.377  INFO 1 - [7878-exec-2] healenium                        : [Save Elements] Request: By.xpath((//i[@data-original-title="Acciones Disponibles"])[1]) 
2025-12-16 17:38:30.549  INFO 1 - [7878-exec-3] healenium                        : [Save Elements] Request: By.xpath((//i[@data-original-title="Acciones Disponibles"])[1]) 
2025-12-16 17:38:30.690  INFO 1 - [7878-exec-4] healenium                        : [Save Elements] Request: By.xpath((//i[@data-original-title="Acciones Disponibles"])[1]) 
2025-12-16 17:38:30.921  INFO 1 - [7878-exec-5] healenium                        : [Save Elements] Request: By.xpath(//div[@id='modalLoader']) 
2025-12-16 17:38:31.038  INFO 1 - [7878-exec-6] healenium                        : [Save Elements] Request: By.xpath(//div[@id='modalLoader']) 
2025-12-16 17:38:32.364  INFO 1 - [7878-exec-7] healenium                        : [Save Elements] Request: By.xpath(//*[text()='Trámites del Registro Mercantil y de ESADL']) 
2025-12-16 17:38:32.477  INFO 1 - [7878-exec-8] healenium                        : [Save Elements] Request: By.xpath(//*[text()='Trámites del Registro Mercantil y de ESADL']) 
2025-12-16 17:38:32.528  INFO 1 - [7878-exec-9] healenium                        : [Save Elements] Request: By.xpath(//*[text()='Trámites del Registro Mercantil y de ESADL']) 
2025-12-16 17:38:32.695  INFO 1 - [878-exec-10] healenium                        : [Save Elements] Request: By.xpath(//span[text()='Renovar matrícula']) 
2025-12-16 17:38:32.829  INFO 1 - [7878-exec-1] healenium                        : [Save Elements] Request: By.xpath(//span[text()='Renovar matrícula']) 
2025-12-16 17:38:32.895  INFO 1 - [7878-exec-2] healenium                        : [Save Elements] Request: By.xpath(//span[text()='Renovar matrícula']) 
2025-12-16 17:38:33.253  INFO 1 - [7878-exec-3] healenium                        : [Save Elements] Request: By.xpath(//form[@id='iniciarRenovacion']//button[@type='submit']) 
2025-12-16 17:38:33.342  INFO 1 - [7878-exec-4] healenium                        : [Save Elements] Request: By.xpath(//form[@id='iniciarRenovacion']//button[@type='submit']) 
2025-12-16 17:38:33.443  INFO 1 - [7878-exec-5] healenium                        : [Save Elements] Request: By.xpath(//form[@id='iniciarRenovacion']//button[@type='submit']) 
2025-12-16 17:38:33.496  INFO 1 - [7878-exec-6] healenium                        : [Save Elements] Request: By.xpath(//form[@id='iniciarRenovacion']//button[@type='submit']) 
2025-12-16 17:38:33.693  INFO 1 - [7878-exec-7] healenium                        : [Save Elements] Request: By.xpath(//div[@id='modalLoader']) 
2025-12-16 17:38:33.952  INFO 1 - [7878-exec-8] healenium                        : [Save Elements] Request: By.xpath(//div[@id='modalLoader']) 
2025-12-16 17:38:35.714  INFO 1 - [7878-exec-9] healenium                        : [Save Elements] Request: By.xpath(//button[normalize-space()='Aceptar']) 
2025-12-16 17:38:35.812  INFO 1 - [878-exec-10] healenium                        : [Save Elements] Request: By.xpath(//button[normalize-space()='Aceptar']) 
2025-12-16 17:38:35.855  INFO 1 - [7878-exec-1] healenium                        : [Save Elements] Request: By.xpath(//button[normalize-space()='Aceptar']) 
2025-12-16 17:38:36.029  INFO 1 - [7878-exec-2] healenium                        : [Save Elements] Request: By.xpath(/html/body/div[1]/main/div[2]/div[2]/div[1]/div/div/form/div[1]/div[3]/div[2]/div/div[2]/table/tbody/tr/td[4]/div/input) 
2025-12-16 17:38:36.161  INFO 1 - [7878-exec-3] healenium                        : [Save Elements] Request: By.xpath(/html/body/div[1]/main/div[2]/div[2]/div[1]/div/div/form/div[1]/div[3]/div[2]/div/div[2]/table/tbody/tr/td[4]/div/input) 
2025-12-16 17:38:38.464  INFO 1 - [7878-exec-4] healenium                        : [Save Elements] Request: By.id(numeroempleados) 
2025-12-16 17:38:38.541  INFO 1 - [7878-exec-5] healenium                        : [Save Elements] Request: By.id(numeroempleados) 
2025-12-16 17:38:38.626  INFO 1 - [7878-exec-6] healenium                        : [Save Elements] Request: By.id(numeroempleados) 
2025-12-16 17:38:38.806  INFO 1 - [7878-exec-7] healenium                        : [Save Elements] Request: By.xpath((//button[normalize-space()='Continuar'])[1]) 
2025-12-16 17:38:38.875  INFO 1 - [7878-exec-8] healenium                        : [Save Elements] Request: By.xpath((//button[normalize-space()='Continuar'])[1]) 
2025-12-16 17:38:38.957  INFO 1 - [7878-exec-9] healenium                        : [Save Elements] Request: By.xpath((//button[normalize-space()='Continuar'])[1]) 
2025-12-16 17:38:39.001  INFO 1 - [878-exec-10] healenium                        : [Save Elements] Request: By.xpath((//button[normalize-space()='Continuar'])[1]) 
2025-12-16 17:38:39.171  INFO 1 - [7878-exec-1] healenium                        : [Save Elements] Request: By.xpath(//div[@id='modalLoader']) 
2025-12-16 17:38:39.394  INFO 1 - [7878-exec-2] healenium                        : [Save Elements] Request: By.xpath(//div[@id='modalLoader']) 
2025-12-16 17:38:41.667  INFO 1 - [7878-exec-4] healenium                        : [Save Elements] Request: By.xpath(//i[@class='fa-sharp fa-solid fa-pen-to-square']) 
2025-12-16 17:38:41.737  INFO 1 - [7878-exec-5] healenium                        : [Save Elements] Request: By.xpath(//i[@class='fa-sharp fa-solid fa-pen-to-square']) 
2025-12-16 17:38:41.824  INFO 1 - [7878-exec-6] healenium                        : [Save Elements] Request: By.xpath(//i[@class='fa-sharp fa-solid fa-pen-to-square']) 
2025-12-16 17:38:41.867  INFO 1 - [7878-exec-7] healenium                        : [Save Elements] Request: By.xpath(//i[@class='fa-sharp fa-solid fa-pen-to-square']) 
2025-12-16 17:38:46.139  INFO 1 - [7878-exec-8] healenium                        : [Save Elements] Request: By.id(emprendimientosocial) 
2025-12-16 17:38:46.356  INFO 1 - [7878-exec-9] healenium                        : [Save Elements] Request: By.id(emprendimientosocial) 
2025-12-16 17:38:46.482  INFO 1 - [878-exec-10] healenium                        : [Save Elements] Request: By.id(emprendimientosocial) 
2025-12-16 17:38:46.639  INFO 1 - [7878-exec-1] healenium                        : [Save Elements] Request: By.id(emprendimientosocial) 
2025-12-16 17:38:46.747  INFO 1 - [7878-exec-2] healenium                        : [Save Elements] Request: By.xpath(.//option[normalize-space(.) = "NO"]) 
2025-12-16 17:38:46.955  INFO 1 - [7878-exec-3] healenium                        : [Save Elements] Request: By.id(ctrmennot) 
2025-12-16 17:38:47.073  INFO 1 - [7878-exec-4] healenium                        : [Save Elements] Request: By.id(ctrmennot) 
2025-12-16 17:38:47.193  INFO 1 - [7878-exec-5] healenium                        : [Save Elements] Request: By.id(ctrmennot) 
2025-12-16 17:38:47.277  INFO 1 - [7878-exec-6] healenium                        : [Save Elements] Request: By.xpath(.//option[normalize-space(.) = "SI"]) 
2025-12-16 17:38:47.476  INFO 1 - [7878-exec-7] healenium                        : [Save Elements] Request: By.id(actcte_2025) 
2025-12-16 17:38:47.587  INFO 1 - [7878-exec-8] healenium                        : [Save Elements] Request: By.id(actcte_2025) 
2025-12-16 17:38:47.704  INFO 1 - [7878-exec-9] healenium                        : [Save Elements] Request: By.id(actcte_2025) 
2025-12-16 17:38:47.940  INFO 1 - [878-exec-10] healenium                        : [Save Elements] Request: By.id(pattot_2025) 
2025-12-16 17:38:48.041  INFO 1 - [7878-exec-1] healenium                        : [Save Elements] Request: By.id(pattot_2025) 
2025-12-16 17:38:48.171  INFO 1 - [7878-exec-2] healenium                        : [Save Elements] Request: By.id(pattot_2025) 
2025-12-16 17:38:48.451  INFO 1 - [7878-exec-3] healenium                        : [Save Elements] Request: By.id(ingope_2025) 
2025-12-16 17:38:48.562  INFO 1 - [7878-exec-4] healenium                        : [Save Elements] Request: By.id(ingope_2025) 
2025-12-16 17:38:48.677  INFO 1 - [7878-exec-5] healenium                        : [Save Elements] Request: By.id(ingope_2025) 
2025-12-16 17:38:48.868  INFO 1 - [7878-exec-6] healenium                        : [Save Elements] Request: By.id(personal_2025) 
2025-12-16 17:38:48.983  INFO 1 - [7878-exec-7] healenium                        : [Save Elements] Request: By.id(personal_2025) 
2025-12-16 17:38:49.201  INFO 1 - [7878-exec-8] healenium                        : [Save Elements] Request: By.id(cantidadcargosdirectivos) 
2025-12-16 17:38:49.452  INFO 1 - [7878-exec-9] healenium                        : [Save Elements] Request: By.xpath(//*[contains(text(), 'Almacenar')]) 
2025-12-16 17:38:49.549  INFO 1 - [878-exec-10] healenium                        : [Save Elements] Request: By.xpath(//*[contains(text(), 'Almacenar')]) 
2025-12-16 17:38:49.681  INFO 1 - [7878-exec-1] healenium                        : [Save Elements] Request: By.xpath(//*[contains(text(), 'Almacenar')]) 
2025-12-16 17:38:49.773  INFO 1 - [7878-exec-2] healenium                        : [Save Elements] Request: By.xpath(//*[contains(text(), 'Almacenar')]) 
2025-12-16 17:38:54.106  INFO 1 - [7878-exec-3] healenium                        : [Save Elements] Request: By.cssSelector(body > div.bootbox.modal.fade.bootbox-alert.show > div > div > div.modal-footer > button) 
2025-12-16 17:38:54.251  INFO 1 - [7878-exec-4] healenium                        : [Save Elements] Request: By.cssSelector(body > div.bootbox.modal.fade.bootbox-alert.show > div > div > div.modal-footer > button) 
2025-12-16 17:38:54.447  INFO 1 - [7878-exec-5] healenium                        : [Save Elements] Request: By.cssSelector(body > div.bootbox.modal.fade.bootbox-alert.show > div > div > div.modal-footer > button) 
2025-12-16 17:38:54.511  INFO 1 - [7878-exec-6] healenium                        : [Save Elements] Request: By.cssSelector(body > div.bootbox.modal.fade.bootbox-alert.show > div > div > div.modal-footer > button) 
2025-12-16 17:38:56.778  INFO 1 - [7878-exec-7] healenium                        : [Save Elements] Request: By.xpath(//div[@id='modalLoader']) 
2025-12-16 17:39:19.052  INFO 1 - [7878-exec-8] healenium                        : [Save Elements] Request: By.xpath((//a[@role='button'])[1]) 
2025-12-16 17:39:19.144  INFO 1 - [7878-exec-9] healenium                        : [Save Elements] Request: By.xpath((//a[@role='button'])[1]) 
2025-12-16 17:39:19.238  INFO 1 - [878-exec-10] healenium                        : [Save Elements] Request: By.xpath((//a[@role='button'])[1]) 
2025-12-16 17:39:19.292  INFO 1 - [7878-exec-1] healenium                        : [Save Elements] Request: By.xpath((//a[@role='button'])[1]) 
2025-12-16 17:39:23.583  INFO 1 - [7878-exec-2] healenium                        : [Save Elements] Request: By.cssSelector(div[class='modal-dialog'] div[class='modal-footer'] button[type='button']) 
2025-12-16 17:39:23.674  INFO 1 - [7878-exec-3] healenium                        : [Save Elements] Request: By.cssSelector(div[class='modal-dialog'] div[class='modal-footer'] button[type='button']) 
2025-12-16 17:39:23.826  INFO 1 - [7878-exec-4] healenium                        : [Save Elements] Request: By.cssSelector(div[class='modal-dialog'] div[class='modal-footer'] button[type='button']) 
2025-12-16 17:39:23.865  INFO 1 - [7878-exec-5] healenium                        : [Save Elements] Request: By.cssSelector(div[class='modal-dialog'] div[class='modal-footer'] button[type='button']) 
2025-12-16 17:39:24.075  INFO 1 - [7878-exec-6] healenium                        : [Save Elements] Request: By.id(_idtipoidentificacioncliente) 
2025-12-16 17:39:24.170  INFO 1 - [7878-exec-7] healenium                        : [Save Elements] Request: By.id(_idtipoidentificacioncliente) 
2025-12-16 17:39:24.204  INFO 1 - [7878-exec-8] healenium                        : [Save Elements] Request: By.xpath(.//option[normalize-space(.) = "Cédula de ciudadania"]) 
2025-12-16 17:39:24.351  INFO 1 - [7878-exec-9] healenium                        : [Save Elements] Request: By.id(_identificacioncliente) 
2025-12-16 17:39:24.518  INFO 1 - [878-exec-10] healenium                        : [Save Elements] Request: By.xpath(//button[text()='Verificar identificación']) 
2025-12-16 17:39:24.617  INFO 1 - [7878-exec-1] healenium                        : [Save Elements] Request: By.xpath(//button[text()='Verificar identificación']) 
2025-12-16 17:39:24.659  INFO 1 - [7878-exec-2] healenium                        : [Save Elements] Request: By.xpath(//button[text()='Verificar identificación']) 
2025-12-16 17:39:25.405  INFO 1 - [7878-exec-3] healenium                        : [Save Elements] Request: By.id(_emailconfirmacion) 
2025-12-16 17:39:25.559  INFO 1 - [7878-exec-4] healenium                        : [Save Elements] Request: By.id(_emailconfirmacion) 
2025-12-16 17:39:25.833  INFO 1 - [7878-exec-5] healenium                        : [Save Elements] Request: By.xpath(//button[text()='Generar recibo']) 
2025-12-16 17:39:25.977  INFO 1 - [7878-exec-6] healenium                        : [Save Elements] Request: By.xpath(//button[text()='Generar recibo']) 
2025-12-16 17:39:26.079  INFO 1 - [7878-exec-7] healenium                        : [Save Elements] Request: By.xpath(//button[text()='Generar recibo']) 
2025-12-16 17:39:29.483  INFO 1 - [7878-exec-8] healenium                        : [Save Elements] Request: By.xpath(//button[text()='Continuar']) 
2025-12-16 17:39:29.607  INFO 1 - [7878-exec-9] healenium                        : [Save Elements] Request: By.xpath(//button[text()='Continuar']) 
2025-12-16 17:39:29.659  INFO 1 - [878-exec-10] healenium                        : [Save Elements] Request: By.xpath(//button[text()='Continuar']) 
2025-12-16 17:39:38.065  INFO 1 - [7878-exec-1] healenium                        : [Save Elements] Request: By.xpath(//button[text()='Cerrar']) 
2025-12-16 17:39:38.213  INFO 1 - [7878-exec-2] healenium                        : [Save Elements] Request: By.xpath(//button[text()='Cerrar']) 
2025-12-16 17:39:40.296  INFO 1 - [7878-exec-3] healenium                        : [Save Elements] Request: By.id(soportesT) 
2025-12-16 17:39:40.389  INFO 1 - [7878-exec-4] healenium                        : [Save Elements] Request: By.id(soportesT) 
2025-12-16 17:39:40.491  INFO 1 - [7878-exec-5] healenium                        : [Save Elements] Request: By.xpath((//a[@href="javascript:void(0);" and @class="btn btn-outline-primary btn-sm"])[1]) 
2025-12-16 17:39:40.588  INFO 1 - [7878-exec-6] healenium                        : [Save Elements] Request: By.xpath((//a[@href="javascript:void(0);" and @class="btn btn-outline-primary btn-sm"])[1]) 
2025-12-16 17:39:40.704  INFO 1 - [7878-exec-7] healenium                        : [Save Elements] Request: By.xpath(//button[text()='Cerrar']) 
2025-12-16 17:39:41.335  INFO 1 - [7878-exec-8] healenium                        : [Save Elements] Request: By.xpath(//button[text()='Cerrar']) 
2025-12-16 17:39:41.451  INFO 1 - [7878-exec-9] healenium                        : [Save Elements] Request: By.xpath((//a[@href="javascript:void(0);" and @class="btn btn-outline-primary btn-sm"])[2]) 
2025-12-16 17:39:41.550  INFO 1 - [878-exec-10] healenium                        : [Save Elements] Request: By.xpath((//a[@href="javascript:void(0);" and @class="btn btn-outline-primary btn-sm"])[2]) 
2025-12-16 17:39:41.700  INFO 1 - [7878-exec-1] healenium                        : [Save Elements] Request: By.xpath(//button[text()='Cerrar']) 
2025-12-16 17:42:48.708  INFO 1 - [7878-exec-5] healenium                        : [Save Elements] Request: By.id(searchCam) 
2025-12-16 17:42:48.985  INFO 1 - [7878-exec-6] healenium                        : [Save Elements] Request: By.id(searchCam) 
2025-12-16 17:42:49.254  INFO 1 - [7878-exec-7] healenium                        : [Save Elements] Request: By.xpath(//button[@data-original-title="Buscar"]) 
2025-12-16 17:42:49.409  INFO 1 - [7878-exec-8] healenium                        : [Save Elements] Request: By.xpath(//button[@data-original-title="Buscar"]) 
2025-12-16 17:42:49.484  INFO 1 - [7878-exec-9] healenium                        : [Save Elements] Request: By.xpath(//button[@data-original-title="Buscar"]) 
2025-12-16 17:42:50.111  INFO 1 - [878-exec-10] healenium                        : [Save Elements] Request: By.xpath(//img[contains(@id,'camara_')]) 
2025-12-16 17:42:50.532  INFO 1 - [7878-exec-1] healenium                        : [Save Elements] Request: By.xpath(//img[contains(@id,'camara_')]) 
2025-12-16 17:42:50.608  INFO 1 - [7878-exec-2] healenium                        : [Save Elements] Request: By.xpath(//img[contains(@id,'camara_')]) 
2025-12-16 17:42:50.972  INFO 1 - [7878-exec-3] healenium                        : [Save Elements] Request: By.id(mail) 
2025-12-16 17:42:51.828  INFO 1 - [7878-exec-4] healenium                        : [Save Elements] Request: By.id(mail) 
2025-12-16 17:42:52.215  INFO 1 - [7878-exec-5] healenium                        : [Save Elements] Request: By.id(identificacion) 
2025-12-16 17:42:52.416  INFO 1 - [7878-exec-6] healenium                        : [Save Elements] Request: By.id(identificacion) 
2025-12-16 17:42:52.763  INFO 1 - [7878-exec-7] healenium                        : [Save Elements] Request: By.id(pass) 
2025-12-16 17:42:52.961  INFO 1 - [7878-exec-8] healenium                        : [Save Elements] Request: By.id(pass) 
2025-12-16 17:42:53.383  INFO 1 - [7878-exec-9] healenium                        : [Save Elements] Request: By.xpath(//*[contains(text(), 'Ingresar')]) 
2025-12-16 17:42:53.628  INFO 1 - [878-exec-10] healenium                        : [Save Elements] Request: By.xpath(//*[contains(text(), 'Ingresar')]) 
2025-12-16 17:42:53.734  INFO 1 - [7878-exec-1] healenium                        : [Save Elements] Request: By.xpath(//*[contains(text(), 'Ingresar')]) 
2025-12-16 17:42:55.768  INFO 1 - [7878-exec-2] healenium                        : [Save Elements] Request: By.xpath(//div[@id='modalLoader']) 
2025-12-16 17:43:18.083  INFO 1 - [7878-exec-3] healenium                        : [Save Elements] Request: By.cssSelector(.rounded.expMenu) 
2025-12-16 17:43:18.301  INFO 1 - [7878-exec-4] healenium                        : [Save Elements] Request: By.cssSelector(.rounded.expMenu) 
2025-12-16 17:43:18.402  INFO 1 - [7878-exec-5] healenium                        : [Save Elements] Request: By.cssSelector(.rounded.expMenu) 
2025-12-16 17:43:18.703  INFO 1 - [7878-exec-6] healenium                        : [Save Elements] Request: By.xpath(//div[@id='modalLoader']) 
2025-12-16 17:43:18.850  INFO 1 - [7878-exec-7] healenium                        : [Save Elements] Request: By.xpath(//div[@id='modalLoader']) 
2025-12-16 17:43:20.167  INFO 1 - [7878-exec-8] healenium                        : [Save Elements] Request: By.id(sidebar-search) 
2025-12-16 17:43:20.410  INFO 1 - [7878-exec-9] healenium                        : [Save Elements] Request: By.id(sidebar-search) 
2025-12-16 17:43:20.822  INFO 1 - [878-exec-10] healenium                        : [Save Elements] Request: By.xpath(//li[@class='list-group-item list-group-item-action'][1]) 
2025-12-16 17:43:20.916  INFO 1 - [7878-exec-1] healenium                        : [Save Elements] Request: By.xpath(//li[@class='list-group-item list-group-item-action'][1]) 
2025-12-16 17:43:25.617  INFO 1 - [7878-exec-2] healenium                        : [Save Elements] Request: By.id(BLOQUEAR_PROPIETARIOS_NO_RENOVADOS_FORANEOS) 
2025-12-16 17:43:25.772  INFO 1 - [7878-exec-3] healenium                        : [Save Elements] Request: By.xpath(.//option[normalize-space(.) = "NO"]) 
2025-12-16 17:43:51.728  INFO 1 - [878-exec-10] healenium                        : [Save Elements] Request: By.id(searchCam) 
2025-12-16 17:43:51.870  INFO 1 - [7878-exec-1] healenium                        : [Save Elements] Request: By.id(searchCam) 
2025-12-16 17:43:52.123  INFO 1 - [7878-exec-2] healenium                        : [Save Elements] Request: By.xpath(//button[@data-original-title="Buscar"]) 
2025-12-16 17:43:52.248  INFO 1 - [7878-exec-3] healenium                        : [Save Elements] Request: By.xpath(//button[@data-original-title="Buscar"]) 
2025-12-16 17:43:52.311  INFO 1 - [7878-exec-4] healenium                        : [Save Elements] Request: By.xpath(//button[@data-original-title="Buscar"]) 
2025-12-16 17:43:52.844  INFO 1 - [7878-exec-5] healenium                        : [Save Elements] Request: By.xpath(//img[contains(@id,'camara_')]) 
2025-12-16 17:43:52.966  INFO 1 - [7878-exec-6] healenium                        : [Save Elements] Request: By.xpath(//img[contains(@id,'camara_')]) 
2025-12-16 17:43:53.040  INFO 1 - [7878-exec-7] healenium                        : [Save Elements] Request: By.xpath(//img[contains(@id,'camara_')]) 
2025-12-16 17:43:53.250  INFO 1 - [7878-exec-8] healenium                        : [Save Elements] Request: By.id(mail) 
2025-12-16 17:43:53.940  INFO 1 - [7878-exec-9] healenium                        : [Save Elements] Request: By.id(mail) 
2025-12-16 17:43:54.276  INFO 1 - [878-exec-10] healenium                        : [Save Elements] Request: By.id(identificacion) 
2025-12-16 17:43:54.442  INFO 1 - [7878-exec-1] healenium                        : [Save Elements] Request: By.id(identificacion) 
2025-12-16 17:43:54.727  INFO 1 - [7878-exec-2] healenium                        : [Save Elements] Request: By.id(pass) 
2025-12-16 17:43:54.855  INFO 1 - [7878-exec-3] healenium                        : [Save Elements] Request: By.id(pass) 
2025-12-16 17:43:55.118  INFO 1 - [7878-exec-4] healenium                        : [Save Elements] Request: By.xpath(//*[contains(text(), 'Ingresar')]) 
2025-12-16 17:43:55.262  INFO 1 - [7878-exec-5] healenium                        : [Save Elements] Request: By.xpath(//*[contains(text(), 'Ingresar')]) 
2025-12-16 17:43:55.326  INFO 1 - [7878-exec-6] healenium                        : [Save Elements] Request: By.xpath(//*[contains(text(), 'Ingresar')]) 
2025-12-16 17:43:57.038  INFO 1 - [7878-exec-7] healenium                        : [Save Elements] Request: By.xpath(//div[@id='modalLoader']) 
2025-12-16 17:43:57.190  INFO 1 - [7878-exec-8] healenium                        : [Save Elements] Request: By.xpath(//div[@id='modalLoader']) 
2025-12-16 17:43:58.644  INFO 1 - [7878-exec-9] healenium                        : [Save Elements] Request: By.cssSelector(.rounded.expMenu) 
2025-12-16 17:43:58.794  INFO 1 - [878-exec-10] healenium                        : [Save Elements] Request: By.cssSelector(.rounded.expMenu) 
2025-12-16 17:43:58.848  INFO 1 - [7878-exec-1] healenium                        : [Save Elements] Request: By.cssSelector(.rounded.expMenu) 
2025-12-16 17:43:59.148  INFO 1 - [7878-exec-2] healenium                        : [Save Elements] Request: By.xpath(//div[@id='modalLoader']) 
2025-12-16 17:43:59.289  INFO 1 - [7878-exec-3] healenium                        : [Save Elements] Request: By.xpath(//div[@id='modalLoader']) 
2025-12-16 17:44:00.589  INFO 1 - [7878-exec-4] healenium                        : [Save Elements] Request: By.id(sidebar-search) 
2025-12-16 17:44:00.796  INFO 1 - [7878-exec-5] healenium                        : [Save Elements] Request: By.id(sidebar-search) 
2025-12-16 17:44:01.188  INFO 1 - [7878-exec-6] healenium                        : [Save Elements] Request: By.xpath(//li[@class='list-group-item list-group-item-action'][1]) 
2025-12-16 17:44:01.281  INFO 1 - [7878-exec-7] healenium                        : [Save Elements] Request: By.xpath(//li[@class='list-group-item list-group-item-action'][1]) 
2025-12-16 17:44:05.279  INFO 1 - [7878-exec-8] healenium                        : [Save Elements] Request: By.id(BLOQUEAR_PROPIETARIOS_NO_RENOVADOS_FORANEOS) 
2025-12-16 17:44:05.448  INFO 1 - [7878-exec-9] healenium                        : [Save Elements] Request: By.xpath(.//option[normalize-space(.) = "NO"]) 
2025-12-16 17:44:36.188  INFO 1 - [7878-exec-8] healenium                        : [Save Elements] Request: By.id(searchCam) 
2025-12-16 17:44:36.363  INFO 1 - [7878-exec-9] healenium                        : [Save Elements] Request: By.id(searchCam) 
2025-12-16 17:44:36.645  INFO 1 - [878-exec-10] healenium                        : [Save Elements] Request: By.xpath(//button[@data-original-title="Buscar"]) 
2025-12-16 17:44:36.860  INFO 1 - [7878-exec-1] healenium                        : [Save Elements] Request: By.xpath(//button[@data-original-title="Buscar"]) 
2025-12-16 17:44:36.915  INFO 1 - [7878-exec-2] healenium                        : [Save Elements] Request: By.xpath(//button[@data-original-title="Buscar"]) 
2025-12-16 17:44:37.409  INFO 1 - [7878-exec-3] healenium                        : [Save Elements] Request: By.xpath(//img[contains(@id,'camara_')]) 
2025-12-16 17:44:37.565  INFO 1 - [7878-exec-4] healenium                        : [Save Elements] Request: By.xpath(//img[contains(@id,'camara_')]) 
2025-12-16 17:44:37.630  INFO 1 - [7878-exec-5] healenium                        : [Save Elements] Request: By.xpath(//img[contains(@id,'camara_')]) 
2025-12-16 17:44:37.908  INFO 1 - [7878-exec-6] healenium                        : [Save Elements] Request: By.id(mail) 
2025-12-16 17:44:38.587  INFO 1 - [7878-exec-7] healenium                        : [Save Elements] Request: By.id(mail) 
2025-12-16 17:44:38.838  INFO 1 - [7878-exec-8] healenium                        : [Save Elements] Request: By.id(identificacion) 
2025-12-16 17:44:38.984  INFO 1 - [7878-exec-9] healenium                        : [Save Elements] Request: By.id(identificacion) 
2025-12-16 17:44:39.248  INFO 1 - [878-exec-10] healenium                        : [Save Elements] Request: By.id(pass) 
2025-12-16 17:44:39.390  INFO 1 - [7878-exec-1] healenium                        : [Save Elements] Request: By.id(pass) 
2025-12-16 17:44:39.786  INFO 1 - [7878-exec-2] healenium                        : [Save Elements] Request: By.xpath(//*[contains(text(), 'Ingresar')]) 
2025-12-16 17:44:39.930  INFO 1 - [7878-exec-3] healenium                        : [Save Elements] Request: By.xpath(//*[contains(text(), 'Ingresar')]) 
2025-12-16 17:44:39.982  INFO 1 - [7878-exec-4] healenium                        : [Save Elements] Request: By.xpath(//*[contains(text(), 'Ingresar')]) 
2025-12-16 17:44:41.338  INFO 1 - [7878-exec-5] healenium                        : [Save Elements] Request: By.xpath(//div[@id='modalLoader']) 
2025-12-16 17:44:41.461  INFO 1 - [7878-exec-6] healenium                        : [Save Elements] Request: By.xpath(//div[@id='modalLoader']) 
2025-12-16 17:44:42.810  INFO 1 - [7878-exec-7] healenium                        : [Save Elements] Request: By.id(selectS) 
2025-12-16 17:44:42.936  INFO 1 - [7878-exec-8] healenium                        : [Save Elements] Request: By.id(selectS) 
2025-12-16 17:44:43.074  INFO 1 - [7878-exec-9] healenium                        : [Save Elements] Request: By.id(selectS) 
2025-12-16 17:44:43.142  INFO 1 - [878-exec-10] healenium                        : [Save Elements] Request: By.xpath(.//option[normalize-space(.) = "Matricula"]) 
2025-12-16 17:44:43.433  INFO 1 - [7878-exec-1] healenium                        : [Save Elements] Request: By.id(criterio) 
2025-12-16 17:44:43.742  INFO 1 - [7878-exec-2] healenium                        : [Save Elements] Request: By.xpath(//button[contains(text(), 'Continuar')]) 
2025-12-16 17:44:43.797  INFO 1 - [7878-exec-3] healenium                        : [Save Elements] Request: By.xpath(//button[contains(text(), 'Continuar')]) 
2025-12-16 17:47:57.595  INFO 1 - [878-exec-10] healenium                        : [Save Elements] Request: By.id(searchCam) 
2025-12-16 17:47:57.700  INFO 1 - [7878-exec-1] healenium                        : [Save Elements] Request: By.id(searchCam) 
2025-12-16 17:47:57.927  INFO 1 - [7878-exec-2] healenium                        : [Save Elements] Request: By.xpath(//button[@data-original-title="Buscar"]) 
2025-12-16 17:47:58.041  INFO 1 - [7878-exec-3] healenium                        : [Save Elements] Request: By.xpath(//button[@data-original-title="Buscar"]) 
2025-12-16 17:47:58.086  INFO 1 - [7878-exec-4] healenium                        : [Save Elements] Request: By.xpath(//button[@data-original-title="Buscar"]) 
2025-12-16 17:47:58.574  INFO 1 - [7878-exec-5] healenium                        : [Save Elements] Request: By.xpath(//img[contains(@id,'camara_')]) 
2025-12-16 17:47:58.704  INFO 1 - [7878-exec-6] healenium                        : [Save Elements] Request: By.xpath(//img[contains(@id,'camara_')]) 
2025-12-16 17:47:58.746  INFO 1 - [7878-exec-7] healenium                        : [Save Elements] Request: By.xpath(//img[contains(@id,'camara_')]) 
2025-12-16 17:47:58.973  INFO 1 - [7878-exec-8] healenium                        : [Save Elements] Request: By.id(mail) 
2025-12-16 17:47:59.650  INFO 1 - [7878-exec-9] healenium                        : [Save Elements] Request: By.id(mail) 
2025-12-16 17:47:59.936  INFO 1 - [878-exec-10] healenium                        : [Save Elements] Request: By.id(identificacion) 
2025-12-16 17:48:00.088  INFO 1 - [7878-exec-1] healenium                        : [Save Elements] Request: By.id(identificacion) 
2025-12-16 17:48:00.384  INFO 1 - [7878-exec-2] healenium                        : [Save Elements] Request: By.id(pass) 
2025-12-16 17:48:00.494  INFO 1 - [7878-exec-3] healenium                        : [Save Elements] Request: By.id(pass) 
2025-12-16 17:48:00.710  INFO 1 - [7878-exec-4] healenium                        : [Save Elements] Request: By.xpath(//*[contains(text(), 'Ingresar')]) 
2025-12-16 17:48:00.830  INFO 1 - [7878-exec-5] healenium                        : [Save Elements] Request: By.xpath(//*[contains(text(), 'Ingresar')]) 
2025-12-16 17:48:00.882  INFO 1 - [7878-exec-6] healenium                        : [Save Elements] Request: By.xpath(//*[contains(text(), 'Ingresar')]) 
2025-12-16 17:48:03.650  INFO 1 - [7878-exec-7] healenium                        : [Save Elements] Request: By.xpath(//div[@id='modalLoader']) 
2025-12-16 17:48:03.752  INFO 1 - [7878-exec-8] healenium                        : [Save Elements] Request: By.xpath(//div[@id='modalLoader']) 
2025-12-16 17:48:05.043  INFO 1 - [7878-exec-9] healenium                        : [Save Elements] Request: By.id(selectS) 
2025-12-16 17:48:05.142  INFO 1 - [878-exec-10] healenium                        : [Save Elements] Request: By.id(selectS) 
2025-12-16 17:48:05.267  INFO 1 - [7878-exec-1] healenium                        : [Save Elements] Request: By.id(selectS) 
2025-12-16 17:48:05.332  INFO 1 - [7878-exec-2] healenium                        : [Save Elements] Request: By.xpath(.//option[normalize-space(.) = "Matricula"]) 
2025-12-16 17:48:05.602  INFO 1 - [7878-exec-3] healenium                        : [Save Elements] Request: By.id(criterio) 
2025-12-16 17:48:05.955  INFO 1 - [7878-exec-4] healenium                        : [Save Elements] Request: By.xpath(//button[contains(text(), 'Continuar')]) 
2025-12-16 17:48:06.031  INFO 1 - [7878-exec-5] healenium                        : [Save Elements] Request: By.xpath(//button[contains(text(), 'Continuar')]) 
2025-12-16 17:51:20.047  INFO 1 - [7878-exec-3] healenium                        : [Save Elements] Request: By.id(searchCam) 
2025-12-16 17:51:20.143  INFO 1 - [7878-exec-4] healenium                        : [Save Elements] Request: By.id(searchCam) 
2025-12-16 17:51:20.316  INFO 1 - [7878-exec-5] healenium                        : [Save Elements] Request: By.xpath(//button[@data-original-title="Buscar"]) 
2025-12-16 17:51:20.421  INFO 1 - [7878-exec-6] healenium                        : [Save Elements] Request: By.xpath(//button[@data-original-title="Buscar"]) 
2025-12-16 17:51:20.454  INFO 1 - [7878-exec-7] healenium                        : [Save Elements] Request: By.xpath(//button[@data-original-title="Buscar"]) 
2025-12-16 17:51:20.935  INFO 1 - [7878-exec-8] healenium                        : [Save Elements] Request: By.xpath(//img[contains(@id,'camara_')]) 
2025-12-16 17:51:21.058  INFO 1 - [7878-exec-9] healenium                        : [Save Elements] Request: By.xpath(//img[contains(@id,'camara_')]) 
2025-12-16 17:51:21.106  INFO 1 - [878-exec-10] healenium                        : [Save Elements] Request: By.xpath(//img[contains(@id,'camara_')]) 
2025-12-16 17:51:21.257  INFO 1 - [7878-exec-1] healenium                        : [Save Elements] Request: By.id(mail) 
2025-12-16 17:51:21.886  INFO 1 - [7878-exec-2] healenium                        : [Save Elements] Request: By.id(mail) 
2025-12-16 17:51:22.058  INFO 1 - [7878-exec-3] healenium                        : [Save Elements] Request: By.id(identificacion) 
2025-12-16 17:51:22.154  INFO 1 - [7878-exec-4] healenium                        : [Save Elements] Request: By.id(identificacion) 
2025-12-16 17:51:22.331  INFO 1 - [7878-exec-5] healenium                        : [Save Elements] Request: By.id(pass) 
2025-12-16 17:51:22.426  INFO 1 - [7878-exec-6] healenium                        : [Save Elements] Request: By.id(pass) 
2025-12-16 17:51:22.582  INFO 1 - [7878-exec-7] healenium                        : [Save Elements] Request: By.xpath(//*[contains(text(), 'Ingresar')]) 
2025-12-16 17:51:22.689  INFO 1 - [7878-exec-8] healenium                        : [Save Elements] Request: By.xpath(//*[contains(text(), 'Ingresar')]) 
2025-12-16 17:51:22.729  INFO 1 - [7878-exec-9] healenium                        : [Save Elements] Request: By.xpath(//*[contains(text(), 'Ingresar')]) 
2025-12-16 17:51:23.960  INFO 1 - [878-exec-10] healenium                        : [Save Elements] Request: By.xpath(//div[@id='modalLoader']) 
2025-12-16 17:51:24.090  INFO 1 - [7878-exec-1] healenium                        : [Save Elements] Request: By.xpath(//div[@id='modalLoader']) 
2025-12-16 17:51:25.356  INFO 1 - [7878-exec-2] healenium                        : [Save Elements] Request: By.id(selectS) 
2025-12-16 17:51:25.448  INFO 1 - [7878-exec-3] healenium                        : [Save Elements] Request: By.id(selectS) 
2025-12-16 17:51:25.572  INFO 1 - [7878-exec-4] healenium                        : [Save Elements] Request: By.id(selectS) 
2025-12-16 17:51:25.634  INFO 1 - [7878-exec-5] healenium                        : [Save Elements] Request: By.xpath(.//option[normalize-space(.) = "Matricula"]) 
2025-12-16 17:51:25.863  INFO 1 - [7878-exec-6] healenium                        : [Save Elements] Request: By.id(criterio) 
2025-12-16 17:51:26.151  INFO 1 - [7878-exec-7] healenium                        : [Save Elements] Request: By.xpath(//button[contains(text(), 'Continuar')]) 
2025-12-16 17:51:26.201  INFO 1 - [7878-exec-8] healenium                        : [Save Elements] Request: By.xpath(//button[contains(text(), 'Continuar')]) 
2025-12-16 17:51:27.465  INFO 1 - [7878-exec-9] healenium                        : [Save Elements] Request: By.xpath((//i[@data-original-title="Acciones Disponibles"])[1]) 
2025-12-16 17:51:27.735  INFO 1 - [878-exec-10] healenium                        : [Save Elements] Request: By.xpath((//i[@data-original-title="Acciones Disponibles"])[1]) 
2025-12-16 17:51:27.910  INFO 1 - [7878-exec-1] healenium                        : [Save Elements] Request: By.xpath((//i[@data-original-title="Acciones Disponibles"])[1]) 
2025-12-16 17:51:28.459  INFO 1 - [7878-exec-2] healenium                        : [Save Elements] Request: By.xpath(//*[text()='Trámites del Registro Mercantil y de ESADL']) 
2025-12-16 17:51:29.154  INFO 1 - [7878-exec-3] healenium                        : [Save Elements] Request: By.xpath(//*[text()='Trámites del Registro Mercantil y de ESADL']) 
2025-12-16 17:51:29.253  INFO 1 - [7878-exec-4] healenium                        : [Save Elements] Request: By.xpath(//*[text()='Trámites del Registro Mercantil y de ESADL']) 
2025-12-16 17:51:29.473  INFO 1 - [7878-exec-5] healenium                        : [Save Elements] Request: By.xpath(//span[text()='Renovar matrícula']) 
2025-12-16 17:51:29.627  INFO 1 - [7878-exec-6] healenium                        : [Save Elements] Request: By.xpath(//span[text()='Renovar matrícula']) 
2025-12-16 17:51:29.737  INFO 1 - [7878-exec-7] healenium                        : [Save Elements] Request: By.xpath(//span[text()='Renovar matrícula']) 
2025-12-16 17:51:30.032  INFO 1 - [7878-exec-8] healenium                        : [Save Elements] Request: By.xpath(//form[@id='iniciarRenovacion']//button[@type='submit']) 
2025-12-16 17:51:30.155  INFO 1 - [7878-exec-9] healenium                        : [Save Elements] Request: By.xpath(//form[@id='iniciarRenovacion']//button[@type='submit']) 
2025-12-16 17:51:30.259  INFO 1 - [878-exec-10] healenium                        : [Save Elements] Request: By.xpath(//form[@id='iniciarRenovacion']//button[@type='submit']) 
2025-12-16 17:51:30.329  INFO 1 - [7878-exec-1] healenium                        : [Save Elements] Request: By.xpath(//form[@id='iniciarRenovacion']//button[@type='submit']) 
2025-12-16 17:51:30.576  INFO 1 - [7878-exec-2] healenium                        : [Save Elements] Request: By.xpath(//div[@id='modalLoader']) 
2025-12-16 17:51:30.700  INFO 1 - [7878-exec-3] healenium                        : [Save Elements] Request: By.xpath(//div[@id='modalLoader']) 
2025-12-16 17:51:33.536  INFO 1 - [7878-exec-4] healenium                        : [Save Elements] Request: By.xpath(//button[normalize-space()='Aceptar']) 
2025-12-16 17:51:33.652  INFO 1 - [7878-exec-5] healenium                        : [Save Elements] Request: By.xpath(//button[normalize-space()='Aceptar']) 
2025-12-16 17:51:33.704  INFO 1 - [7878-exec-6] healenium                        : [Save Elements] Request: By.xpath(//button[normalize-space()='Aceptar']) 
2025-12-16 17:51:33.897  INFO 1 - [7878-exec-7] healenium                        : [Save Elements] Request: By.xpath(/html/body/div[1]/main/div[2]/div[2]/div[1]/div/div/form/div[1]/div[3]/div[2]/div/div[2]/table/tbody/tr/td[4]/div/input) 
2025-12-16 17:51:34.017  INFO 1 - [7878-exec-8] healenium                        : [Save Elements] Request: By.xpath(/html/body/div[1]/main/div[2]/div[2]/div[1]/div/div/form/div[1]/div[3]/div[2]/div/div[2]/table/tbody/tr/td[4]/div/input) 
2025-12-16 17:51:34.273  INFO 1 - [7878-exec-9] healenium                        : [Save Elements] Request: By.xpath(/html/body/div[1]/main/div[2]/div[2]/div[1]/div/div/form/div[1]/div[4]/div[2]/div/div[2]/table/tbody/tr/td[4]/div/input) 
2025-12-16 17:51:34.402  INFO 1 - [878-exec-10] healenium                        : [Save Elements] Request: By.xpath(/html/body/div[1]/main/div[2]/div[2]/div[1]/div/div/form/div[1]/div[4]/div[2]/div/div[2]/table/tbody/tr/td[4]/div/input) 
2025-12-16 17:51:34.700  INFO 1 - [7878-exec-1] healenium                        : [Save Elements] Request: By.id(numeroempleados) 
2025-12-16 17:51:34.792  INFO 1 - [7878-exec-2] healenium                        : [Save Elements] Request: By.id(numeroempleados) 
2025-12-16 17:51:34.881  INFO 1 - [7878-exec-3] healenium                        : [Save Elements] Request: By.id(numeroempleados) 
2025-12-16 17:51:35.088  INFO 1 - [7878-exec-4] healenium                        : [Save Elements] Request: By.xpath((//button[normalize-space()='Continuar'])[1]) 
2025-12-16 17:51:35.172  INFO 1 - [7878-exec-5] healenium                        : [Save Elements] Request: By.xpath((//button[normalize-space()='Continuar'])[1]) 
2025-12-16 17:51:35.285  INFO 1 - [7878-exec-6] healenium                        : [Save Elements] Request: By.xpath((//button[normalize-space()='Continuar'])[1]) 
2025-12-16 17:51:35.336  INFO 1 - [7878-exec-7] healenium                        : [Save Elements] Request: By.xpath((//button[normalize-space()='Continuar'])[1]) 
2025-12-16 17:51:37.079  INFO 1 - [7878-exec-8] healenium                        : [Save Elements] Request: By.id(activosMenores) 
2025-12-16 17:51:37.703  INFO 1 - [7878-exec-9] healenium                        : [Save Elements] Request: By.id(activosMenores) 
2025-12-16 17:51:37.797  INFO 1 - [878-exec-10] healenium                        : [Save Elements] Request: By.id(activosMenores) 
2025-12-16 17:51:37.982  INFO 1 - [7878-exec-1] healenium                        : [Save Elements] Request: By.xpath(//button[text()='Cerrar']) 
2025-12-16 17:51:39.711  INFO 1 - [7878-exec-2] healenium                        : [Save Elements] Request: By.xpath(//button[text()='Cerrar']) 
2025-12-16 17:51:39.771  INFO 1 - [7878-exec-3] healenium                        : [Save Elements] Request: By.xpath(//button[text()='Cerrar']) 
2025-12-16 17:51:41.767  INFO 1 - [7878-exec-4] healenium                        : [Save Elements] Request: By.xpath(//i[@title="Visualizar balance"]) 
2025-12-16 17:51:41.845  INFO 1 - [7878-exec-5] healenium                        : [Save Elements] Request: By.xpath(//i[@title="Visualizar balance"]) 
2025-12-16 17:51:41.942  INFO 1 - [7878-exec-6] healenium                        : [Save Elements] Request: By.xpath(//i[@title="Visualizar balance"]) 
2025-12-16 17:51:42.000  INFO 1 - [7878-exec-7] healenium                        : [Save Elements] Request: By.xpath(//i[@title="Visualizar balance"]) 
2025-12-16 17:51:42.240  INFO 1 - [7878-exec-8] healenium                        : [Save Elements] Request: By.xpath(//button[text()='Cerrar']) 
2025-12-16 17:54:47.188  INFO 1 - [7878-exec-3] healenium                        : [Save Elements] Request: By.id(searchCam) 
2025-12-16 17:54:47.282  INFO 1 - [7878-exec-4] healenium                        : [Save Elements] Request: By.id(searchCam) 
2025-12-16 17:54:47.439  INFO 1 - [7878-exec-5] healenium                        : [Save Elements] Request: By.xpath(//button[@data-original-title="Buscar"]) 
2025-12-16 17:54:47.552  INFO 1 - [7878-exec-6] healenium                        : [Save Elements] Request: By.xpath(//button[@data-original-title="Buscar"]) 
2025-12-16 17:54:47.598  INFO 1 - [7878-exec-7] healenium                        : [Save Elements] Request: By.xpath(//button[@data-original-title="Buscar"]) 
2025-12-16 17:54:48.062  INFO 1 - [7878-exec-8] healenium                        : [Save Elements] Request: By.xpath(//img[contains(@id,'camara_')]) 
2025-12-16 17:54:48.180  INFO 1 - [7878-exec-9] healenium                        : [Save Elements] Request: By.xpath(//img[contains(@id,'camara_')]) 
2025-12-16 17:54:48.216  INFO 1 - [878-exec-10] healenium                        : [Save Elements] Request: By.xpath(//img[contains(@id,'camara_')]) 
2025-12-16 17:54:48.369  INFO 1 - [7878-exec-1] healenium                        : [Save Elements] Request: By.id(mail) 
2025-12-16 17:54:49.001  INFO 1 - [7878-exec-2] healenium                        : [Save Elements] Request: By.id(mail) 
2025-12-16 17:54:49.171  INFO 1 - [7878-exec-3] healenium                        : [Save Elements] Request: By.id(identificacion) 
2025-12-16 17:54:49.273  INFO 1 - [7878-exec-4] healenium                        : [Save Elements] Request: By.id(identificacion) 
2025-12-16 17:54:49.438  INFO 1 - [7878-exec-5] healenium                        : [Save Elements] Request: By.id(pass) 
2025-12-16 17:54:49.530  INFO 1 - [7878-exec-6] healenium                        : [Save Elements] Request: By.id(pass) 
2025-12-16 17:54:49.693  INFO 1 - [7878-exec-7] healenium                        : [Save Elements] Request: By.xpath(//*[contains(text(), 'Ingresar')]) 
2025-12-16 17:54:49.802  INFO 1 - [7878-exec-8] healenium                        : [Save Elements] Request: By.xpath(//*[contains(text(), 'Ingresar')]) 
2025-12-16 17:54:49.843  INFO 1 - [7878-exec-9] healenium                        : [Save Elements] Request: By.xpath(//*[contains(text(), 'Ingresar')]) 
2025-12-16 17:54:51.230  INFO 1 - [878-exec-10] healenium                        : [Save Elements] Request: By.xpath(//div[@id='modalLoader']) 
2025-12-16 17:54:51.349  INFO 1 - [7878-exec-1] healenium                        : [Save Elements] Request: By.xpath(//div[@id='modalLoader']) 
2025-12-16 17:54:52.618  INFO 1 - [7878-exec-2] healenium                        : [Save Elements] Request: By.id(selectS) 
2025-12-16 17:54:52.726  INFO 1 - [7878-exec-3] healenium                        : [Save Elements] Request: By.id(selectS) 
2025-12-16 17:54:52.832  INFO 1 - [7878-exec-4] healenium                        : [Save Elements] Request: By.id(selectS) 
2025-12-16 17:54:52.876  INFO 1 - [7878-exec-5] healenium                        : [Save Elements] Request: By.xpath(.//option[normalize-space(.) = "Matricula"]) 
2025-12-16 17:54:53.040  INFO 1 - [7878-exec-6] healenium                        : [Save Elements] Request: By.id(criterio) 
2025-12-16 17:54:53.241  INFO 1 - [7878-exec-7] healenium                        : [Save Elements] Request: By.xpath(//button[contains(text(), 'Continuar')]) 
2025-12-16 17:54:53.309  INFO 1 - [7878-exec-8] healenium                        : [Save Elements] Request: By.xpath(//button[contains(text(), 'Continuar')]) 
2025-12-16 17:54:54.424  INFO 1 - [7878-exec-9] healenium                        : [Save Elements] Request: By.xpath((//i[@data-original-title="Acciones Disponibles"])[1]) 
2025-12-16 17:54:54.638  INFO 1 - [878-exec-10] healenium                        : [Save Elements] Request: By.xpath((//i[@data-original-title="Acciones Disponibles"])[1]) 
2025-12-16 17:54:54.793  INFO 1 - [7878-exec-1] healenium                        : [Save Elements] Request: By.xpath((//i[@data-original-title="Acciones Disponibles"])[1]) 
2025-12-16 17:54:55.303  INFO 1 - [7878-exec-2] healenium                        : [Save Elements] Request: By.xpath(//*[text()='Trámites del Registro Mercantil y de ESADL']) 
2025-12-16 17:54:55.979  INFO 1 - [7878-exec-3] healenium                        : [Save Elements] Request: By.xpath(//*[text()='Trámites del Registro Mercantil y de ESADL']) 
2025-12-16 17:54:56.047  INFO 1 - [7878-exec-4] healenium                        : [Save Elements] Request: By.xpath(//*[text()='Trámites del Registro Mercantil y de ESADL']) 
2025-12-16 17:54:56.236  INFO 1 - [7878-exec-5] healenium                        : [Save Elements] Request: By.xpath(//span[text()='Renovar matrícula']) 
2025-12-16 17:54:56.369  INFO 1 - [7878-exec-6] healenium                        : [Save Elements] Request: By.xpath(//span[text()='Renovar matrícula']) 
2025-12-16 17:54:56.464  INFO 1 - [7878-exec-7] healenium                        : [Save Elements] Request: By.xpath(//span[text()='Renovar matrícula']) 
2025-12-16 17:54:56.765  INFO 1 - [7878-exec-8] healenium                        : [Save Elements] Request: By.xpath(//form[@id='iniciarRenovacion']//button[@type='submit']) 
2025-12-16 17:54:56.867  INFO 1 - [7878-exec-9] healenium                        : [Save Elements] Request: By.xpath(//form[@id='iniciarRenovacion']//button[@type='submit']) 
2025-12-16 17:54:56.999  INFO 1 - [878-exec-10] healenium                        : [Save Elements] Request: By.xpath(//form[@id='iniciarRenovacion']//button[@type='submit']) 
2025-12-16 17:54:57.050  INFO 1 - [7878-exec-1] healenium                        : [Save Elements] Request: By.xpath(//form[@id='iniciarRenovacion']//button[@type='submit']) 
2025-12-16 17:54:58.118  INFO 1 - [7878-exec-2] healenium                        : [Save Elements] Request: By.xpath(//button[normalize-space()='Aceptar']) 
2025-12-16 17:54:58.336  INFO 1 - [7878-exec-3] healenium                        : [Save Elements] Request: By.xpath(//button[normalize-space()='Aceptar']) 
2025-12-16 17:54:58.409  INFO 1 - [7878-exec-4] healenium                        : [Save Elements] Request: By.xpath(//button[normalize-space()='Aceptar']) 
2025-12-16 17:54:58.945  INFO 1 - [7878-exec-5] healenium                        : [Save Elements] Request: By.xpath(/html/body/div[1]/main/div[2]/div[2]/div[1]/div/div/form/div[1]/div[3]/div[2]/div/div[2]/table/tbody/tr/td[4]/div/input) 
2025-12-16 17:54:59.066  INFO 1 - [7878-exec-6] healenium                        : [Save Elements] Request: By.xpath(/html/body/div[1]/main/div[2]/div[2]/div[1]/div/div/form/div[1]/div[3]/div[2]/div/div[2]/table/tbody/tr/td[4]/div/input) 
2025-12-16 17:54:59.234  INFO 1 - [7878-exec-7] healenium                        : [Save Elements] Request: By.id(numeroempleados) 
2025-12-16 17:54:59.306  INFO 1 - [7878-exec-8] healenium                        : [Save Elements] Request: By.id(numeroempleados) 
2025-12-16 17:54:59.396  INFO 1 - [7878-exec-9] healenium                        : [Save Elements] Request: By.id(numeroempleados) 
2025-12-16 17:54:59.570  INFO 1 - [878-exec-10] healenium                        : [Save Elements] Request: By.xpath((//button[normalize-space()='Continuar'])[1]) 
2025-12-16 17:54:59.659  INFO 1 - [7878-exec-1] healenium                        : [Save Elements] Request: By.xpath((//button[normalize-space()='Continuar'])[1]) 
2025-12-16 17:54:59.740  INFO 1 - [7878-exec-2] healenium                        : [Save Elements] Request: By.xpath((//button[normalize-space()='Continuar'])[1]) 
2025-12-16 17:54:59.790  INFO 1 - [7878-exec-3] healenium                        : [Save Elements] Request: By.xpath((//button[normalize-space()='Continuar'])[1]) 
2025-12-16 17:54:59.944  INFO 1 - [7878-exec-4] healenium                        : [Save Elements] Request: By.xpath(//div[@id='modalLoader']) 
2025-12-16 17:55:00.152  INFO 1 - [7878-exec-5] healenium                        : [Save Elements] Request: By.xpath(//div[@id='modalLoader']) 
2025-12-16 17:55:02.986  INFO 1 - [7878-exec-6] healenium                        : [Save Elements] Request: By.xpath(//i[@class='fa-sharp fa-solid fa-pen-to-square']) 
2025-12-16 17:55:03.073  INFO 1 - [7878-exec-7] healenium                        : [Save Elements] Request: By.xpath(//i[@class='fa-sharp fa-solid fa-pen-to-square']) 
2025-12-16 17:55:03.174  INFO 1 - [7878-exec-8] healenium                        : [Save Elements] Request: By.xpath(//i[@class='fa-sharp fa-solid fa-pen-to-square']) 
2025-12-16 17:55:03.236  INFO 1 - [7878-exec-9] healenium                        : [Save Elements] Request: By.xpath(//i[@class='fa-sharp fa-solid fa-pen-to-square']) 
2025-12-16 17:55:07.562  INFO 1 - [878-exec-10] healenium                        : [Save Elements] Request: By.id(emprendimientosocial) 
2025-12-16 17:55:07.721  INFO 1 - [7878-exec-1] healenium                        : [Save Elements] Request: By.id(emprendimientosocial) 
2025-12-16 17:55:07.844  INFO 1 - [7878-exec-2] healenium                        : [Save Elements] Request: By.id(emprendimientosocial) 
2025-12-16 17:55:07.983  INFO 1 - [7878-exec-3] healenium                        : [Save Elements] Request: By.id(emprendimientosocial) 
2025-12-16 17:55:08.101  INFO 1 - [7878-exec-4] healenium                        : [Save Elements] Request: By.xpath(.//option[normalize-space(.) = "SI"]) 
2025-12-16 17:55:08.328  INFO 1 - [7878-exec-5] healenium                        : [Save Elements] Request: By.id(ctrmennot) 
2025-12-16 17:55:08.462  INFO 1 - [7878-exec-6] healenium                        : [Save Elements] Request: By.id(ctrmennot) 
2025-12-16 17:55:08.604  INFO 1 - [7878-exec-7] healenium                        : [Save Elements] Request: By.id(ctrmennot) 
2025-12-16 17:55:08.690  INFO 1 - [7878-exec-8] healenium                        : [Save Elements] Request: By.xpath(.//option[normalize-space(.) = "SI"]) 
2025-12-16 17:55:08.945  INFO 1 - [7878-exec-9] healenium                        : [Save Elements] Request: By.id(ciiutamanoempresarial_1) 
2025-12-16 17:55:09.102  INFO 1 - [878-exec-10] healenium                        : [Save Elements] Request: By.id(ciiutamanoempresarial_1) 
2025-12-16 17:55:09.204  INFO 1 - [7878-exec-1] healenium                        : [Save Elements] Request: By.id(ciiutamanoempresarial_1) 
2025-12-16 17:55:09.450  INFO 1 - [7878-exec-2] healenium                        : [Save Elements] Request: By.id(actcte_2025) 
2025-12-16 17:55:09.597  INFO 1 - [7878-exec-3] healenium                        : [Save Elements] Request: By.id(actcte_2025) 
2025-12-16 17:55:09.768  INFO 1 - [7878-exec-4] healenium                        : [Save Elements] Request: By.id(actcte_2025) 
2025-12-16 17:55:10.105  INFO 1 - [7878-exec-5] healenium                        : [Save Elements] Request: By.id(pattot_2025) 
2025-12-16 17:55:10.231  INFO 1 - [7878-exec-6] healenium                        : [Save Elements] Request: By.id(pattot_2025) 
2025-12-16 17:55:10.410  INFO 1 - [7878-exec-7] healenium                        : [Save Elements] Request: By.id(pattot_2025) 
2025-12-16 17:55:10.784  INFO 1 - [7878-exec-8] healenium                        : [Save Elements] Request: By.id(ingope_2025) 
2025-12-16 17:55:10.944  INFO 1 - [7878-exec-9] healenium                        : [Save Elements] Request: By.id(ingope_2025) 
2025-12-16 17:55:11.115  INFO 1 - [878-exec-10] healenium                        : [Save Elements] Request: By.id(ingope_2025) 
2025-12-16 17:55:11.433  INFO 1 - [7878-exec-1] healenium                        : [Save Elements] Request: By.id(personal_2025) 
2025-12-16 17:55:11.761  INFO 1 - [7878-exec-2] healenium                        : [Save Elements] Request: By.xpath(//*[contains(text(), 'Almacenar')]) 
2025-12-16 17:55:11.898  INFO 1 - [7878-exec-3] healenium                        : [Save Elements] Request: By.xpath(//*[contains(text(), 'Almacenar')]) 
2025-12-16 17:55:12.075  INFO 1 - [7878-exec-4] healenium                        : [Save Elements] Request: By.xpath(//*[contains(text(), 'Almacenar')]) 
2025-12-16 17:55:12.179  INFO 1 - [7878-exec-5] healenium                        : [Save Elements] Request: By.xpath(//*[contains(text(), 'Almacenar')]) 
2025-12-16 17:55:16.529  INFO 1 - [7878-exec-6] healenium                        : [Save Elements] Request: By.cssSelector(button[class='btn btn-primary bootbox-accept']) 
2025-12-16 17:55:16.643  INFO 1 - [7878-exec-7] healenium                        : [Save Elements] Request: By.cssSelector(button[class='btn btn-primary bootbox-accept']) 
2025-12-16 17:55:16.769  INFO 1 - [7878-exec-8] healenium                        : [Save Elements] Request: By.cssSelector(button[class='btn btn-primary bootbox-accept']) 
2025-12-16 17:55:16.823  INFO 1 - [7878-exec-9] healenium                        : [Save Elements] Request: By.cssSelector(button[class='btn btn-primary bootbox-accept']) 
2025-12-16 17:55:17.167  INFO 1 - [878-exec-10] healenium                        : [Save Elements] Request: By.xpath(//div[@id='modalLoader']) 
2025-12-16 17:55:17.318  INFO 1 - [7878-exec-1] healenium                        : [Save Elements] Request: By.xpath(//div[@id='modalLoader']) 
2025-12-16 17:55:18.531  INFO 1 - [7878-exec-2] healenium                        : [Save Elements] Request: By.id(activosMenores) 
2025-12-16 17:55:18.624  INFO 1 - [7878-exec-3] healenium                        : [Save Elements] Request: By.id(activosMenores) 
2025-12-16 17:55:18.682  INFO 1 - [7878-exec-4] healenium                        : [Save Elements] Request: By.id(activosMenores) 
2025-12-16 17:55:18.755  INFO 1 - [7878-exec-5] healenium                        : [Save Elements] Request: By.id(activosMenores) 
2025-12-16 17:55:18.871  INFO 1 - [7878-exec-6] healenium                        : [Save Elements] Request: By.xpath(//button[text()='Cerrar']) 
2025-12-16 17:55:20.575  INFO 1 - [7878-exec-7] healenium                        : [Save Elements] Request: By.xpath(//button[text()='Cerrar']) 
2025-12-16 17:55:20.619  INFO 1 - [7878-exec-8] healenium                        : [Save Elements] Request: By.xpath(//button[text()='Cerrar']) 
2025-12-16 17:55:20.799  INFO 1 - [7878-exec-9] healenium                        : [Save Elements] Request: By.xpath(//div[@id='modalLoader']) 
2025-12-16 17:55:21.266  INFO 1 - [878-exec-10] healenium                        : [Save Elements] Request: By.xpath(//div[@id='modalLoader']) 
2025-12-16 17:55:23.035  INFO 1 - [7878-exec-1] healenium                        : [Save Elements] Request: By.xpath(//*[text()='Firma Manuscrita']) 
2025-12-16 17:55:23.126  INFO 1 - [7878-exec-2] healenium                        : [Save Elements] Request: By.xpath(//*[text()='Firma Manuscrita']) 
2025-12-16 17:55:23.208  INFO 1 - [7878-exec-3] healenium                        : [Save Elements] Request: By.xpath(//*[text()='Firma Manuscrita']) 
2025-12-16 17:55:23.251  INFO 1 - [7878-exec-4] healenium                        : [Save Elements] Request: By.xpath(//*[text()='Firma Manuscrita']) 
2025-12-16 17:55:23.818  INFO 1 - [7878-exec-5] healenium                        : [Save Elements] Request: By.id(nombres) 
2025-12-16 17:55:24.995  INFO 1 - [7878-exec-6] healenium                        : [Save Elements] Request: By.id(nombres) 
2025-12-16 17:55:25.234  INFO 1 - [7878-exec-7] healenium                        : [Save Elements] Request: By.id(correo) 
2025-12-16 17:55:25.374  INFO 1 - [7878-exec-8] healenium                        : [Save Elements] Request: By.id(correo) 
2025-12-16 17:55:25.596  INFO 1 - [7878-exec-9] healenium                        : [Save Elements] Request: By.id(tipoid) 
2025-12-16 17:55:25.722  INFO 1 - [878-exec-10] healenium                        : [Save Elements] Request: By.id(tipoid) 
2025-12-16 17:55:25.762  INFO 1 - [7878-exec-1] healenium                        : [Save Elements] Request: By.xpath(.//option[normalize-space(.) = "Cédula de extranjería"]) 
2025-12-16 17:55:25.933  INFO 1 - [7878-exec-2] healenium                        : [Save Elements] Request: By.id(celular) 
2025-12-16 17:55:26.076  INFO 1 - [7878-exec-3] healenium                        : [Save Elements] Request: By.id(identificacion) 
2025-12-16 17:55:26.306  INFO 1 - [7878-exec-4] healenium                        : [Save Elements] Request: By.id(celular) 
2025-12-16 17:55:26.428  INFO 1 - [7878-exec-5] healenium                        : [Save Elements] Request: By.id(celular) 
2025-12-16 17:55:26.703  INFO 1 - [7878-exec-6] healenium                        : [Save Elements] Request: By.xpath(//*[contains(text(), 'Generar QR')]) 
2025-12-16 17:55:26.866  INFO 1 - [7878-exec-7] healenium                        : [Save Elements] Request: By.xpath(//*[contains(text(), 'Generar QR')]) 
2025-12-16 17:55:27.017  INFO 1 - [7878-exec-8] healenium                        : [Save Elements] Request: By.xpath(//*[contains(text(), 'Generar QR')]) 
2025-12-16 17:55:27.687  INFO 1 - [7878-exec-9] healenium                        : [Save Elements] Request: By.xpath(//img[@alt="FirmaQR"]) 
2025-12-16 17:55:27.762  INFO 1 - [878-exec-10] healenium                        : [Save Elements] Request: By.xpath(//img[@alt="FirmaQR"]) 
2025-12-16 17:55:27.875  INFO 1 - [7878-exec-1] healenium                        : [Save Elements] Request: By.xpath(//img[@alt="FirmaQR"]) 
2025-12-16 17:55:36.435  INFO 1 - [7878-exec-2] healenium                        : [Save Elements] Request: By.xpath(//form[@id="formularioFirmaManuscrita"]//canvas) 
2025-12-16 17:55:37.425  INFO 1 - [7878-exec-3] healenium                        : [Save Elements] Request: By.xpath(//*[contains(text(), ' Guardar firma')]) 
2025-12-16 17:55:37.555  INFO 1 - [7878-exec-4] healenium                        : [Save Elements] Request: By.xpath(//*[contains(text(), ' Guardar firma')]) 
2025-12-16 17:55:37.598  INFO 1 - [7878-exec-5] healenium                        : [Save Elements] Request: By.xpath(//*[contains(text(), ' Guardar firma')]) 
2025-12-16 17:55:37.826  INFO 1 - [7878-exec-6] healenium                        : [Save Elements] Request: By.xpath(//button[text()='Cerrar']) 
2025-12-16 17:55:37.945  INFO 1 - [7878-exec-7] healenium                        : [Save Elements] Request: By.xpath(//button[text()='Cerrar']) 
2025-12-16 17:55:37.984  INFO 1 - [7878-exec-8] healenium                        : [Save Elements] Request: By.xpath(//button[text()='Cerrar']) 
2025-12-16 17:55:38.168  INFO 1 - [7878-exec-9] healenium                        : [Save Elements] Request: By.xpath(//button[text()='Si']) 
2025-12-16 17:55:38.837  INFO 1 - [878-exec-10] healenium                        : [Save Elements] Request: By.xpath(//button[text()='Si']) 
2025-12-16 17:55:38.885  INFO 1 - [7878-exec-1] healenium                        : [Save Elements] Request: By.xpath(//button[text()='Si']) 
2025-12-16 17:55:55.121  INFO 1 - [7878-exec-6] healenium                        : [Save Elements] Request: By.id(searchCam) 
2025-12-16 17:55:55.219  INFO 1 - [7878-exec-7] healenium                        : [Save Elements] Request: By.id(searchCam) 
2025-12-16 17:55:55.365  INFO 1 - [7878-exec-8] healenium                        : [Save Elements] Request: By.xpath(//button[@data-original-title="Buscar"]) 
2025-12-16 17:55:55.471  INFO 1 - [7878-exec-9] healenium                        : [Save Elements] Request: By.xpath(//button[@data-original-title="Buscar"]) 
2025-12-16 17:55:55.503  INFO 1 - [878-exec-10] healenium                        : [Save Elements] Request: By.xpath(//button[@data-original-title="Buscar"]) 
2025-12-16 17:55:55.962  INFO 1 - [7878-exec-1] healenium                        : [Save Elements] Request: By.xpath(//img[contains(@id,'camara_')]) 
2025-12-16 17:55:56.072  INFO 1 - [7878-exec-2] healenium                        : [Save Elements] Request: By.xpath(//img[contains(@id,'camara_')]) 
2025-12-16 17:55:56.120  INFO 1 - [7878-exec-3] healenium                        : [Save Elements] Request: By.xpath(//img[contains(@id,'camara_')]) 
2025-12-16 17:55:56.268  INFO 1 - [7878-exec-4] healenium                        : [Save Elements] Request: By.id(mail) 
2025-12-16 17:55:56.918  INFO 1 - [7878-exec-5] healenium                        : [Save Elements] Request: By.id(mail) 
2025-12-16 17:55:57.204  INFO 1 - [7878-exec-6] healenium                        : [Save Elements] Request: By.id(identificacion) 
2025-12-16 17:55:57.299  INFO 1 - [7878-exec-7] healenium                        : [Save Elements] Request: By.id(identificacion) 
2025-12-16 17:55:57.458  INFO 1 - [7878-exec-8] healenium                        : [Save Elements] Request: By.id(pass) 
2025-12-16 17:55:57.569  INFO 1 - [7878-exec-9] healenium                        : [Save Elements] Request: By.id(pass) 
2025-12-16 17:55:57.751  INFO 1 - [878-exec-10] healenium                        : [Save Elements] Request: By.xpath(//*[contains(text(), 'Ingresar')]) 
2025-12-16 17:55:57.861  INFO 1 - [7878-exec-1] healenium                        : [Save Elements] Request: By.xpath(//*[contains(text(), 'Ingresar')]) 
2025-12-16 17:55:57.903  INFO 1 - [7878-exec-2] healenium                        : [Save Elements] Request: By.xpath(//*[contains(text(), 'Ingresar')]) 
2025-12-16 17:55:59.373  INFO 1 - [7878-exec-3] healenium                        : [Save Elements] Request: By.xpath(//div[@id='modalLoader']) 
2025-12-16 17:55:59.483  INFO 1 - [7878-exec-4] healenium                        : [Save Elements] Request: By.xpath(//div[@id='modalLoader']) 
2025-12-16 17:56:00.708  INFO 1 - [7878-exec-5] healenium                        : [Save Elements] Request: By.id(selectS) 
2025-12-16 17:56:00.820  INFO 1 - [7878-exec-6] healenium                        : [Save Elements] Request: By.id(selectS) 
2025-12-16 17:56:00.905  INFO 1 - [7878-exec-7] healenium                        : [Save Elements] Request: By.id(selectS) 
2025-12-16 17:56:00.957  INFO 1 - [7878-exec-8] healenium                        : [Save Elements] Request: By.xpath(.//option[normalize-space(.) = "Matricula"]) 
2025-12-16 17:56:01.123  INFO 1 - [7878-exec-9] healenium                        : [Save Elements] Request: By.id(criterio) 
2025-12-16 17:56:01.330  INFO 1 - [878-exec-10] healenium                        : [Save Elements] Request: By.xpath(//button[contains(text(), 'Continuar')]) 
2025-12-16 17:56:01.383  INFO 1 - [7878-exec-1] healenium                        : [Save Elements] Request: By.xpath(//button[contains(text(), 'Continuar')]) 
2025-12-16 17:56:03.446  INFO 1 - [7878-exec-2] healenium                        : [Save Elements] Request: By.xpath((//i[@data-original-title="Acciones Disponibles"])[1]) 
2025-12-16 17:56:03.632  INFO 1 - [7878-exec-3] healenium                        : [Save Elements] Request: By.xpath((//i[@data-original-title="Acciones Disponibles"])[1]) 
2025-12-16 17:56:03.741  INFO 1 - [7878-exec-4] healenium                        : [Save Elements] Request: By.xpath((//i[@data-original-title="Acciones Disponibles"])[1]) 
2025-12-16 17:56:04.290  INFO 1 - [7878-exec-5] healenium                        : [Save Elements] Request: By.xpath(//*[text()='Trámites del Registro Mercantil y de ESADL']) 
2025-12-16 17:56:04.958  INFO 1 - [7878-exec-6] healenium                        : [Save Elements] Request: By.xpath(//*[text()='Trámites del Registro Mercantil y de ESADL']) 
2025-12-16 17:56:05.011  INFO 1 - [7878-exec-7] healenium                        : [Save Elements] Request: By.xpath(//*[text()='Trámites del Registro Mercantil y de ESADL']) 
2025-12-16 17:56:05.236  INFO 1 - [7878-exec-8] healenium                        : [Save Elements] Request: By.xpath(//span[text()='Renovar matrícula']) 
2025-12-16 17:56:05.390  INFO 1 - [7878-exec-9] healenium                        : [Save Elements] Request: By.xpath(//span[text()='Renovar matrícula']) 
2025-12-16 17:56:05.495  INFO 1 - [878-exec-10] healenium                        : [Save Elements] Request: By.xpath(//span[text()='Renovar matrícula']) 
2025-12-16 17:56:05.810  INFO 1 - [7878-exec-1] healenium                        : [Save Elements] Request: By.xpath(//form[@id='iniciarRenovacion']//button[@type='submit']) 
2025-12-16 17:56:05.892  INFO 1 - [7878-exec-2] healenium                        : [Save Elements] Request: By.xpath(//form[@id='iniciarRenovacion']//button[@type='submit']) 
2025-12-16 17:56:05.997  INFO 1 - [7878-exec-3] healenium                        : [Save Elements] Request: By.xpath(//form[@id='iniciarRenovacion']//button[@type='submit']) 
2025-12-16 17:56:06.041  INFO 1 - [7878-exec-4] healenium                        : [Save Elements] Request: By.xpath(//form[@id='iniciarRenovacion']//button[@type='submit']) 
2025-12-16 17:56:07.179  INFO 1 - [7878-exec-5] healenium                        : [Save Elements] Request: By.xpath(//button[normalize-space()='Aceptar']) 
2025-12-16 17:56:07.323  INFO 1 - [7878-exec-6] healenium                        : [Save Elements] Request: By.xpath(//button[normalize-space()='Aceptar']) 
2025-12-16 17:56:07.373  INFO 1 - [7878-exec-7] healenium                        : [Save Elements] Request: By.xpath(//button[normalize-space()='Aceptar']) 
2025-12-16 17:56:08.000  INFO 1 - [7878-exec-8] healenium                        : [Save Elements] Request: By.xpath(/html/body/div[1]/main/div[2]/div[2]/div[1]/div/div/form/div[1]/div[3]/div[2]/div/div[2]/table/tbody/tr/td[4]/div/input) 
2025-12-16 17:56:08.121  INFO 1 - [7878-exec-9] healenium                        : [Save Elements] Request: By.xpath(/html/body/div[1]/main/div[2]/div[2]/div[1]/div/div/form/div[1]/div[3]/div[2]/div/div[2]/table/tbody/tr/td[4]/div/input) 
2025-12-16 17:56:08.352  INFO 1 - [878-exec-10] healenium                        : [Save Elements] Request: By.id(numeroempleados) 
2025-12-16 17:56:08.450  INFO 1 - [7878-exec-1] healenium                        : [Save Elements] Request: By.id(numeroempleados) 
2025-12-16 17:56:08.537  INFO 1 - [7878-exec-2] healenium                        : [Save Elements] Request: By.id(numeroempleados) 
2025-12-16 17:56:08.786  INFO 1 - [7878-exec-3] healenium                        : [Save Elements] Request: By.xpath((//button[normalize-space()='Continuar'])[1]) 
2025-12-16 17:56:08.877  INFO 1 - [7878-exec-4] healenium                        : [Save Elements] Request: By.xpath((//button[normalize-space()='Continuar'])[1]) 
2025-12-16 17:56:08.982  INFO 1 - [7878-exec-5] healenium                        : [Save Elements] Request: By.xpath((//button[normalize-space()='Continuar'])[1]) 
2025-12-16 17:56:09.032  INFO 1 - [7878-exec-6] healenium                        : [Save Elements] Request: By.xpath((//button[normalize-space()='Continuar'])[1]) 
2025-12-16 17:56:10.548  INFO 1 - [7878-exec-7] healenium                        : [Save Elements] Request: By.xpath(//i[@class='fa-sharp fa-solid fa-pen-to-square']) 
2025-12-16 17:56:11.166  INFO 1 - [7878-exec-9] healenium                        : [Save Elements] Request: By.xpath(//i[@class='fa-sharp fa-solid fa-pen-to-square']) 
2025-12-16 17:56:11.283  INFO 1 - [878-exec-10] healenium                        : [Save Elements] Request: By.xpath(//i[@class='fa-sharp fa-solid fa-pen-to-square']) 
2025-12-16 17:56:11.341  INFO 1 - [7878-exec-1] healenium                        : [Save Elements] Request: By.xpath(//i[@class='fa-sharp fa-solid fa-pen-to-square']) 
2025-12-16 17:56:15.664  INFO 1 - [7878-exec-2] healenium                        : [Save Elements] Request: By.id(emprendimientosocial) 
2025-12-16 17:56:15.842  INFO 1 - [7878-exec-3] healenium                        : [Save Elements] Request: By.id(emprendimientosocial) 
2025-12-16 17:56:15.968  INFO 1 - [7878-exec-4] healenium                        : [Save Elements] Request: By.id(emprendimientosocial) 
2025-12-16 17:56:16.141  INFO 1 - [7878-exec-5] healenium                        : [Save Elements] Request: By.id(emprendimientosocial) 
2025-12-16 17:56:16.246  INFO 1 - [7878-exec-6] healenium                        : [Save Elements] Request: By.xpath(.//option[normalize-space(.) = "SI"]) 
2025-12-16 17:56:16.512  INFO 1 - [7878-exec-7] healenium                        : [Save Elements] Request: By.id(ctrmennot) 
2025-12-16 17:56:16.644  INFO 1 - [7878-exec-8] healenium                        : [Save Elements] Request: By.id(ctrmennot) 
2025-12-16 17:56:16.788  INFO 1 - [7878-exec-9] healenium                        : [Save Elements] Request: By.id(ctrmennot) 
2025-12-16 17:56:16.913  INFO 1 - [878-exec-10] healenium                        : [Save Elements] Request: By.xpath(.//option[normalize-space(.) = "NO"]) 
2025-12-16 17:56:17.141  INFO 1 - [7878-exec-1] healenium                        : [Save Elements] Request: By.id(ciiutamanoempresarial_1) 
2025-12-16 17:56:17.365  INFO 1 - [7878-exec-2] healenium                        : [Save Elements] Request: By.id(ciiutamanoempresarial_1) 
2025-12-16 17:56:17.494  INFO 1 - [7878-exec-3] healenium                        : [Save Elements] Request: By.id(ciiutamanoempresarial_1) 
2025-12-16 17:56:17.776  INFO 1 - [7878-exec-4] healenium                        : [Save Elements] Request: By.id(actcte_2025) 
2025-12-16 17:56:17.902  INFO 1 - [7878-exec-5] healenium                        : [Save Elements] Request: By.id(actcte_2025) 
2025-12-16 17:56:18.036  INFO 1 - [7878-exec-6] healenium                        : [Save Elements] Request: By.id(actcte_2025) 
2025-12-16 17:56:18.347  INFO 1 - [7878-exec-7] healenium                        : [Save Elements] Request: By.id(pattot_2025) 
2025-12-16 17:56:18.482  INFO 1 - [7878-exec-8] healenium                        : [Save Elements] Request: By.id(pattot_2025) 
2025-12-16 17:56:18.620  INFO 1 - [7878-exec-9] healenium                        : [Save Elements] Request: By.id(pattot_2025) 
2025-12-16 17:56:19.019  INFO 1 - [878-exec-10] healenium                        : [Save Elements] Request: By.id(ingope_2025) 
2025-12-16 17:56:19.148  INFO 1 - [7878-exec-1] healenium                        : [Save Elements] Request: By.id(ingope_2025) 
2025-12-16 17:56:19.293  INFO 1 - [7878-exec-2] healenium                        : [Save Elements] Request: By.id(ingope_2025) 
2025-12-16 17:56:19.604  INFO 1 - [7878-exec-3] healenium                        : [Save Elements] Request: By.id(personal_2025) 
2025-12-16 17:56:19.882  INFO 1 - [7878-exec-4] healenium                        : [Save Elements] Request: By.id(ctresainfoivc) 
2025-12-16 17:56:20.025  INFO 1 - [7878-exec-5] healenium                        : [Save Elements] Request: By.id(ctresainfoivc) 
2025-12-16 17:56:20.176  INFO 1 - [7878-exec-6] healenium                        : [Save Elements] Request: By.id(ctresainfoivc) 
2025-12-16 17:56:20.261  INFO 1 - [7878-exec-7] healenium                        : [Save Elements] Request: By.xpath(.//option[normalize-space(.) = "NO"]) 
2025-12-16 17:56:20.461  INFO 1 - [7878-exec-8] healenium                        : [Save Elements] Request: By.id(ctresaautregistro) 
2025-12-16 17:56:20.616  INFO 1 - [7878-exec-9] healenium                        : [Save Elements] Request: By.id(ctresaautregistro) 
2025-12-16 17:56:20.707  INFO 1 - [878-exec-10] healenium                        : [Save Elements] Request: By.xpath(.//option[normalize-space(.) = "NO"]) 
2025-12-16 17:56:20.883  INFO 1 - [7878-exec-1] healenium                        : [Save Elements] Request: By.id(ctresacodnat) 
2025-12-16 17:56:21.012  INFO 1 - [7878-exec-2] healenium                        : [Save Elements] Request: By.id(ctresacodnat) 
2025-12-16 17:56:21.149  INFO 1 - [7878-exec-3] healenium                        : [Save Elements] Request: By.id(ctresacodnat) 
2025-12-16 17:56:21.243  INFO 1 - [7878-exec-4] healenium                        : [Save Elements] Request: By.xpath(.//option[normalize-space(.) = "4 - ECONOMIA SOLIDARIA"]) 
2025-12-16 17:56:21.422  INFO 1 - [7878-exec-5] healenium                        : [Save Elements] Request: By.id(claseeconsoli) 
2025-12-16 17:56:21.550  INFO 1 - [7878-exec-6] healenium                        : [Save Elements] Request: By.id(claseeconsoli) 
2025-12-16 17:56:21.681  INFO 1 - [7878-exec-7] healenium                        : [Save Elements] Request: By.id(claseeconsoli) 
2025-12-16 17:56:21.776  INFO 1 - [7878-exec-8] healenium                        : [Save Elements] Request: By.xpath(.//option[normalize-space(.) = "COOPERATIVAS"]) 
2025-12-16 17:56:21.976  INFO 1 - [7878-exec-9] healenium                        : [Save Elements] Request: By.id(ctresaindgest) 
2025-12-16 17:56:22.101  INFO 1 - [878-exec-10] healenium                        : [Save Elements] Request: By.id(ctresaindgest) 
2025-12-16 17:56:22.263  INFO 1 - [7878-exec-1] healenium                        : [Save Elements] Request: By.id(ctresaindgest) 
2025-12-16 17:56:22.358  INFO 1 - [7878-exec-2] healenium                        : [Save Elements] Request: By.xpath(.//option[normalize-space(.) = "NO"]) 
2025-12-16 17:56:22.530  INFO 1 - [7878-exec-3] healenium                        : [Save Elements] Request: By.xpath(//*[contains(text(), 'Almacenar')]) 
2025-12-16 17:56:22.659  INFO 1 - [7878-exec-4] healenium                        : [Save Elements] Request: By.xpath(//*[contains(text(), 'Almacenar')]) 
2025-12-16 17:56:22.800  INFO 1 - [7878-exec-5] healenium                        : [Save Elements] Request: By.xpath(//*[contains(text(), 'Almacenar')]) 
2025-12-16 17:56:22.896  INFO 1 - [7878-exec-6] healenium                        : [Save Elements] Request: By.xpath(//*[contains(text(), 'Almacenar')]) 
2025-12-16 17:56:27.215  INFO 1 - [7878-exec-7] healenium                        : [Save Elements] Request: By.cssSelector(button[class='btn btn-primary bootbox-accept']) 
2025-12-16 17:56:27.334  INFO 1 - [7878-exec-8] healenium                        : [Save Elements] Request: By.cssSelector(button[class='btn btn-primary bootbox-accept']) 
2025-12-16 17:56:27.485  INFO 1 - [7878-exec-9] healenium                        : [Save Elements] Request: By.cssSelector(button[class='btn btn-primary bootbox-accept']) 
2025-12-16 17:56:27.539  INFO 1 - [878-exec-10] healenium                        : [Save Elements] Request: By.cssSelector(button[class='btn btn-primary bootbox-accept']) 
2025-12-16 17:56:27.711  INFO 1 - [7878-exec-1] healenium                        : [Save Elements] Request: By.xpath(//div[@id='modalLoader']) 
2025-12-16 17:56:49.997  INFO 1 - [7878-exec-2] healenium                        : [Save Elements] Request: By.id(activosMenores) 
2025-12-16 17:56:50.103  INFO 1 - [7878-exec-3] healenium                        : [Save Elements] Request: By.id(activosMenores) 
2025-12-16 17:56:50.173  INFO 1 - [7878-exec-4] healenium                        : [Save Elements] Request: By.id(activosMenores) 
2025-12-16 17:56:50.247  INFO 1 - [7878-exec-5] healenium                        : [Save Elements] Request: By.id(activosMenores) 
2025-12-16 17:56:50.361  INFO 1 - [7878-exec-6] healenium                        : [Save Elements] Request: By.xpath(//button[text()='Cerrar']) 
2025-12-16 17:56:52.054  INFO 1 - [7878-exec-7] healenium                        : [Save Elements] Request: By.xpath(//button[text()='Cerrar']) 
2025-12-16 17:56:52.099  INFO 1 - [7878-exec-8] healenium                        : [Save Elements] Request: By.xpath(//button[text()='Cerrar']) 
2025-12-16 17:57:03.036  INFO 1 - [7878-exec-3] healenium                        : [Save Elements] Request: By.id(searchCam) 
2025-12-16 17:57:03.127  INFO 1 - [7878-exec-4] healenium                        : [Save Elements] Request: By.id(searchCam) 
2025-12-16 17:57:03.289  INFO 1 - [7878-exec-5] healenium                        : [Save Elements] Request: By.xpath(//button[@data-original-title="Buscar"]) 
2025-12-16 17:57:03.395  INFO 1 - [7878-exec-6] healenium                        : [Save Elements] Request: By.xpath(//button[@data-original-title="Buscar"]) 
2025-12-16 17:57:03.434  INFO 1 - [7878-exec-7] healenium                        : [Save Elements] Request: By.xpath(//button[@data-original-title="Buscar"]) 
2025-12-16 17:57:03.890  INFO 1 - [7878-exec-8] healenium                        : [Save Elements] Request: By.xpath(//img[contains(@id,'camara_')]) 
2025-12-16 17:57:03.989  INFO 1 - [7878-exec-9] healenium                        : [Save Elements] Request: By.xpath(//img[contains(@id,'camara_')]) 
2025-12-16 17:57:04.028  INFO 1 - [878-exec-10] healenium                        : [Save Elements] Request: By.xpath(//img[contains(@id,'camara_')]) 
2025-12-16 17:57:04.180  INFO 1 - [7878-exec-1] healenium                        : [Save Elements] Request: By.id(mail) 
2025-12-16 17:57:04.830  INFO 1 - [7878-exec-2] healenium                        : [Save Elements] Request: By.id(mail) 
2025-12-16 17:57:05.023  INFO 1 - [7878-exec-3] healenium                        : [Save Elements] Request: By.id(identificacion) 
2025-12-16 17:57:05.120  INFO 1 - [7878-exec-4] healenium                        : [Save Elements] Request: By.id(identificacion) 
2025-12-16 17:57:05.279  INFO 1 - [7878-exec-5] healenium                        : [Save Elements] Request: By.id(pass) 
2025-12-16 17:57:05.381  INFO 1 - [7878-exec-6] healenium                        : [Save Elements] Request: By.id(pass) 
2025-12-16 17:57:05.545  INFO 1 - [7878-exec-7] healenium                        : [Save Elements] Request: By.xpath(//*[contains(text(), 'Ingresar')]) 
2025-12-16 17:57:05.648  INFO 1 - [7878-exec-8] healenium                        : [Save Elements] Request: By.xpath(//*[contains(text(), 'Ingresar')]) 
2025-12-16 17:57:05.693  INFO 1 - [7878-exec-9] healenium                        : [Save Elements] Request: By.xpath(//*[contains(text(), 'Ingresar')]) 
2025-12-16 17:57:06.932  INFO 1 - [878-exec-10] healenium                        : [Save Elements] Request: By.xpath(//div[@id='modalLoader']) 
2025-12-16 17:57:07.066  INFO 1 - [7878-exec-1] healenium                        : [Save Elements] Request: By.xpath(//div[@id='modalLoader']) 
2025-12-16 17:57:08.282  INFO 1 - [7878-exec-2] healenium                        : [Save Elements] Request: By.id(selectS) 
2025-12-16 17:57:08.358  INFO 1 - [7878-exec-3] healenium                        : [Save Elements] Request: By.id(selectS) 
2025-12-16 17:57:08.445  INFO 1 - [7878-exec-4] healenium                        : [Save Elements] Request: By.id(selectS) 
2025-12-16 17:57:08.512  INFO 1 - [7878-exec-5] healenium                        : [Save Elements] Request: By.xpath(.//option[normalize-space(.) = "Matricula"]) 
2025-12-16 17:57:08.703  INFO 1 - [7878-exec-6] healenium                        : [Save Elements] Request: By.id(criterio) 
2025-12-16 17:57:08.903  INFO 1 - [7878-exec-7] healenium                        : [Save Elements] Request: By.xpath(//button[contains(text(), 'Continuar')]) 
2025-12-16 17:57:08.960  INFO 1 - [7878-exec-8] healenium                        : [Save Elements] Request: By.xpath(//button[contains(text(), 'Continuar')]) 
2025-12-16 17:57:10.070  INFO 1 - [7878-exec-9] healenium                        : [Save Elements] Request: By.xpath((//i[@data-original-title="Acciones Disponibles"])[1]) 
2025-12-16 17:57:10.244  INFO 1 - [878-exec-10] healenium                        : [Save Elements] Request: By.xpath((//i[@data-original-title="Acciones Disponibles"])[1]) 
2025-12-16 17:57:10.367  INFO 1 - [7878-exec-1] healenium                        : [Save Elements] Request: By.xpath((//i[@data-original-title="Acciones Disponibles"])[1]) 
2025-12-16 17:57:10.982  INFO 1 - [7878-exec-2] healenium                        : [Save Elements] Request: By.xpath(//*[text()='Trámites del Registro Mercantil y de ESADL']) 
2025-12-16 17:57:11.672  INFO 1 - [7878-exec-3] healenium                        : [Save Elements] Request: By.xpath(//*[text()='Trámites del Registro Mercantil y de ESADL']) 
2025-12-16 17:57:11.721  INFO 1 - [7878-exec-4] healenium                        : [Save Elements] Request: By.xpath(//*[text()='Trámites del Registro Mercantil y de ESADL']) 
2025-12-16 17:57:11.893  INFO 1 - [7878-exec-5] healenium                        : [Save Elements] Request: By.xpath(//span[text()='Renovar matrícula']) 
2025-12-16 17:57:12.020  INFO 1 - [7878-exec-6] healenium                        : [Save Elements] Request: By.xpath(//span[text()='Renovar matrícula']) 
2025-12-16 17:57:12.100  INFO 1 - [7878-exec-7] healenium                        : [Save Elements] Request: By.xpath(//span[text()='Renovar matrícula']) 
2025-12-16 17:57:12.379  INFO 1 - [7878-exec-8] healenium                        : [Save Elements] Request: By.xpath(//form[@id='iniciarRenovacion']//button[@type='submit']) 
2025-12-16 17:57:12.453  INFO 1 - [7878-exec-9] healenium                        : [Save Elements] Request: By.xpath(//form[@id='iniciarRenovacion']//button[@type='submit']) 
2025-12-16 17:57:12.539  INFO 1 - [878-exec-10] healenium                        : [Save Elements] Request: By.xpath(//form[@id='iniciarRenovacion']//button[@type='submit']) 
2025-12-16 17:57:12.577  INFO 1 - [7878-exec-1] healenium                        : [Save Elements] Request: By.xpath(//form[@id='iniciarRenovacion']//button[@type='submit']) 
2025-12-16 17:57:12.737  INFO 1 - [7878-exec-2] healenium                        : [Save Elements] Request: By.xpath(//div[@id='modalLoader']) 
2025-12-16 17:57:12.956  INFO 1 - [7878-exec-3] healenium                        : [Save Elements] Request: By.xpath(//div[@id='modalLoader']) 
2025-12-16 17:57:14.764  INFO 1 - [7878-exec-4] healenium                        : [Save Elements] Request: By.xpath(//button[normalize-space()='Aceptar']) 
2025-12-16 17:57:14.867  INFO 1 - [7878-exec-5] healenium                        : [Save Elements] Request: By.xpath(//button[normalize-space()='Aceptar']) 
2025-12-16 17:57:14.912  INFO 1 - [7878-exec-6] healenium                        : [Save Elements] Request: By.xpath(//button[normalize-space()='Aceptar']) 
2025-12-16 17:57:15.067  INFO 1 - [7878-exec-7] healenium                        : [Save Elements] Request: By.xpath(/html/body/div[1]/main/div[2]/div[2]/div[1]/div/div/form/div[1]/div[3]/div[2]/div/div[2]/table/tbody/tr/td[4]/div/input) 
2025-12-16 17:57:15.169  INFO 1 - [7878-exec-8] healenium                        : [Save Elements] Request: By.xpath(/html/body/div[1]/main/div[2]/div[2]/div[1]/div/div/form/div[1]/div[3]/div[2]/div/div[2]/table/tbody/tr/td[4]/div/input) 
2025-12-16 17:57:15.351  INFO 1 - [7878-exec-9] healenium                        : [Save Elements] Request: By.xpath(/html/body/div[1]/main/div[2]/div[2]/div[1]/div/div/form/div[1]/div[3]/div[2]/div/div[2]/table/tbody/tr[2]/td[4]/div/input) 
2025-12-16 17:57:15.444  INFO 1 - [878-exec-10] healenium                        : [Save Elements] Request: By.xpath(/html/body/div[1]/main/div[2]/div[2]/div[1]/div/div/form/div[1]/div[3]/div[2]/div/div[2]/table/tbody/tr[2]/td[4]/div/input) 
2025-12-16 17:57:15.639  INFO 1 - [7878-exec-1] healenium                        : [Save Elements] Request: By.xpath(/html/body/div[1]/main/div[2]/div[2]/div[1]/div/div/form/div[1]/div[3]/div[2]/div/div[2]/table/tbody/tr[3]/td[4]/div/input) 
2025-12-16 17:57:15.740  INFO 1 - [7878-exec-2] healenium                        : [Save Elements] Request: By.xpath(/html/body/div[1]/main/div[2]/div[2]/div[1]/div/div/form/div[1]/div[3]/div[2]/div/div[2]/table/tbody/tr[3]/td[4]/div/input) 
2025-12-16 17:57:15.911  INFO 1 - [7878-exec-3] healenium                        : [Save Elements] Request: By.xpath(/html/body/div[1]/main/div[2]/div[2]/div[1]/div/div/form/div[1]/div[4]/div[2]/div/div[2]/table/tbody/tr/td[4]/div/input) 
2025-12-16 17:57:16.008  INFO 1 - [7878-exec-4] healenium                        : [Save Elements] Request: By.xpath(/html/body/div[1]/main/div[2]/div[2]/div[1]/div/div/form/div[1]/div[4]/div[2]/div/div[2]/table/tbody/tr/td[4]/div/input) 
2025-12-16 17:57:16.196  INFO 1 - [7878-exec-5] healenium                        : [Save Elements] Request: By.xpath(/html/body/div[1]/main/div[2]/div[2]/div[1]/div/div/form/div[1]/div[4]/div[2]/div/div[2]/table/tbody/tr[2]/td[4]/div/input) 
2025-12-16 17:57:16.296  INFO 1 - [7878-exec-6] healenium                        : [Save Elements] Request: By.xpath(/html/body/div[1]/main/div[2]/div[2]/div[1]/div/div/form/div[1]/div[4]/div[2]/div/div[2]/table/tbody/tr[2]/td[4]/div/input) 
2025-12-16 17:57:16.469  INFO 1 - [7878-exec-7] healenium                        : [Save Elements] Request: By.xpath(/html/body/div[1]/main/div[2]/div[2]/div[1]/div/div/form/div[1]/div[4]/div[2]/div/div[2]/table/tbody/tr[3]/td[4]/div/input) 
2025-12-16 17:57:16.562  INFO 1 - [7878-exec-8] healenium                        : [Save Elements] Request: By.xpath(/html/body/div[1]/main/div[2]/div[2]/div[1]/div/div/form/div[1]/div[4]/div[2]/div/div[2]/table/tbody/tr[3]/td[4]/div/input) 
2025-12-16 17:57:16.743  INFO 1 - [7878-exec-9] healenium                        : [Save Elements] Request: By.id(numeroempleados) 
2025-12-16 17:57:16.815  INFO 1 - [878-exec-10] healenium                        : [Save Elements] Request: By.id(numeroempleados) 
2025-12-16 17:57:16.889  INFO 1 - [7878-exec-1] healenium                        : [Save Elements] Request: By.id(numeroempleados) 
2025-12-16 17:57:17.110  INFO 1 - [7878-exec-2] healenium                        : [Save Elements] Request: By.xpath((//button[normalize-space()='Continuar'])[1]) 
2025-12-16 17:57:17.186  INFO 1 - [7878-exec-3] healenium                        : [Save Elements] Request: By.xpath((//button[normalize-space()='Continuar'])[1]) 
2025-12-16 17:57:17.304  INFO 1 - [7878-exec-4] healenium                        : [Save Elements] Request: By.xpath((//button[normalize-space()='Continuar'])[1]) 
2025-12-16 17:57:17.355  INFO 1 - [7878-exec-5] healenium                        : [Save Elements] Request: By.xpath((//button[normalize-space()='Continuar'])[1]) 
2025-12-16 17:57:19.329  INFO 1 - [7878-exec-6] healenium                        : [Save Elements] Request: By.xpath(//small[@id="estado"]) 
2025-12-16 17:57:19.964  INFO 1 - [7878-exec-7] healenium                        : [Save Elements] Request: By.xpath(//small[@id="estado"]) 
2025-12-16 17:57:20.128  INFO 1 - [7878-exec-8] healenium                        : [Save Elements] Request: By.xpath(//small[@id="estado"]) 
2025-12-16 17:57:24.258  INFO 1 - [7878-exec-2] healenium                        : [Save Elements] Request: By.id(searchCam) 
2025-12-16 17:57:24.367  INFO 1 - [7878-exec-3] healenium                        : [Save Elements] Request: By.id(searchCam) 
2025-12-16 17:57:24.577  INFO 1 - [7878-exec-4] healenium                        : [Save Elements] Request: By.xpath(//button[@data-original-title="Buscar"]) 
2025-12-16 17:57:24.707  INFO 1 - [7878-exec-5] healenium                        : [Save Elements] Request: By.xpath(//button[@data-original-title="Buscar"]) 
2025-12-16 17:57:24.759  INFO 1 - [7878-exec-6] healenium                        : [Save Elements] Request: By.xpath(//button[@data-original-title="Buscar"]) 
2025-12-16 17:57:25.254  INFO 1 - [7878-exec-7] healenium                        : [Save Elements] Request: By.xpath(//img[contains(@id,'camara_')]) 
2025-12-16 17:57:25.390  INFO 1 - [7878-exec-8] healenium                        : [Save Elements] Request: By.xpath(//img[contains(@id,'camara_')]) 
2025-12-16 17:57:25.427  INFO 1 - [7878-exec-9] healenium                        : [Save Elements] Request: By.xpath(//img[contains(@id,'camara_')]) 
2025-12-16 17:57:25.632  INFO 1 - [878-exec-10] healenium                        : [Save Elements] Request: By.id(mail) 
2025-12-16 17:57:26.298  INFO 1 - [7878-exec-1] healenium                        : [Save Elements] Request: By.id(mail) 
2025-12-16 17:57:26.568  INFO 1 - [7878-exec-2] healenium                        : [Save Elements] Request: By.id(identificacion) 
2025-12-16 17:57:26.708  INFO 1 - [7878-exec-3] healenium                        : [Save Elements] Request: By.id(identificacion) 
2025-12-16 17:57:26.917  INFO 1 - [7878-exec-4] healenium                        : [Save Elements] Request: By.id(pass) 
2025-12-16 17:57:27.046  INFO 1 - [7878-exec-5] healenium                        : [Save Elements] Request: By.id(pass) 
2025-12-16 17:57:27.284  INFO 1 - [7878-exec-6] healenium                        : [Save Elements] Request: By.xpath(//*[contains(text(), 'Ingresar')]) 
2025-12-16 17:57:27.422  INFO 1 - [7878-exec-7] healenium                        : [Save Elements] Request: By.xpath(//*[contains(text(), 'Ingresar')]) 
2025-12-16 17:57:27.465  INFO 1 - [7878-exec-8] healenium                        : [Save Elements] Request: By.xpath(//*[contains(text(), 'Ingresar')]) 
2025-12-16 17:57:28.767  INFO 1 - [7878-exec-9] healenium                        : [Save Elements] Request: By.xpath(//div[@id='modalLoader']) 
2025-12-16 17:57:28.914  INFO 1 - [878-exec-10] healenium                        : [Save Elements] Request: By.xpath(//div[@id='modalLoader']) 
2025-12-16 17:57:30.184  INFO 1 - [7878-exec-1] healenium                        : [Save Elements] Request: By.id(selectS) 
2025-12-16 17:57:30.287  INFO 1 - [7878-exec-2] healenium                        : [Save Elements] Request: By.id(selectS) 
2025-12-16 17:57:30.451  INFO 1 - [7878-exec-3] healenium                        : [Save Elements] Request: By.id(selectS) 
2025-12-16 17:57:30.500  INFO 1 - [7878-exec-4] healenium                        : [Save Elements] Request: By.xpath(.//option[normalize-space(.) = "Matricula"]) 
2025-12-16 17:57:30.731  INFO 1 - [7878-exec-5] healenium                        : [Save Elements] Request: By.id(criterio) 
2025-12-16 17:57:31.026  INFO 1 - [7878-exec-6] healenium                        : [Save Elements] Request: By.xpath(//button[contains(text(), 'Continuar')]) 
2025-12-16 17:57:31.073  INFO 1 - [7878-exec-7] healenium                        : [Save Elements] Request: By.xpath(//button[contains(text(), 'Continuar')]) 
2025-12-16 17:57:32.284  INFO 1 - [7878-exec-8] healenium                        : [Save Elements] Request: By.xpath((//i[@data-original-title="Acciones Disponibles"])[1]) 
2025-12-16 17:57:32.520  INFO 1 - [7878-exec-9] healenium                        : [Save Elements] Request: By.xpath((//i[@data-original-title="Acciones Disponibles"])[1]) 
2025-12-16 17:57:32.635  INFO 1 - [878-exec-10] healenium                        : [Save Elements] Request: By.xpath((//i[@data-original-title="Acciones Disponibles"])[1]) 
2025-12-16 17:57:33.183  INFO 1 - [7878-exec-1] healenium                        : [Save Elements] Request: By.xpath(//*[text()='Trámites del Registro Mercantil y de ESADL']) 
2025-12-16 17:57:33.851  INFO 1 - [7878-exec-2] healenium                        : [Save Elements] Request: By.xpath(//*[text()='Trámites del Registro Mercantil y de ESADL']) 
2025-12-16 17:57:34.016  INFO 1 - [7878-exec-3] healenium                        : [Save Elements] Request: By.xpath(//*[text()='Trámites del Registro Mercantil y de ESADL']) 
2025-12-16 17:57:34.232  INFO 1 - [7878-exec-4] healenium                        : [Save Elements] Request: By.xpath(//span[text()='Renovar matrícula']) 
2025-12-16 17:57:34.486  INFO 1 - [7878-exec-5] healenium                        : [Save Elements] Request: By.xpath(//span[text()='Renovar matrícula']) 
2025-12-16 17:57:34.544  INFO 1 - [7878-exec-6] healenium                        : [Save Elements] Request: By.xpath(//span[text()='Renovar matrícula']) 
2025-12-16 17:57:34.887  INFO 1 - [7878-exec-7] healenium                        : [Save Elements] Request: By.xpath(//form[@id='iniciarRenovacion']//button[@type='submit']) 
2025-12-16 17:57:34.973  INFO 1 - [7878-exec-8] healenium                        : [Save Elements] Request: By.xpath(//form[@id='iniciarRenovacion']//button[@type='submit']) 
2025-12-16 17:57:35.058  INFO 1 - [7878-exec-9] healenium                        : [Save Elements] Request: By.xpath(//form[@id='iniciarRenovacion']//button[@type='submit']) 
2025-12-16 17:57:35.100  INFO 1 - [878-exec-10] healenium                        : [Save Elements] Request: By.xpath(//form[@id='iniciarRenovacion']//button[@type='submit']) 
2025-12-16 17:57:35.268  INFO 1 - [7878-exec-1] healenium                        : [Save Elements] Request: By.xpath(//div[@id='modalLoader']) 
2025-12-16 17:57:35.508  INFO 1 - [7878-exec-2] healenium                        : [Save Elements] Request: By.xpath(//div[@id='modalLoader']) 
2025-12-16 17:57:37.301  INFO 1 - [7878-exec-3] healenium                        : [Save Elements] Request: By.xpath(//button[normalize-space()='Aceptar']) 
2025-12-16 17:57:37.436  INFO 1 - [7878-exec-4] healenium                        : [Save Elements] Request: By.xpath(//button[normalize-space()='Aceptar']) 
2025-12-16 17:57:37.475  INFO 1 - [7878-exec-5] healenium                        : [Save Elements] Request: By.xpath(//button[normalize-space()='Aceptar']) 
2025-12-16 17:57:37.621  INFO 1 - [7878-exec-6] healenium                        : [Save Elements] Request: By.xpath(/html/body/div[1]/main/div[2]/div[2]/div[1]/div/div/form/div[1]/div[3]/div[2]/div/div[2]/table/tbody/tr/td[4]/div/input) 
2025-12-16 17:57:37.734  INFO 1 - [7878-exec-7] healenium                        : [Save Elements] Request: By.xpath(/html/body/div[1]/main/div[2]/div[2]/div[1]/div/div/form/div[1]/div[3]/div[2]/div/div[2]/table/tbody/tr/td[4]/div/input) 
2025-12-16 17:57:37.904  INFO 1 - [7878-exec-8] healenium                        : [Save Elements] Request: By.xpath(/html/body/div[1]/main/div[2]/div[2]/div[1]/div/div/form/div[1]/div[3]/div[2]/div/div[2]/table/tbody/tr[2]/td[4]/div/input) 
2025-12-16 17:57:38.001  INFO 1 - [7878-exec-9] healenium                        : [Save Elements] Request: By.xpath(/html/body/div[1]/main/div[2]/div[2]/div[1]/div/div/form/div[1]/div[3]/div[2]/div/div[2]/table/tbody/tr[2]/td[4]/div/input) 
2025-12-16 17:57:38.203  INFO 1 - [878-exec-10] healenium                        : [Save Elements] Request: By.xpath(/html/body/div[1]/main/div[2]/div[2]/div[1]/div/div/form/div[1]/div[3]/div[2]/div/div[2]/table/tbody/tr[3]/td[4]/div/input) 
2025-12-16 17:57:38.300  INFO 1 - [7878-exec-1] healenium                        : [Save Elements] Request: By.xpath(/html/body/div[1]/main/div[2]/div[2]/div[1]/div/div/form/div[1]/div[3]/div[2]/div/div[2]/table/tbody/tr[3]/td[4]/div/input) 
2025-12-16 17:57:40.537  INFO 1 - [7878-exec-2] healenium                        : [Save Elements] Request: By.id(numeroempleados) 
2025-12-16 17:57:40.599  INFO 1 - [7878-exec-3] healenium                        : [Save Elements] Request: By.id(numeroempleados) 
2025-12-16 17:57:40.672  INFO 1 - [7878-exec-4] healenium                        : [Save Elements] Request: By.id(numeroempleados) 
2025-12-16 17:57:40.840  INFO 1 - [7878-exec-5] healenium                        : [Save Elements] Request: By.xpath((//button[normalize-space()='Continuar'])[1]) 
2025-12-16 17:57:40.910  INFO 1 - [7878-exec-6] healenium                        : [Save Elements] Request: By.xpath((//button[normalize-space()='Continuar'])[1]) 
2025-12-16 17:57:40.995  INFO 1 - [7878-exec-7] healenium                        : [Save Elements] Request: By.xpath((//button[normalize-space()='Continuar'])[1]) 
2025-12-16 17:57:41.041  INFO 1 - [7878-exec-8] healenium                        : [Save Elements] Request: By.xpath((//button[normalize-space()='Continuar'])[1]) 
2025-12-16 17:57:42.511  INFO 1 - [7878-exec-9] healenium                        : [Save Elements] Request: By.xpath(//small[@id="estado"]) 
2025-12-16 17:57:42.610  INFO 1 - [878-exec-10] healenium                        : [Save Elements] Request: By.xpath(//small[@id="estado"]) 
2025-12-16 17:57:42.771  INFO 1 - [7878-exec-1] healenium                        : [Save Elements] Request: By.xpath(//small[@id="estado"]) 
2025-12-16 17:57:46.891  INFO 1 - [7878-exec-4] healenium                        : [Save Elements] Request: By.id(searchCam) 
2025-12-16 17:57:47.036  INFO 1 - [7878-exec-5] healenium                        : [Save Elements] Request: By.id(searchCam) 
2025-12-16 17:57:47.276  INFO 1 - [7878-exec-6] healenium                        : [Save Elements] Request: By.xpath(//button[@data-original-title="Buscar"]) 
2025-12-16 17:57:47.395  INFO 1 - [7878-exec-7] healenium                        : [Save Elements] Request: By.xpath(//button[@data-original-title="Buscar"]) 
2025-12-16 17:57:47.434  INFO 1 - [7878-exec-8] healenium                        : [Save Elements] Request: By.xpath(//button[@data-original-title="Buscar"]) 
2025-12-16 17:57:47.889  INFO 1 - [7878-exec-9] healenium                        : [Save Elements] Request: By.xpath(//img[contains(@id,'camara_')]) 
2025-12-16 17:57:48.001  INFO 1 - [878-exec-10] healenium                        : [Save Elements] Request: By.xpath(//img[contains(@id,'camara_')]) 
2025-12-16 17:57:48.049  INFO 1 - [7878-exec-1] healenium                        : [Save Elements] Request: By.xpath(//img[contains(@id,'camara_')]) 
2025-12-16 17:57:48.199  INFO 1 - [7878-exec-2] healenium                        : [Save Elements] Request: By.id(mail) 
2025-12-16 17:57:48.836  INFO 1 - [7878-exec-3] healenium                        : [Save Elements] Request: By.id(mail) 
2025-12-16 17:57:49.012  INFO 1 - [7878-exec-4] healenium                        : [Save Elements] Request: By.id(identificacion) 
2025-12-16 17:57:49.113  INFO 1 - [7878-exec-5] healenium                        : [Save Elements] Request: By.id(identificacion) 
2025-12-16 17:57:49.277  INFO 1 - [7878-exec-6] healenium                        : [Save Elements] Request: By.id(pass) 
2025-12-16 17:57:49.376  INFO 1 - [7878-exec-7] healenium                        : [Save Elements] Request: By.id(pass) 
2025-12-16 17:57:49.537  INFO 1 - [7878-exec-8] healenium                        : [Save Elements] Request: By.xpath(//*[contains(text(), 'Ingresar')]) 
2025-12-16 17:57:49.653  INFO 1 - [7878-exec-9] healenium                        : [Save Elements] Request: By.xpath(//*[contains(text(), 'Ingresar')]) 
2025-12-16 17:57:49.694  INFO 1 - [878-exec-10] healenium                        : [Save Elements] Request: By.xpath(//*[contains(text(), 'Ingresar')]) 
2025-12-16 17:57:51.306  INFO 1 - [7878-exec-2] healenium                        : [Save Elements] Request: By.xpath(//div[@id='modalLoader']) 
2025-12-16 17:57:51.434  INFO 1 - [7878-exec-3] healenium                        : [Save Elements] Request: By.xpath(//div[@id='modalLoader']) 
2025-12-16 17:57:52.212  INFO 1 - [7878-exec-4] healenium                        : [Save Elements] Request: By.id(selectS) 
2025-12-16 17:57:52.314  INFO 1 - [7878-exec-5] healenium                        : [Save Elements] Request: By.id(selectS) 
2025-12-16 17:57:52.447  INFO 1 - [7878-exec-6] healenium                        : [Save Elements] Request: By.id(selectS) 
2025-12-16 17:57:52.508  INFO 1 - [7878-exec-7] healenium                        : [Save Elements] Request: By.xpath(.//option[normalize-space(.) = "Matricula"]) 
2025-12-16 17:57:52.764  INFO 1 - [7878-exec-8] healenium                        : [Save Elements] Request: By.id(criterio) 
2025-12-16 17:57:53.083  INFO 1 - [7878-exec-9] healenium                        : [Save Elements] Request: By.xpath(//button[contains(text(), 'Continuar')]) 
2025-12-16 17:57:53.159  INFO 1 - [878-exec-10] healenium                        : [Save Elements] Request: By.xpath(//button[contains(text(), 'Continuar')]) 
2025-12-16 17:57:54.515  INFO 1 - [7878-exec-1] healenium                        : [Save Elements] Request: By.xpath((//i[@data-original-title="Acciones Disponibles"])[1]) 
2025-12-16 17:57:54.759  INFO 1 - [7878-exec-2] healenium                        : [Save Elements] Request: By.xpath((//i[@data-original-title="Acciones Disponibles"])[1]) 
2025-12-16 17:57:54.904  INFO 1 - [7878-exec-3] healenium                        : [Save Elements] Request: By.xpath((//i[@data-original-title="Acciones Disponibles"])[1]) 
2025-12-16 17:57:55.447  INFO 1 - [7878-exec-4] healenium                        : [Save Elements] Request: By.xpath(//*[text()='Trámites del Registro Mercantil y de ESADL']) 
2025-12-16 17:57:56.116  INFO 1 - [7878-exec-5] healenium                        : [Save Elements] Request: By.xpath(//*[text()='Trámites del Registro Mercantil y de ESADL']) 
2025-12-16 17:57:56.179  INFO 1 - [7878-exec-6] healenium                        : [Save Elements] Request: By.xpath(//*[text()='Trámites del Registro Mercantil y de ESADL']) 
2025-12-16 17:57:56.381  INFO 1 - [7878-exec-7] healenium                        : [Save Elements] Request: By.xpath(//span[text()='Renovar matrícula']) 
2025-12-16 17:57:56.550  INFO 1 - [7878-exec-8] healenium                        : [Save Elements] Request: By.xpath(//span[text()='Renovar matrícula']) 
2025-12-16 17:57:56.651  INFO 1 - [7878-exec-9] healenium                        : [Save Elements] Request: By.xpath(//span[text()='Renovar matrícula']) 
2025-12-16 17:57:56.951  INFO 1 - [878-exec-10] healenium                        : [Save Elements] Request: By.xpath(//form[@id='iniciarRenovacion']//button[@type='submit']) 
2025-12-16 17:57:57.081  INFO 1 - [7878-exec-1] healenium                        : [Save Elements] Request: By.xpath(//form[@id='iniciarRenovacion']//button[@type='submit']) 
2025-12-16 17:57:57.182  INFO 1 - [7878-exec-2] healenium                        : [Save Elements] Request: By.xpath(//form[@id='iniciarRenovacion']//button[@type='submit']) 
2025-12-16 17:57:57.235  INFO 1 - [7878-exec-3] healenium                        : [Save Elements] Request: By.xpath(//form[@id='iniciarRenovacion']//button[@type='submit']) 
2025-12-16 17:57:57.481  INFO 1 - [7878-exec-4] healenium                        : [Save Elements] Request: By.xpath(//div[@id='modalLoader']) 
2025-12-16 17:57:57.591  INFO 1 - [7878-exec-5] healenium                        : [Save Elements] Request: By.xpath(//div[@id='modalLoader']) 
2025-12-16 17:58:01.425  INFO 1 - [7878-exec-6] healenium                        : [Save Elements] Request: By.xpath(//button[normalize-space()='Aceptar']) 
2025-12-16 17:58:01.535  INFO 1 - [7878-exec-7] healenium                        : [Save Elements] Request: By.xpath(//button[normalize-space()='Aceptar']) 
2025-12-16 17:58:01.581  INFO 1 - [7878-exec-8] healenium                        : [Save Elements] Request: By.xpath(//button[normalize-space()='Aceptar']) 
2025-12-16 17:58:01.780  INFO 1 - [7878-exec-9] healenium                        : [Save Elements] Request: By.xpath(/html/body/div[1]/main/div[2]/div[2]/div[1]/div/div/form/div[1]/div[3]/div[2]/div/div[2]/table/tbody/tr/td[4]/div/input) 
2025-12-16 17:58:01.920  INFO 1 - [878-exec-10] healenium                        : [Save Elements] Request: By.xpath(/html/body/div[1]/main/div[2]/div[2]/div[1]/div/div/form/div[1]/div[3]/div[2]/div/div[2]/table/tbody/tr/td[4]/div/input) 
2025-12-16 17:58:02.116  INFO 1 - [7878-exec-1] healenium                        : [Save Elements] Request: By.xpath(/html/body/div[1]/main/div[2]/div[2]/div[1]/div/div/form/div[1]/div[4]/div[2]/div/div[2]/table/tbody/tr/td[4]/div/input) 
2025-12-16 17:58:02.229  INFO 1 - [7878-exec-2] healenium                        : [Save Elements] Request: By.xpath(/html/body/div[1]/main/div[2]/div[2]/div[1]/div/div/form/div[1]/div[4]/div[2]/div/div[2]/table/tbody/tr/td[4]/div/input) 
2025-12-16 17:58:02.339  INFO 1 - [7878-exec-3] healenium                        : [Save Elements] Request: By.xpath(/html/body/div[1]/main/div[2]/div[2]/div[1]/div/div/form/div[1]/div[4]/div[2]/div/div[2]/table/tbody/tr/td[4]/div/input) 
2025-12-16 17:58:02.560  INFO 1 - [7878-exec-4] healenium                        : [Save Elements] Request: By.id(numeroempleados) 
2025-12-16 17:58:02.667  INFO 1 - [7878-exec-5] healenium                        : [Save Elements] Request: By.id(numeroempleados) 
2025-12-16 17:58:02.906  INFO 1 - [7878-exec-6] healenium                        : [Save Elements] Request: By.xpath((//button[normalize-space()='Continuar'])[1]) 
2025-12-16 17:58:02.984  INFO 1 - [7878-exec-7] healenium                        : [Save Elements] Request: By.xpath((//button[normalize-space()='Continuar'])[1]) 
2025-12-16 17:58:03.100  INFO 1 - [7878-exec-8] healenium                        : [Save Elements] Request: By.xpath((//button[normalize-space()='Continuar'])[1]) 
2025-12-16 17:58:03.147  INFO 1 - [7878-exec-9] healenium                        : [Save Elements] Request: By.xpath((//button[normalize-space()='Continuar'])[1]) 
2025-12-16 17:58:04.865  INFO 1 - [878-exec-10] healenium                        : [Save Elements] Request: By.id(matricula) 
2025-12-16 17:58:05.476  INFO 1 - [7878-exec-1] healenium                        : [Save Elements] Request: By.id(matricula) 
2025-12-16 17:58:05.650  INFO 1 - [7878-exec-2] healenium                        : [Save Elements] Request: By.id(matricula) 
2025-12-16 17:58:10.581  INFO 1 - [7878-exec-5] healenium                        : [Save Elements] Request: By.id(searchCam) 
2025-12-16 17:58:10.684  INFO 1 - [7878-exec-6] healenium                        : [Save Elements] Request: By.id(searchCam) 
2025-12-16 17:58:10.839  INFO 1 - [7878-exec-7] healenium                        : [Save Elements] Request: By.xpath(//button[@data-original-title="Buscar"]) 
2025-12-16 17:58:10.940  INFO 1 - [7878-exec-8] healenium                        : [Save Elements] Request: By.xpath(//button[@data-original-title="Buscar"]) 
2025-12-16 17:58:10.986  INFO 1 - [7878-exec-9] healenium                        : [Save Elements] Request: By.xpath(//button[@data-original-title="Buscar"]) 
2025-12-16 17:58:11.473  INFO 1 - [878-exec-10] healenium                        : [Save Elements] Request: By.xpath(//img[contains(@id,'camara_')]) 
2025-12-16 17:58:11.581  INFO 1 - [7878-exec-1] healenium                        : [Save Elements] Request: By.xpath(//img[contains(@id,'camara_')]) 
2025-12-16 17:58:11.625  INFO 1 - [7878-exec-2] healenium                        : [Save Elements] Request: By.xpath(//img[contains(@id,'camara_')]) 
2025-12-16 17:58:11.778  INFO 1 - [7878-exec-3] healenium                        : [Save Elements] Request: By.id(mail) 
2025-12-16 17:58:12.421  INFO 1 - [7878-exec-5] healenium                        : [Save Elements] Request: By.id(mail) 
2025-12-16 17:58:12.598  INFO 1 - [7878-exec-6] healenium                        : [Save Elements] Request: By.id(identificacion) 
2025-12-16 17:58:12.711  INFO 1 - [7878-exec-7] healenium                        : [Save Elements] Request: By.id(identificacion) 
2025-12-16 17:58:12.870  INFO 1 - [7878-exec-8] healenium                        : [Save Elements] Request: By.id(pass) 
2025-12-16 17:58:12.964  INFO 1 - [7878-exec-9] healenium                        : [Save Elements] Request: By.id(pass) 
2025-12-16 17:58:13.154  INFO 1 - [878-exec-10] healenium                        : [Save Elements] Request: By.xpath(//*[contains(text(), 'Ingresar')]) 
2025-12-16 17:58:13.257  INFO 1 - [7878-exec-1] healenium                        : [Save Elements] Request: By.xpath(//*[contains(text(), 'Ingresar')]) 
2025-12-16 17:58:13.292  INFO 1 - [7878-exec-2] healenium                        : [Save Elements] Request: By.xpath(//*[contains(text(), 'Ingresar')]) 
2025-12-16 17:58:14.581  INFO 1 - [7878-exec-3] healenium                        : [Save Elements] Request: By.xpath(//div[@id='modalLoader']) 
2025-12-16 17:58:14.736  INFO 1 - [7878-exec-4] healenium                        : [Save Elements] Request: By.xpath(//div[@id='modalLoader']) 
2025-12-16 17:58:15.949  INFO 1 - [7878-exec-5] healenium                        : [Save Elements] Request: By.id(selectS) 
2025-12-16 17:58:16.031  INFO 1 - [7878-exec-6] healenium                        : [Save Elements] Request: By.id(selectS) 
2025-12-16 17:58:16.076  INFO 1 - [7878-exec-7] healenium                        : [Save Elements] Request: By.xpath(.//option[normalize-space(.) = "Matricula"]) 
2025-12-16 17:58:16.248  INFO 1 - [7878-exec-8] healenium                        : [Save Elements] Request: By.id(criterio) 
2025-12-16 17:58:16.466  INFO 1 - [7878-exec-9] healenium                        : [Save Elements] Request: By.xpath(//button[contains(text(), 'Continuar')]) 
2025-12-16 17:58:16.513  INFO 1 - [878-exec-10] healenium                        : [Save Elements] Request: By.xpath(//button[contains(text(), 'Continuar')]) 
2025-12-16 17:58:16.819  INFO 1 - [7878-exec-1] healenium                        : [Save Elements] Request: By.xpath(//div[@id='modalLoader']) 
2025-12-16 17:58:16.908  INFO 1 - [7878-exec-2] healenium                        : [Save Elements] Request: By.xpath(//div[@id='modalLoader']) 
2025-12-16 17:58:18.709  INFO 1 - [7878-exec-3] healenium                        : [Save Elements] Request: By.xpath((//i[@data-original-title="Acciones Disponibles"])[1]) 
2025-12-16 17:58:18.903  INFO 1 - [7878-exec-4] healenium                        : [Save Elements] Request: By.xpath((//i[@data-original-title="Acciones Disponibles"])[1]) 
2025-12-16 17:58:19.032  INFO 1 - [7878-exec-5] healenium                        : [Save Elements] Request: By.xpath((//i[@data-original-title="Acciones Disponibles"])[1]) 
2025-12-16 17:58:19.260  INFO 1 - [7878-exec-6] healenium                        : [Save Elements] Request: By.xpath(//div[@id='modalLoader']) 
2025-12-16 17:58:19.513  INFO 1 - [7878-exec-7] healenium                        : [Save Elements] Request: By.xpath(//div[@id='modalLoader']) 
2025-12-16 17:58:20.840  INFO 1 - [7878-exec-8] healenium                        : [Save Elements] Request: By.xpath(//*[text()='Trámites del Registro Mercantil y de ESADL']) 
2025-12-16 17:58:20.971  INFO 1 - [7878-exec-9] healenium                        : [Save Elements] Request: By.xpath(//*[text()='Trámites del Registro Mercantil y de ESADL']) 
2025-12-16 17:58:21.022  INFO 1 - [878-exec-10] healenium                        : [Save Elements] Request: By.xpath(//*[text()='Trámites del Registro Mercantil y de ESADL']) 
2025-12-16 17:58:21.247  INFO 1 - [7878-exec-1] healenium                        : [Save Elements] Request: By.xpath(//span[text()='Renovar matrícula']) 
2025-12-16 17:58:21.392  INFO 1 - [7878-exec-2] healenium                        : [Save Elements] Request: By.xpath(//span[text()='Renovar matrícula']) 
2025-12-16 17:58:21.477  INFO 1 - [7878-exec-3] healenium                        : [Save Elements] Request: By.xpath(//span[text()='Renovar matrícula']) 
2025-12-16 17:58:21.778  INFO 1 - [7878-exec-4] healenium                        : [Save Elements] Request: By.xpath(//form[@id='iniciarRenovacion']//button[@type='submit']) 
2025-12-16 17:58:21.863  INFO 1 - [7878-exec-5] healenium                        : [Save Elements] Request: By.xpath(//form[@id='iniciarRenovacion']//button[@type='submit']) 
2025-12-16 17:58:21.979  INFO 1 - [7878-exec-6] healenium                        : [Save Elements] Request: By.xpath(//form[@id='iniciarRenovacion']//button[@type='submit']) 
2025-12-16 17:58:22.033  INFO 1 - [7878-exec-7] healenium                        : [Save Elements] Request: By.xpath(//form[@id='iniciarRenovacion']//button[@type='submit']) 
2025-12-16 17:58:22.218  INFO 1 - [7878-exec-8] healenium                        : [Save Elements] Request: By.xpath(//div[@id='modalLoader']) 
2025-12-16 17:58:22.338  INFO 1 - [7878-exec-9] healenium                        : [Save Elements] Request: By.xpath(//div[@id='modalLoader']) 
2025-12-16 17:58:24.109  INFO 1 - [878-exec-10] healenium                        : [Save Elements] Request: By.xpath(//button[normalize-space()='Aceptar']) 
2025-12-16 17:58:24.239  INFO 1 - [7878-exec-1] healenium                        : [Save Elements] Request: By.xpath(//button[normalize-space()='Aceptar']) 
2025-12-16 17:58:24.292  INFO 1 - [7878-exec-2] healenium                        : [Save Elements] Request: By.xpath(//button[normalize-space()='Aceptar']) 
2025-12-16 17:58:24.504  INFO 1 - [7878-exec-3] healenium                        : [Save Elements] Request: By.xpath(/html/body/div[1]/main/div[2]/div[2]/div[1]/div/div/form/div[1]/div[3]/div[2]/div/div[2]/table/tbody/tr/td[4]/div/input) 
2025-12-16 17:58:24.649  INFO 1 - [7878-exec-4] healenium                        : [Save Elements] Request: By.xpath(/html/body/div[1]/main/div[2]/div[2]/div[1]/div/div/form/div[1]/div[3]/div[2]/div/div[2]/table/tbody/tr/td[4]/div/input) 
2025-12-16 17:58:24.865  INFO 1 - [7878-exec-5] healenium                        : [Save Elements] Request: By.xpath(/html[1]/body[1]/div[1]/main[1]/div[2]/div[2]/div[1]/div[1]/div[1]/form[1]/div[1]/div[4]/div[2]/div[1]/div[2]/table[1]/tbody[1]/tr[1]/td[5]/div[1]/input[1]) 
2025-12-16 17:58:24.956  INFO 1 - [7878-exec-6] healenium                        : [Save Elements] Request: By.xpath(/html[1]/body[1]/div[1]/main[1]/div[2]/div[2]/div[1]/div[1]/div[1]/form[1]/div[1]/div[4]/div[2]/div[1]/div[2]/table[1]/tbody[1]/tr[1]/td[5]/div[1]/input[1]) 
2025-12-16 17:58:25.066  INFO 1 - [7878-exec-7] healenium                        : [Save Elements] Request: By.xpath(/html[1]/body[1]/div[1]/main[1]/div[2]/div[2]/div[1]/div[1]/div[1]/form[1]/div[1]/div[4]/div[2]/div[1]/div[2]/table[1]/tbody[1]/tr[1]/td[5]/div[1]/input[1]) 
2025-12-16 17:58:25.240  INFO 1 - [7878-exec-8] healenium                        : [Save Elements] Request: By.xpath(/html[1]/body[1]/div[1]/main[1]/div[2]/div[2]/div[1]/div[1]/div[1]/form[1]/div[1]/div[4]/div[2]/div[1]/div[2]/table[1]/tbody[1]/tr[1]/td[5]/div[1]/input[1]) 
2025-12-16 17:58:25.363  INFO 1 - [7878-exec-9] healenium                        : [Save Elements] Request: By.id(numeroempleados) 
2025-12-16 17:58:25.441  INFO 1 - [878-exec-10] healenium                        : [Save Elements] Request: By.id(numeroempleados) 
2025-12-16 17:58:25.537  INFO 1 - [7878-exec-1] healenium                        : [Save Elements] Request: By.id(numeroempleados) 
2025-12-16 17:58:25.743  INFO 1 - [7878-exec-2] healenium                        : [Save Elements] Request: By.xpath((//button[normalize-space()='Continuar'])[1]) 
2025-12-16 17:58:25.849  INFO 1 - [7878-exec-3] healenium                        : [Save Elements] Request: By.xpath((//button[normalize-space()='Continuar'])[1]) 
2025-12-16 17:58:25.972  INFO 1 - [7878-exec-4] healenium                        : [Save Elements] Request: By.xpath((//button[normalize-space()='Continuar'])[1]) 
2025-12-16 17:58:26.019  INFO 1 - [7878-exec-5] healenium                        : [Save Elements] Request: By.xpath((//button[normalize-space()='Continuar'])[1]) 
2025-12-16 17:58:26.217  INFO 1 - [7878-exec-6] healenium                        : [Save Elements] Request: By.xpath(//div[@id='modalLoader']) 
2025-12-16 17:58:26.457  INFO 1 - [7878-exec-7] healenium                        : [Save Elements] Request: By.xpath(//div[@id='modalLoader']) 
2025-12-16 17:58:28.251  INFO 1 - [7878-exec-8] healenium                        : [Save Elements] Request: By.xpath(//i[@class='fa-sharp fa-solid fa-pen-to-square']) 
2025-12-16 17:58:28.333  INFO 1 - [7878-exec-9] healenium                        : [Save Elements] Request: By.xpath(//i[@class='fa-sharp fa-solid fa-pen-to-square']) 
2025-12-16 17:58:28.429  INFO 1 - [878-exec-10] healenium                        : [Save Elements] Request: By.xpath(//i[@class='fa-sharp fa-solid fa-pen-to-square']) 
2025-12-16 17:58:28.483  INFO 1 - [7878-exec-1] healenium                        : [Save Elements] Request: By.xpath(//i[@class='fa-sharp fa-solid fa-pen-to-square']) 
2025-12-16 17:58:31.280  INFO 1 - [7878-exec-3] healenium                        : [Save Elements] Request: By.id(emprendimientosocial) 
2025-12-16 17:58:31.395  INFO 1 - [7878-exec-4] healenium                        : [Save Elements] Request: By.id(emprendimientosocial) 
2025-12-16 17:58:31.517  INFO 1 - [7878-exec-5] healenium                        : [Save Elements] Request: By.id(emprendimientosocial) 
2025-12-16 17:58:31.613  INFO 1 - [7878-exec-6] healenium                        : [Save Elements] Request: By.xpath(.//option[normalize-space(.) = "SI"]) 
2025-12-16 17:58:31.817  INFO 1 - [7878-exec-7] healenium                        : [Save Elements] Request: By.id(ctrmennot) 
2025-12-16 17:58:31.928  INFO 1 - [7878-exec-8] healenium                        : [Save Elements] Request: By.id(ctrmennot) 
2025-12-16 17:58:32.048  INFO 1 - [7878-exec-9] healenium                        : [Save Elements] Request: By.id(ctrmennot) 
2025-12-16 17:58:32.126  INFO 1 - [878-exec-10] healenium                        : [Save Elements] Request: By.xpath(.//option[normalize-space(.) = "NO"]) 
2025-12-16 17:58:32.321  INFO 1 - [7878-exec-1] healenium                        : [Save Elements] Request: By.id(feciniact2) 
2025-12-16 17:58:32.432  INFO 1 - [7878-exec-2] healenium                        : [Save Elements] Request: By.id(feciniact2) 
2025-12-16 17:58:32.546  INFO 1 - [7878-exec-3] healenium                        : [Save Elements] Request: By.id(feciniact2) 
2025-12-16 17:58:32.777  INFO 1 - [7878-exec-4] healenium                        : [Save Elements] Request: By.id(ciiutamanoempresarial_1) 
2025-12-16 17:58:32.939  INFO 1 - [7878-exec-5] healenium                        : [Save Elements] Request: By.id(ciiutamanoempresarial_1) 
2025-12-16 17:58:33.026  INFO 1 - [7878-exec-6] healenium                        : [Save Elements] Request: By.id(ciiutamanoempresarial_1) 
2025-12-16 17:58:33.232  INFO 1 - [7878-exec-7] healenium                        : [Save Elements] Request: By.id(actcte_2025) 
2025-12-16 17:58:33.352  INFO 1 - [7878-exec-8] healenium                        : [Save Elements] Request: By.id(actcte_2025) 
2025-12-16 17:58:33.480  INFO 1 - [7878-exec-9] healenium                        : [Save Elements] Request: By.id(actcte_2025) 
2025-12-16 17:58:33.736  INFO 1 - [878-exec-10] healenium                        : [Save Elements] Request: By.id(pattot_2025) 
2025-12-16 17:58:33.860  INFO 1 - [7878-exec-1] healenium                        : [Save Elements] Request: By.id(pattot_2025) 
2025-12-16 17:58:33.986  INFO 1 - [7878-exec-2] healenium                        : [Save Elements] Request: By.id(pattot_2025) 
2025-12-16 17:58:34.278  INFO 1 - [7878-exec-3] healenium                        : [Save Elements] Request: By.id(ingope_2025) 
2025-12-16 17:58:34.398  INFO 1 - [7878-exec-4] healenium                        : [Save Elements] Request: By.id(ingope_2025) 
2025-12-16 17:58:34.562  INFO 1 - [7878-exec-5] healenium                        : [Save Elements] Request: By.id(ingope_2025) 
2025-12-16 17:58:34.791  INFO 1 - [7878-exec-6] healenium                        : [Save Elements] Request: By.id(personal_2025) 
2025-12-16 17:58:34.949  INFO 1 - [7878-exec-7] healenium                        : [Save Elements] Request: By.id(personal_2025) 
2025-12-16 17:58:35.192  INFO 1 - [7878-exec-9] healenium                        : [Save Elements] Request: By.xpath(//*[contains(text(), 'Almacenar')]) 
2025-12-16 17:58:35.310  INFO 1 - [878-exec-10] healenium                        : [Save Elements] Request: By.xpath(//*[contains(text(), 'Almacenar')]) 
2025-12-16 17:58:35.440  INFO 1 - [7878-exec-1] healenium                        : [Save Elements] Request: By.xpath(//*[contains(text(), 'Almacenar')]) 
2025-12-16 17:58:35.519  INFO 1 - [7878-exec-2] healenium                        : [Save Elements] Request: By.xpath(//*[contains(text(), 'Almacenar')]) 
2025-12-16 17:58:37.733  INFO 1 - [7878-exec-3] healenium                        : [Save Elements] Request: By.xpath(/html/body/div[3]/div/div/div[2]/button) 
2025-12-16 17:58:38.061  INFO 1 - [7878-exec-4] healenium                        : [Save Elements] Request: By.xpath(/html/body/div[3]/div/div/div[2]/button) 
2025-12-16 17:58:38.259  INFO 1 - [7878-exec-5] healenium                        : [Save Elements] Request: By.xpath(/html/body/div[3]/div/div/div[2]/button) 
2025-12-16 17:58:38.316  INFO 1 - [7878-exec-6] healenium                        : [Save Elements] Request: By.xpath(/html/body/div[3]/div/div/div[2]/button) 
2025-12-16 17:58:38.513  INFO 1 - [7878-exec-7] healenium                        : [Save Elements] Request: By.xpath(//div[@id='modalLoader']) 
2025-12-16 17:58:39.005  INFO 1 - [7878-exec-8] healenium                        : [Save Elements] Request: By.xpath(//div[@id='modalLoader']) 
2025-12-16 17:58:40.215  INFO 1 - [7878-exec-9] healenium                        : [Save Elements] Request: By.id(activosMenores) 
2025-12-16 17:58:40.327  INFO 1 - [878-exec-10] healenium                        : [Save Elements] Request: By.id(activosMenores) 
2025-12-16 17:58:40.391  INFO 1 - [7878-exec-1] healenium                        : [Save Elements] Request: By.id(activosMenores) 
2025-12-16 17:58:40.461  INFO 1 - [7878-exec-2] healenium                        : [Save Elements] Request: By.id(activosMenores) 
2025-12-16 17:58:40.576  INFO 1 - [7878-exec-3] healenium                        : [Save Elements] Request: By.xpath(//button[text()='Cerrar']) 
2025-12-16 17:58:42.802  INFO 1 - [7878-exec-4] healenium                        : [Save Elements] Request: By.xpath(//button[text()='Cerrar']) 
2025-12-16 17:58:42.851  INFO 1 - [7878-exec-5] healenium                        : [Save Elements] Request: By.xpath(//button[text()='Cerrar']) 
2025-12-16 17:58:43.928  INFO 1 - [7878-exec-6] healenium                        : [Save Elements] Request: By.xpath(//*[text()='Firma Manuscrita']) 
2025-12-16 17:58:44.529  INFO 1 - [7878-exec-7] healenium                        : [Save Elements] Request: By.xpath(//*[text()='Firma Manuscrita']) 
2025-12-16 17:58:44.621  INFO 1 - [7878-exec-8] healenium                        : [Save Elements] Request: By.xpath(//*[text()='Firma Manuscrita']) 
2025-12-16 17:58:44.667  INFO 1 - [7878-exec-9] healenium                        : [Save Elements] Request: By.xpath(//*[text()='Firma Manuscrita']) 
2025-12-16 17:58:46.258  INFO 1 - [878-exec-10] healenium                        : [Save Elements] Request: By.id(correo) 
2025-12-16 17:58:47.444  INFO 1 - [7878-exec-1] healenium                        : [Save Elements] Request: By.id(correo) 
2025-12-16 17:58:47.669  INFO 1 - [7878-exec-2] healenium                        : [Save Elements] Request: By.id(celular) 
2025-12-16 17:58:47.763  INFO 1 - [7878-exec-3] healenium                        : [Save Elements] Request: By.id(celular) 
2025-12-16 17:58:47.930  INFO 1 - [7878-exec-4] healenium                        : [Save Elements] Request: By.xpath(//*[contains(text(), 'Generar QR')]) 
2025-12-16 17:58:48.056  INFO 1 - [7878-exec-5] healenium                        : [Save Elements] Request: By.xpath(//*[contains(text(), 'Generar QR')]) 
2025-12-16 17:58:48.111  INFO 1 - [7878-exec-6] healenium                        : [Save Elements] Request: By.xpath(//*[contains(text(), 'Generar QR')]) 
2025-12-16 17:58:48.492  INFO 1 - [7878-exec-7] healenium                        : [Save Elements] Request: By.xpath(//img[@alt="FirmaQR"]) 
2025-12-16 17:58:48.534  INFO 1 - [7878-exec-8] healenium                        : [Save Elements] Request: By.xpath(//img[@alt="FirmaQR"]) 
2025-12-16 17:58:48.584  INFO 1 - [7878-exec-9] healenium                        : [Save Elements] Request: By.xpath(//img[@alt="FirmaQR"]) 
2025-12-16 17:58:55.719  INFO 1 - [878-exec-10] healenium                        : [Save Elements] Request: By.xpath(//form[@id="formularioFirmaManuscrita"]//canvas) 
2025-12-16 17:58:56.739  INFO 1 - [7878-exec-1] healenium                        : [Save Elements] Request: By.xpath(//*[contains(text(), ' Guardar firma')]) 
2025-12-16 17:58:56.845  INFO 1 - [7878-exec-2] healenium                        : [Save Elements] Request: By.xpath(//*[contains(text(), ' Guardar firma')]) 
2025-12-16 17:58:56.887  INFO 1 - [7878-exec-3] healenium                        : [Save Elements] Request: By.xpath(//*[contains(text(), ' Guardar firma')]) 
2025-12-16 17:58:57.093  INFO 1 - [7878-exec-4] healenium                        : [Save Elements] Request: By.xpath(//button[text()='Cerrar']) 
2025-12-16 17:58:57.221  INFO 1 - [7878-exec-5] healenium                        : [Save Elements] Request: By.xpath(//button[text()='Cerrar']) 
2025-12-16 17:58:57.283  INFO 1 - [7878-exec-6] healenium                        : [Save Elements] Request: By.xpath(//button[text()='Cerrar']) 
2025-12-16 17:58:57.464  INFO 1 - [7878-exec-7] healenium                        : [Save Elements] Request: By.xpath(//button[text()='Si']) 
2025-12-16 17:58:58.135  INFO 1 - [7878-exec-8] healenium                        : [Save Elements] Request: By.xpath(//button[text()='Si']) 
2025-12-16 17:58:58.181  INFO 1 - [7878-exec-9] healenium                        : [Save Elements] Request: By.xpath(//button[text()='Si']) 
2025-12-16 18:00:03.208  INFO 1 - [7878-exec-6] healenium                        : [Save Elements] Request: By.id(mail) 
2025-12-16 18:00:03.851  INFO 1 - [7878-exec-7] healenium                        : [Save Elements] Request: By.id(mail) 
2025-12-16 18:00:04.066  INFO 1 - [7878-exec-8] healenium                        : [Save Elements] Request: By.id(identificacion) 
2025-12-16 18:00:04.247  INFO 1 - [7878-exec-9] healenium                        : [Save Elements] Request: By.id(pass) 
2025-12-16 18:00:04.443  INFO 1 - [878-exec-10] healenium                        : [Save Elements] Request: By.xpath(//button[normalize-space()='Ingresar']) 
2025-12-16 18:00:04.497  INFO 1 - [7878-exec-1] healenium                        : [Save Elements] Request: By.xpath(//button[normalize-space()='Ingresar']) 
2025-12-16 18:00:06.907  INFO 1 - [7878-exec-2] healenium                        : [Save Elements] Request: By.xpath(//div[@id='modalLoader']) 
2025-12-16 18:00:07.012  INFO 1 - [7878-exec-3] healenium                        : [Save Elements] Request: By.xpath(//div[@id='modalLoader']) 
2025-12-16 18:00:08.224  INFO 1 - [7878-exec-4] healenium                        : [Save Elements] Request: By.xpath(//select[@id='selectS']/option[@value='1']) 
2025-12-16 18:00:08.383  INFO 1 - [7878-exec-5] healenium                        : [Save Elements] Request: By.xpath(//select[@id='selectS']/option[@value='1']) 
2025-12-16 18:00:08.463  INFO 1 - [7878-exec-6] healenium                        : [Save Elements] Request: By.xpath(//select[@id='selectS']/option[@value='1']) 
2025-12-16 18:00:08.615  INFO 1 - [7878-exec-7] healenium                        : [Save Elements] Request: By.id(criterio) 
2025-12-16 18:00:08.750  INFO 1 - [7878-exec-8] healenium                        : [Save Elements] Request: By.id(criterio) 
2025-12-16 18:00:08.928  INFO 1 - [7878-exec-9] healenium                        : [Save Elements] Request: By.xpath(//button[@type='submit' and contains(@class, 'btn btn-primary newConsultar float-right')]) 
2025-12-16 18:00:09.069  INFO 1 - [878-exec-10] healenium                        : [Save Elements] Request: By.xpath(//button[@type='submit' and contains(@class, 'btn btn-primary newConsultar float-right')]) 
2025-12-16 18:00:09.110  INFO 1 - [7878-exec-1] healenium                        : [Save Elements] Request: By.xpath(//button[@type='submit' and contains(@class, 'btn btn-primary newConsultar float-right')]) 
2025-12-16 18:00:10.511  INFO 1 - [7878-exec-2] healenium                        : [Save Elements] Request: By.xpath(//i[contains(@class, 'fa-solid fa-ellipsis') and @aria-hidden='true']) 
2025-12-16 18:00:10.721  INFO 1 - [7878-exec-3] healenium                        : [Save Elements] Request: By.xpath(//i[contains(@class, 'fa-solid fa-ellipsis') and @aria-hidden='true']) 
2025-12-16 18:00:10.835  INFO 1 - [7878-exec-4] healenium                        : [Save Elements] Request: By.xpath(//i[contains(@class, 'fa-solid fa-ellipsis') and @aria-hidden='true']) 
2025-12-16 18:00:11.353  INFO 1 - [7878-exec-5] healenium                        : [Save Elements] Request: By.cssSelector(div.card-header.h6.cursorPointer[data-toggle='collapse'][data-target='#G3']) 
2025-12-16 18:00:12.064  INFO 1 - [7878-exec-6] healenium                        : [Save Elements] Request: By.cssSelector(div.card-header.h6.cursorPointer[data-toggle='collapse'][data-target='#G3']) 
2025-12-16 18:00:12.225  INFO 1 - [7878-exec-7] healenium                        : [Save Elements] Request: By.cssSelector(div.card-header.h6.cursorPointer[data-toggle='collapse'][data-target='#G3']) 
2025-12-16 18:00:12.444  INFO 1 - [7878-exec-8] healenium                        : [Save Elements] Request: By.xpath(//*[@id="G3"]/div/div[1]/a/span) 
2025-12-16 18:00:12.683  INFO 1 - [7878-exec-9] healenium                        : [Save Elements] Request: By.xpath(//*[@id="G3"]/div/div[1]/a/span) 
2025-12-16 18:00:12.750  INFO 1 - [878-exec-10] healenium                        : [Save Elements] Request: By.xpath(//*[@id="G3"]/div/div[1]/a/span) 
2025-12-16 18:00:13.039  INFO 1 - [7878-exec-1] healenium                        : [Save Elements] Request: By.xpath(//button[@class='btn btn-primary' and contains(text(), 'Continuar')]) 
2025-12-16 18:00:13.199  INFO 1 - [7878-exec-2] healenium                        : [Save Elements] Request: By.xpath(//button[@class='btn btn-primary' and contains(text(), 'Continuar')]) 
2025-12-16 18:00:13.315  INFO 1 - [7878-exec-3] healenium                        : [Save Elements] Request: By.xpath(//button[@class='btn btn-primary' and contains(text(), 'Continuar')]) 
2025-12-16 18:00:13.369  INFO 1 - [7878-exec-4] healenium                        : [Save Elements] Request: By.xpath(//button[@class='btn btn-primary' and contains(text(), 'Continuar')]) 
2025-12-16 18:00:13.613  INFO 1 - [7878-exec-5] healenium                        : [Save Elements] Request: By.xpath(//div[@id='modalLoader']) 
2025-12-16 18:00:13.711  INFO 1 - [7878-exec-6] healenium                        : [Save Elements] Request: By.xpath(//div[@id='modalLoader']) 
2025-12-16 18:00:15.521  INFO 1 - [7878-exec-7] healenium                        : [Save Elements] Request: By.xpath(//button[normalize-space()='Aceptar']) 
2025-12-16 18:00:15.630  INFO 1 - [7878-exec-8] healenium                        : [Save Elements] Request: By.xpath(//button[normalize-space()='Aceptar']) 
2025-12-16 18:00:15.670  INFO 1 - [7878-exec-9] healenium                        : [Save Elements] Request: By.xpath(//button[normalize-space()='Aceptar']) 
2025-12-16 18:00:15.842  INFO 1 - [878-exec-10] healenium                        : [Save Elements] Request: By.xpath(/html[1]/body[1]/div[1]/main[1]/div[2]/div[2]/div[1]/div[1]/div[1]/form[1]/div[1]/div[3]/div[2]/div[1]/div[2]/table[1]/tbody[1]/tr[1]/td[5]/div[1]/input[1]) 
2025-12-16 18:00:15.888  INFO 1 - [7878-exec-1] healenium                        : [Save Elements] Request: By.xpath(/html[1]/body[1]/div[1]/main[1]/div[2]/div[2]/div[1]/div[1]/div[1]/form[1]/div[1]/div[3]/div[2]/div[1]/div[2]/table[1]/tbody[1]/tr[1]/td[5]/div[1]/input[1]) 
2025-12-16 18:00:16.034  INFO 1 - [7878-exec-2] healenium                        : [Save Elements] Request: By.xpath(//tbody/tr[2]/td[4]/div[1]/input[1]) 
2025-12-16 18:00:16.187  INFO 1 - [7878-exec-3] healenium                        : [Save Elements] Request: By.xpath(//tbody/tr[2]/td[4]/div[1]/input[1]) 
2025-12-16 18:00:16.383  INFO 1 - [7878-exec-4] healenium                        : [Save Elements] Request: By.xpath(/html[1]/body[1]/div[1]/main[1]/div[2]/div[2]/div[1]/div[1]/div[1]/form[1]/div[1]/div[3]/div[2]/div[1]/div[2]/table[1]/tbody[1]/tr[3]/td[5]/div[1]/input[1]) 
2025-12-16 18:00:16.430  INFO 1 - [7878-exec-5] healenium                        : [Save Elements] Request: By.xpath(/html[1]/body[1]/div[1]/main[1]/div[2]/div[2]/div[1]/div[1]/div[1]/form[1]/div[1]/div[3]/div[2]/div[1]/div[2]/table[1]/tbody[1]/tr[3]/td[5]/div[1]/input[1]) 
2025-12-16 18:00:18.662  INFO 1 - [7878-exec-6] healenium                        : [Save Elements] Request: By.id(numeroempleados) 
2025-12-16 18:00:18.763  INFO 1 - [7878-exec-7] healenium                        : [Save Elements] Request: By.id(numeroempleados) 
2025-12-16 18:00:18.853  INFO 1 - [7878-exec-8] healenium                        : [Save Elements] Request: By.id(numeroempleados) 
2025-12-16 18:00:18.972  INFO 1 - [7878-exec-9] healenium                        : [Save Elements] Request: By.id(numeroempleados) 
2025-12-16 18:00:19.134  INFO 1 - [878-exec-10] healenium                        : [Save Elements] Request: By.xpath((//button[normalize-space()='Continuar'])[1]) 
2025-12-16 18:00:19.296  INFO 1 - [7878-exec-1] healenium                        : [Save Elements] Request: By.xpath((//button[normalize-space()='Continuar'])[1]) 
2025-12-16 18:00:19.337  INFO 1 - [7878-exec-2] healenium                        : [Save Elements] Request: By.xpath((//button[normalize-space()='Continuar'])[1]) 
2025-12-16 18:00:19.498  INFO 1 - [7878-exec-3] healenium                        : [Save Elements] Request: By.xpath(//div[@id='modalLoader']) 
2025-12-16 18:00:19.714  INFO 1 - [7878-exec-4] healenium                        : [Save Elements] Request: By.xpath(//div[@id='modalLoader']) 
2025-12-16 18:00:20.945  INFO 1 - [7878-exec-5] healenium                        : [Save Elements] Request: By.cssSelector(#swal2-html-container) 
2025-12-16 18:00:21.063  INFO 1 - [7878-exec-6] healenium                        : [Save Elements] Request: By.xpath(//button[normalize-space()='Aceptar']) 
2025-12-16 18:00:21.207  INFO 1 - [7878-exec-7] healenium                        : [Save Elements] Request: By.xpath(//button[normalize-space()='Aceptar']) 
2025-12-16 18:00:21.245  INFO 1 - [7878-exec-8] healenium                        : [Save Elements] Request: By.xpath(//button[normalize-space()='Aceptar']) 
2025-12-16 18:00:21.386  INFO 1 - [7878-exec-9] healenium                        : [Save Elements] Request: By.xpath(//tbody/tr[2]/td[4]/div[1]/input[1]) 
2025-12-16 18:00:21.560  INFO 1 - [878-exec-10] healenium                        : [Save Elements] Request: By.xpath(//tbody/tr[2]/td[4]/div[1]/input[1]) 
2025-12-16 18:00:21.722  INFO 1 - [7878-exec-1] healenium                        : [Save Elements] Request: By.xpath(/html[1]/body[1]/div[1]/main[1]/div[2]/div[2]/div[1]/div[1]/div[1]/form[1]/div[1]/div[3]/div[2]/div[1]/div[2]/table[1]/tbody[1]/tr[2]/td[5]/div[1]/input[1]) 
2025-12-16 18:00:21.776  INFO 1 - [7878-exec-2] healenium                        : [Save Elements] Request: By.xpath(/html[1]/body[1]/div[1]/main[1]/div[2]/div[2]/div[1]/div[1]/div[1]/form[1]/div[1]/div[3]/div[2]/div[1]/div[2]/table[1]/tbody[1]/tr[2]/td[5]/div[1]/input[1]) 
2025-12-16 18:00:21.976  INFO 1 - [7878-exec-3] healenium                        : [Save Elements] Request: By.xpath(/html[1]/body[1]/div[1]/main[1]/div[2]/div[2]/div[1]/div[1]/div[1]/form[1]/div[1]/div[3]/div[2]/div[1]/div[2]/table[1]/tbody[1]/tr[3]/td[5]/div[1]/input[1]) 
2025-12-16 18:00:22.031  INFO 1 - [7878-exec-4] healenium                        : [Save Elements] Request: By.xpath(/html[1]/body[1]/div[1]/main[1]/div[2]/div[2]/div[1]/div[1]/div[1]/form[1]/div[1]/div[3]/div[2]/div[1]/div[2]/table[1]/tbody[1]/tr[3]/td[5]/div[1]/input[1]) 
2025-12-16 18:00:22.196  INFO 1 - [7878-exec-5] healenium                        : [Save Elements] Request: By.xpath(/html[1]/body[1]/div[1]/main[1]/div[2]/div[2]/div[1]/div[1]/div[1]/form[1]/div[1]/div[3]/div[2]/div[1]/div[2]/table[1]/tbody[1]/tr[3]/td[4]/div[1]/input[1]) 
2025-12-16 18:00:22.338  INFO 1 - [7878-exec-6] healenium                        : [Save Elements] Request: By.xpath(/html[1]/body[1]/div[1]/main[1]/div[2]/div[2]/div[1]/div[1]/div[1]/form[1]/div[1]/div[3]/div[2]/div[1]/div[2]/table[1]/tbody[1]/tr[3]/td[4]/div[1]/input[1]) 
2025-12-16 18:00:26.642  INFO 1 - [7878-exec-7] healenium                        : [Save Elements] Request: By.xpath((//button[normalize-space()='Continuar'])[1]) 
2025-12-16 18:00:26.822  INFO 1 - [7878-exec-8] healenium                        : [Save Elements] Request: By.xpath((//button[normalize-space()='Continuar'])[1]) 
2025-12-16 18:00:26.866  INFO 1 - [7878-exec-9] healenium                        : [Save Elements] Request: By.xpath((//button[normalize-space()='Continuar'])[1]) 
2025-12-16 18:00:29.199  INFO 1 - [878-exec-10] healenium                        : [Save Elements] Request: By.cssSelector(#swal2-html-container) 
2025-12-16 18:00:33.778  INFO 1 - [7878-exec-3] healenium                        : [Save Elements] Request: By.id(searchCam) 
2025-12-16 18:00:33.906  INFO 1 - [7878-exec-4] healenium                        : [Save Elements] Request: By.id(searchCam) 
2025-12-16 18:00:33.967  INFO 1 - [7878-exec-5] healenium                        : [Save Elements] Request: By.id(searchCam) 
2025-12-16 18:00:36.142  INFO 1 - [7878-exec-6] healenium                        : [Save Elements] Request: By.id(camara_20) 
2025-12-16 18:00:36.239  INFO 1 - [7878-exec-7] healenium                        : [Save Elements] Request: By.id(camara_20) 
2025-12-16 18:00:36.438  INFO 1 - [7878-exec-8] healenium                        : [Save Elements] Request: By.id(mail) 
2025-12-16 18:00:36.881  INFO 1 - [7878-exec-9] healenium                        : [Save Elements] Request: By.id(mail) 
2025-12-16 18:00:37.073  INFO 1 - [878-exec-10] healenium                        : [Save Elements] Request: By.id(identificacion) 
2025-12-16 18:00:37.128  INFO 1 - [7878-exec-1] healenium                        : [Save Elements] Request: By.id(identificacion) 
2025-12-16 18:00:37.366  INFO 1 - [7878-exec-2] healenium                        : [Save Elements] Request: By.id(pass) 
2025-12-16 18:00:37.426  INFO 1 - [7878-exec-3] healenium                        : [Save Elements] Request: By.id(pass) 
2025-12-16 18:00:37.599  INFO 1 - [7878-exec-4] healenium                        : [Save Elements] Request: By.xpath(//button[text()='Ingresar']) 
2025-12-16 18:00:39.018  INFO 1 - [7878-exec-5] healenium                        : [Save Elements] Request: By.xpath(//div[@class="loaderOnload"]) 
2025-12-16 18:00:46.291  INFO 1 - [7878-exec-6] healenium                        : [Save Elements] Request: By.id(criterio) 
2025-12-16 18:00:49.422  INFO 1 - [7878-exec-7] healenium                        : [Save Elements] Request: By.xpath(//div[@id='modalLoader']) 
2025-12-16 18:01:11.652  INFO 1 - [7878-exec-9] healenium                        : [Save Elements] Request: By.id(selectS) 
2025-12-16 18:01:11.752  INFO 1 - [878-exec-10] healenium                        : [Save Elements] Request: By.id(selectS) 
2025-12-16 18:01:11.791  INFO 1 - [7878-exec-1] healenium                        : [Save Elements] Request: By.xpath(.//option[normalize-space(.) = "Matricula"]) 
2025-12-16 18:01:11.971  INFO 1 - [7878-exec-2] healenium                        : [Save Elements] Request: By.id(criterio) 
2025-12-16 18:01:12.025  INFO 1 - [7878-exec-3] healenium                        : [Save Elements] Request: By.id(criterio) 
2025-12-16 18:01:12.151  INFO 1 - [7878-exec-4] healenium                        : [Save Elements] Request: By.xpath(//div[@class='card-footer text-center']//button[1]) 
2025-12-16 18:01:13.395  INFO 1 - [7878-exec-5] healenium                        : [Save Elements] Request: By.xpath(//*[@id="tablaConsultaExpedientes"]/tbody/tr[1]/td[1]/a/i) 
2025-12-16 18:01:14.195  INFO 1 - [7878-exec-6] healenium                        : [Save Elements] Request: By.xpath(//*[@id="modalAuxiliar"]/div/div/div[2]/div[1]/div[3]/div/div[1]) 
2025-12-16 18:01:14.353  INFO 1 - [7878-exec-7] healenium                        : [Save Elements] Request: By.xpath(//a[@data-original-title="Renovar matrícula"]) 
2025-12-16 18:01:14.611  INFO 1 - [7878-exec-8] healenium                        : [Save Elements] Request: By.xpath(//*[@id="iniciarRenovacion"]/div[3]/button) 
2025-12-16 18:01:14.768  INFO 1 - [7878-exec-9] healenium                        : [Save Elements] Request: By.xpath(//div[@id='modalLoader']) 
2025-12-16 18:01:37.009  INFO 1 - [878-exec-10] healenium                        : [Save Elements] Request: By.xpath(//button[normalize-space()='Aceptar']) 
2025-12-16 18:01:37.120  INFO 1 - [7878-exec-1] healenium                        : [Save Elements] Request: By.xpath(//button[normalize-space()='Aceptar']) 
2025-12-16 18:01:37.156  INFO 1 - [7878-exec-2] healenium                        : [Save Elements] Request: By.xpath(//button[normalize-space()='Aceptar']) 
2025-12-16 18:01:37.324  INFO 1 - [7878-exec-3] healenium                        : [Save Elements] Request: By.xpath(/html/body/div[1]/main/div[2]/div[2]/div[1]/div/div/form/div[1]/div[3]/div[2]/div/div[2]/table/tbody/tr/td[4]/div/input) 
2025-12-16 18:01:37.454  INFO 1 - [7878-exec-4] healenium                        : [Save Elements] Request: By.xpath(/html/body/div[1]/main/div[2]/div[2]/div[1]/div/div/form/div[1]/div[3]/div[2]/div/div[2]/table/tbody/tr/td[4]/div/input) 
2025-12-16 18:01:37.570  INFO 1 - [7878-exec-5] healenium                        : [Save Elements] Request: By.xpath(/html/body/div[1]/main/div[2]/div[2]/div[1]/div/div/form/div[1]/div[3]/div[2]/div/div[2]/table/tbody/tr/td[4]/div/input) 
2025-12-16 18:01:37.803  INFO 1 - [7878-exec-6] healenium                        : [Save Elements] Request: By.xpath(/html/body/div[1]/main/div[2]/div[2]/div[1]/div/div/form/div[1]/div[3]/div[2]/div/div[2]/table/tbody/tr/td[4]/div/input) 
2025-12-16 18:01:38.006  INFO 1 - [7878-exec-7] healenium                        : [Save Elements] Request: By.xpath(/html/body/div[1]/main/div[2]/div[2]/div[1]/div/div/form/div[1]/div[4]/div[2]/div/div[2]/table/tbody/tr/td[4]/div/input) 
2025-12-16 18:01:38.088  INFO 1 - [7878-exec-8] healenium                        : [Save Elements] Request: By.xpath(/html/body/div[1]/main/div[2]/div[2]/div[1]/div/div/form/div[1]/div[4]/div[2]/div/div[2]/table/tbody/tr/td[4]/div/input) 
2025-12-16 18:01:38.256  INFO 1 - [7878-exec-9] healenium                        : [Save Elements] Request: By.xpath(/html/body/div[1]/main/div[2]/div[2]/div[1]/div/div/form/div[1]/div[4]/div[2]/div/div[2]/table/tbody/tr/td[4]/div/input) 
2025-12-16 18:01:38.488  INFO 1 - [878-exec-10] healenium                        : [Save Elements] Request: By.id(numeroempleados) 
2025-12-16 18:01:38.621  INFO 1 - [7878-exec-1] healenium                        : [Save Elements] Request: By.id(numeroempleados) 
2025-12-16 18:01:38.669  INFO 1 - [7878-exec-2] healenium                        : [Save Elements] Request: By.id(numeroempleados) 
2025-12-16 18:01:47.993  INFO 1 - [7878-exec-5] healenium                        : [Save Elements] Request: By.id(searchCam) 
2025-12-16 18:01:48.087  INFO 1 - [7878-exec-6] healenium                        : [Save Elements] Request: By.id(searchCam) 
2025-12-16 18:01:48.253  INFO 1 - [7878-exec-7] healenium                        : [Save Elements] Request: By.xpath(//button[@data-original-title="Buscar"]) 
2025-12-16 18:01:48.369  INFO 1 - [7878-exec-8] healenium                        : [Save Elements] Request: By.xpath(//button[@data-original-title="Buscar"]) 
2025-12-16 18:01:48.405  INFO 1 - [7878-exec-9] healenium                        : [Save Elements] Request: By.xpath(//button[@data-original-title="Buscar"]) 
2025-12-16 18:01:48.888  INFO 1 - [878-exec-10] healenium                        : [Save Elements] Request: By.xpath(//img[contains(@id,'camara_')]) 
2025-12-16 18:01:48.989  INFO 1 - [7878-exec-1] healenium                        : [Save Elements] Request: By.xpath(//img[contains(@id,'camara_')]) 
2025-12-16 18:01:49.025  INFO 1 - [7878-exec-2] healenium                        : [Save Elements] Request: By.xpath(//img[contains(@id,'camara_')]) 
2025-12-16 18:01:49.177  INFO 1 - [7878-exec-3] healenium                        : [Save Elements] Request: By.id(mail) 
2025-12-16 18:01:49.805  INFO 1 - [7878-exec-4] healenium                        : [Save Elements] Request: By.id(mail) 
2025-12-16 18:01:49.997  INFO 1 - [7878-exec-5] healenium                        : [Save Elements] Request: By.id(identificacion) 
2025-12-16 18:01:50.094  INFO 1 - [7878-exec-6] healenium                        : [Save Elements] Request: By.id(identificacion) 
2025-12-16 18:01:50.258  INFO 1 - [7878-exec-7] healenium                        : [Save Elements] Request: By.id(pass) 
2025-12-16 18:01:50.352  INFO 1 - [7878-exec-8] healenium                        : [Save Elements] Request: By.id(pass) 
2025-12-16 18:01:50.504  INFO 1 - [7878-exec-9] healenium                        : [Save Elements] Request: By.xpath(//*[contains(text(), 'Ingresar')]) 
2025-12-16 18:01:50.625  INFO 1 - [878-exec-10] healenium                        : [Save Elements] Request: By.xpath(//*[contains(text(), 'Ingresar')]) 
2025-12-16 18:01:50.668  INFO 1 - [7878-exec-1] healenium                        : [Save Elements] Request: By.xpath(//*[contains(text(), 'Ingresar')]) 
2025-12-16 18:01:52.189  INFO 1 - [7878-exec-2] healenium                        : [Save Elements] Request: By.xpath(//div[@id='modalLoader']) 
2025-12-16 18:01:52.304  INFO 1 - [7878-exec-3] healenium                        : [Save Elements] Request: By.xpath(//div[@id='modalLoader']) 
2025-12-16 18:01:54.059  INFO 1 - [7878-exec-4] healenium                        : [Save Elements] Request: By.xpath(//h4[text()='Renovar matrícula mercantil']) 
2025-12-16 18:01:54.203  INFO 1 - [7878-exec-5] healenium                        : [Save Elements] Request: By.xpath(//h4[text()='Renovar matrícula mercantil']) 
2025-12-16 18:01:54.274  INFO 1 - [7878-exec-6] healenium                        : [Save Elements] Request: By.xpath(//h4[text()='Renovar matrícula mercantil']) 
2025-12-16 18:01:54.696  INFO 1 - [7878-exec-7] healenium                        : [Save Elements] Request: By.id(matricula) 
2025-12-16 18:01:54.802  INFO 1 - [7878-exec-8] healenium                        : [Save Elements] Request: By.id(matricula) 
2025-12-16 18:01:55.002  INFO 1 - [7878-exec-9] healenium                        : [Save Elements] Request: By.xpath((//*[contains(text(), ' Continuar')])[1]) 
2025-12-16 18:01:55.065  INFO 1 - [878-exec-10] healenium                        : [Save Elements] Request: By.xpath((//*[contains(text(), ' Continuar')])[1]) 
2025-12-16 18:01:55.147  INFO 1 - [7878-exec-1] healenium                        : [Save Elements] Request: By.xpath((//*[contains(text(), ' Continuar')])[1]) 
2025-12-16 18:01:55.186  INFO 1 - [7878-exec-2] healenium                        : [Save Elements] Request: By.xpath((//*[contains(text(), ' Continuar')])[1]) 
2025-12-16 18:01:55.363  INFO 1 - [7878-exec-3] healenium                        : [Save Elements] Request: By.xpath(//div[@id='modalLoader']) 
2025-12-16 18:01:55.586  INFO 1 - [7878-exec-4] healenium                        : [Save Elements] Request: By.xpath(//div[@id='modalLoader']) 
2025-12-16 18:01:58.424  INFO 1 - [7878-exec-5] healenium                        : [Save Elements] Request: By.xpath(//button[normalize-space()='Aceptar']) 
2025-12-16 18:01:58.554  INFO 1 - [7878-exec-6] healenium                        : [Save Elements] Request: By.xpath(//button[normalize-space()='Aceptar']) 
2025-12-16 18:01:58.600  INFO 1 - [7878-exec-7] healenium                        : [Save Elements] Request: By.xpath(//button[normalize-space()='Aceptar']) 
2025-12-16 18:01:58.807  INFO 1 - [7878-exec-8] healenium                        : [Save Elements] Request: By.xpath(/html[1]/body[1]/div[1]/main[1]/div[1]/div[1]/div[1]/div[1]/form[1]/div[1]/div[3]/div[2]/div[1]/div[2]/table[1]/tbody[1]/tr[1]/td[4]/div[1]/input[1]) 
2025-12-16 18:01:58.922  INFO 1 - [7878-exec-9] healenium                        : [Save Elements] Request: By.xpath(/html[1]/body[1]/div[1]/main[1]/div[1]/div[1]/div[1]/div[1]/form[1]/div[1]/div[3]/div[2]/div[1]/div[2]/table[1]/tbody[1]/tr[1]/td[4]/div[1]/input[1]) 
2025-12-16 18:01:59.126  INFO 1 - [878-exec-10] healenium                        : [Save Elements] Request: By.xpath(/html[1]/body[1]/div[1]/main[1]/div[1]/div[1]/div[1]/div[1]/form[1]/div[1]/div[4]/div[2]/div[1]/div[2]/table[1]/tbody[1]/tr[1]/td[4]/div[1]/input[1]) 
2025-12-16 18:01:59.213  INFO 1 - [7878-exec-1] healenium                        : [Save Elements] Request: By.xpath(/html[1]/body[1]/div[1]/main[1]/div[1]/div[1]/div[1]/div[1]/form[1]/div[1]/div[4]/div[2]/div[1]/div[2]/table[1]/tbody[1]/tr[1]/td[4]/div[1]/input[1]) 
2025-12-16 18:01:59.293  INFO 1 - [7878-exec-2] healenium                        : [Save Elements] Request: By.xpath(/html[1]/body[1]/div[1]/main[1]/div[1]/div[1]/div[1]/div[1]/form[1]/div[1]/div[4]/div[2]/div[1]/div[2]/table[1]/tbody[1]/tr[1]/td[4]/div[1]/input[1]) 
2025-12-16 18:01:59.484  INFO 1 - [7878-exec-3] healenium                        : [Save Elements] Request: By.id(numeroempleados) 
2025-12-16 18:02:00.063  INFO 1 - [7878-exec-4] healenium                        : [Save Elements] Request: By.id(numeroempleados) 
2025-12-16 18:02:00.283  INFO 1 - [7878-exec-5] healenium                        : [Save Elements] Request: By.id(numeroempleados) 
2025-12-16 18:02:00.474  INFO 1 - [7878-exec-6] healenium                        : [Save Elements] Request: By.xpath((//button[normalize-space()='Continuar'])[1]) 
2025-12-16 18:02:00.569  INFO 1 - [7878-exec-7] healenium                        : [Save Elements] Request: By.xpath((//button[normalize-space()='Continuar'])[1]) 
2025-12-16 18:02:00.681  INFO 1 - [7878-exec-8] healenium                        : [Save Elements] Request: By.xpath((//button[normalize-space()='Continuar'])[1]) 
2025-12-16 18:02:00.759  INFO 1 - [7878-exec-9] healenium                        : [Save Elements] Request: By.xpath((//button[normalize-space()='Continuar'])[1]) 
2025-12-16 18:02:00.984  INFO 1 - [878-exec-10] healenium                        : [Save Elements] Request: By.xpath(//div[@id='modalLoader']) 
2025-12-16 18:02:01.125  INFO 1 - [7878-exec-1] healenium                        : [Save Elements] Request: By.xpath(//div[@id='modalLoader']) 
2025-12-16 18:02:05.033  INFO 1 - [7878-exec-2] healenium                        : [Save Elements] Request: By.xpath(//i[@class='fa-sharp fa-solid fa-pen-to-square']) 
2025-12-16 18:02:05.107  INFO 1 - [7878-exec-3] healenium                        : [Save Elements] Request: By.xpath(//i[@class='fa-sharp fa-solid fa-pen-to-square']) 
2025-12-16 18:02:05.221  INFO 1 - [7878-exec-4] healenium                        : [Save Elements] Request: By.xpath(//i[@class='fa-sharp fa-solid fa-pen-to-square']) 
2025-12-16 18:02:05.273  INFO 1 - [7878-exec-5] healenium                        : [Save Elements] Request: By.xpath(//i[@class='fa-sharp fa-solid fa-pen-to-square']) 
2025-12-16 18:02:07.664  INFO 1 - [7878-exec-6] healenium                        : [Save Elements] Request: By.id(emprendimientosocial) 
2025-12-16 18:02:07.771  INFO 1 - [7878-exec-7] healenium                        : [Save Elements] Request: By.id(emprendimientosocial) 
2025-12-16 18:02:07.877  INFO 1 - [7878-exec-8] healenium                        : [Save Elements] Request: By.id(emprendimientosocial) 
2025-12-16 18:02:07.964  INFO 1 - [7878-exec-9] healenium                        : [Save Elements] Request: By.xpath(.//option[normalize-space(.) = "SI"]) 
2025-12-16 18:02:08.159  INFO 1 - [7878-exec-1] healenium                        : [Save Elements] Request: By.id(ctrmennot) 
2025-12-16 18:02:08.259  INFO 1 - [7878-exec-2] healenium                        : [Save Elements] Request: By.id(ctrmennot) 
2025-12-16 18:02:08.453  INFO 1 - [7878-exec-3] healenium                        : [Save Elements] Request: By.id(ctrmennot) 
2025-12-16 18:02:08.518  INFO 1 - [7878-exec-4] healenium                        : [Save Elements] Request: By.xpath(.//option[normalize-space(.) = "NO"]) 
2025-12-16 18:02:08.677  INFO 1 - [7878-exec-5] healenium                        : [Save Elements] Request: By.id(actcte_2025) 
2025-12-16 18:02:08.774  INFO 1 - [7878-exec-6] healenium                        : [Save Elements] Request: By.id(actcte_2025) 
2025-12-16 18:02:08.879  INFO 1 - [7878-exec-7] healenium                        : [Save Elements] Request: By.id(actcte_2025) 
2025-12-16 18:02:09.093  INFO 1 - [7878-exec-8] healenium                        : [Save Elements] Request: By.id(pattot_2025) 
2025-12-16 18:02:09.185  INFO 1 - [7878-exec-9] healenium                        : [Save Elements] Request: By.id(pattot_2025) 
2025-12-16 18:02:09.285  INFO 1 - [878-exec-10] healenium                        : [Save Elements] Request: By.id(pattot_2025) 
2025-12-16 18:02:09.539  INFO 1 - [7878-exec-1] healenium                        : [Save Elements] Request: By.id(ingope_2025) 
2025-12-16 18:02:09.640  INFO 1 - [7878-exec-2] healenium                        : [Save Elements] Request: By.id(ingope_2025) 
2025-12-16 18:02:09.739  INFO 1 - [7878-exec-3] healenium                        : [Save Elements] Request: By.id(ingope_2025) 
2025-12-16 18:02:09.963  INFO 1 - [7878-exec-4] healenium                        : [Save Elements] Request: By.id(personal_2025) 
2025-12-16 18:02:10.065  INFO 1 - [7878-exec-5] healenium                        : [Save Elements] Request: By.id(personal_2025) 
2025-12-16 18:02:10.196  INFO 1 - [7878-exec-6] healenium                        : [Save Elements] Request: By.id(personal_2025) 
2025-12-16 18:02:10.466  INFO 1 - [7878-exec-7] healenium                        : [Save Elements] Request: By.xpath(//*[contains(text(), 'Almacenar')]) 
2025-12-16 18:02:10.558  INFO 1 - [7878-exec-8] healenium                        : [Save Elements] Request: By.xpath(//*[contains(text(), 'Almacenar')]) 
2025-12-16 18:02:10.699  INFO 1 - [7878-exec-9] healenium                        : [Save Elements] Request: By.xpath(//*[contains(text(), 'Almacenar')]) 
2025-12-16 18:02:10.780  INFO 1 - [878-exec-10] healenium                        : [Save Elements] Request: By.xpath(//*[contains(text(), 'Almacenar')]) 
2025-12-16 18:02:12.961  INFO 1 - [7878-exec-1] healenium                        : [Save Elements] Request: By.xpath((//button[text()='OK'])[1]) 
2025-12-16 18:02:13.641  INFO 1 - [7878-exec-2] healenium                        : [Save Elements] Request: By.xpath((//button[text()='OK'])[1]) 
2025-12-16 18:02:13.696  INFO 1 - [7878-exec-3] healenium                        : [Save Elements] Request: By.xpath((//button[text()='OK'])[1]) 
2025-12-16 18:02:14.347  INFO 1 - [7878-exec-4] healenium                        : [Save Elements] Request: By.xpath((//i[@class='fa-sharp fa-solid fa-pen-to-square'])[2]) 
2025-12-16 18:02:14.444  INFO 1 - [7878-exec-5] healenium                        : [Save Elements] Request: By.xpath((//i[@class='fa-sharp fa-solid fa-pen-to-square'])[2]) 
2025-12-16 18:02:14.586  INFO 1 - [7878-exec-6] healenium                        : [Save Elements] Request: By.xpath((//i[@class='fa-sharp fa-solid fa-pen-to-square'])[2]) 
2025-12-16 18:02:14.659  INFO 1 - [7878-exec-7] healenium                        : [Save Elements] Request: By.xpath((//i[@class='fa-sharp fa-solid fa-pen-to-square'])[2]) 
2025-12-16 18:07:15.963  INFO 1 - [7878-exec-8] healenium                        : [Save Elements] Request: By.id(searchCam) 
2025-12-16 18:07:16.062  INFO 1 - [7878-exec-9] healenium                        : [Save Elements] Request: By.id(searchCam) 
2025-12-16 18:07:16.222  INFO 1 - [878-exec-10] healenium                        : [Save Elements] Request: By.xpath(//button[@data-original-title="Buscar"]) 
2025-12-16 18:07:16.369  INFO 1 - [7878-exec-1] healenium                        : [Save Elements] Request: By.xpath(//button[@data-original-title="Buscar"]) 
2025-12-16 18:07:16.412  INFO 1 - [7878-exec-2] healenium                        : [Save Elements] Request: By.xpath(//button[@data-original-title="Buscar"]) 
2025-12-16 18:07:16.870  INFO 1 - [7878-exec-3] healenium                        : [Save Elements] Request: By.xpath(//img[contains(@id,'camara_')]) 
2025-12-16 18:07:16.976  INFO 1 - [7878-exec-4] healenium                        : [Save Elements] Request: By.xpath(//img[contains(@id,'camara_')]) 
2025-12-16 18:07:17.013  INFO 1 - [7878-exec-5] healenium                        : [Save Elements] Request: By.xpath(//img[contains(@id,'camara_')]) 
2025-12-16 18:07:17.166  INFO 1 - [7878-exec-6] healenium                        : [Save Elements] Request: By.id(mail) 
2025-12-16 18:07:17.810  INFO 1 - [7878-exec-7] healenium                        : [Save Elements] Request: By.id(mail) 
2025-12-16 18:07:17.996  INFO 1 - [7878-exec-8] healenium                        : [Save Elements] Request: By.id(identificacion) 
2025-12-16 18:07:18.090  INFO 1 - [7878-exec-9] healenium                        : [Save Elements] Request: By.id(identificacion) 
2025-12-16 18:07:18.245  INFO 1 - [878-exec-10] healenium                        : [Save Elements] Request: By.id(pass) 
2025-12-16 18:07:18.343  INFO 1 - [7878-exec-1] healenium                        : [Save Elements] Request: By.id(pass) 
2025-12-16 18:07:18.501  INFO 1 - [7878-exec-2] healenium                        : [Save Elements] Request: By.xpath(//*[contains(text(), 'Ingresar')]) 
2025-12-16 18:07:18.610  INFO 1 - [7878-exec-3] healenium                        : [Save Elements] Request: By.xpath(//*[contains(text(), 'Ingresar')]) 
2025-12-16 18:07:18.648  INFO 1 - [7878-exec-4] healenium                        : [Save Elements] Request: By.xpath(//*[contains(text(), 'Ingresar')]) 
2025-12-16 18:07:19.952  INFO 1 - [7878-exec-5] healenium                        : [Save Elements] Request: By.xpath(//div[@class="loaderOnload"]) 
2025-12-16 18:07:22.156  INFO 1 - [7878-exec-6] healenium                        : [Save Elements] Request: By.cssSelector(.rounded.expMenu) 
2025-12-16 18:07:22.285  INFO 1 - [7878-exec-7] healenium                        : [Save Elements] Request: By.cssSelector(.rounded.expMenu) 
2025-12-16 18:07:22.325  INFO 1 - [7878-exec-8] healenium                        : [Save Elements] Request: By.cssSelector(.rounded.expMenu) 
2025-12-16 18:07:24.567  INFO 1 - [7878-exec-9] healenium                        : [Save Elements] Request: By.xpath(//nav/div/div[10]/li/a/div[1]) 
2025-12-16 18:07:24.684  INFO 1 - [878-exec-10] healenium                        : [Save Elements] Request: By.xpath(//nav/div/div[10]/li/a/div[1]) 
2025-12-16 18:07:24.764  INFO 1 - [7878-exec-1] healenium                        : [Save Elements] Request: By.xpath(//nav/div/div[10]/li/a/div[1]) 
2025-12-16 18:07:24.880  INFO 1 - [7878-exec-2] healenium                        : [Save Elements] Request: By.xpath((//div[text()='Procesos sipref/gobernabilidad'])[2]) 
2025-12-16 18:07:25.499  INFO 1 - [7878-exec-3] healenium                        : [Save Elements] Request: By.xpath((//div[text()='Procesos sipref/gobernabilidad'])[2]) 
2025-12-16 18:07:25.565  INFO 1 - [7878-exec-4] healenium                        : [Save Elements] Request: By.xpath((//div[text()='Procesos sipref/gobernabilidad'])[2]) 
2025-12-16 18:07:25.676  INFO 1 - [7878-exec-5] healenium                        : [Save Elements] Request: By.xpath((//*[text()='Desafiliación Masiva'])[2]) 
2025-12-16 18:07:26.266  INFO 1 - [7878-exec-6] healenium                        : [Save Elements] Request: By.xpath((//*[text()='Desafiliación Masiva'])[2]) 
2025-12-16 18:07:26.351  INFO 1 - [7878-exec-7] healenium                        : [Save Elements] Request: By.xpath((//*[text()='Desafiliación Masiva'])[2]) 
2025-12-16 18:07:30.345  INFO 1 - [7878-exec-8] healenium                        : [Save Elements] Request: By.xpath(//a[@onmouseover="Tip('Seleccionar')"]) 
2025-12-16 18:07:30.486  INFO 1 - [7878-exec-9] healenium                        : [Save Elements] Request: By.xpath(//a[@onmouseover="Tip('Seleccionar')"]) 
2025-12-16 18:07:30.527  INFO 1 - [878-exec-10] healenium                        : [Save Elements] Request: By.xpath(//a[@onmouseover="Tip('Seleccionar')"]) 
2025-12-16 18:07:43.212  INFO 1 - [7878-exec-2] healenium                        : [Save Elements] Request: By.xpath(//div[text()='Desaf']) 
2025-12-16 18:07:44.178  INFO 1 - [7878-exec-3] healenium                        : [Save Elements] Request: By.xpath(//div[text()='Desaf']) 
2025-12-16 18:07:45.579  INFO 1 - [7878-exec-4] healenium                        : [Save Elements] Request: By.xpath(//*[@id="gridbox"]/div[2]/table/tbody/tr[2]/td[14]) 
2025-12-16 18:07:46.442  INFO 1 - [7878-exec-5] healenium                        : [Save Elements] Request: By.xpath(//*[@id="gridbox"]/div[2]/table/tbody/tr[2]/td[14]) 
2025-12-16 18:07:47.216  INFO 1 - [7878-exec-6] healenium                        : [Save Elements] Request: By.xpath(//*[@id="gridbox"]/div[2]/table/tbody/tr[2]/td[14]) 
2025-12-16 18:07:48.130  INFO 1 - [7878-exec-7] healenium                        : [Save Elements] Request: By.xpath(//*[@id="gridbox"]/div[2]/table/tbody/tr[2]/td[14]/input) 
2025-12-16 18:07:49.086  INFO 1 - [7878-exec-8] healenium                        : [Save Elements] Request: By.xpath(//*[@id="gridbox"]/div[2]/table/tbody/tr[2]/td[14]/input) 
2025-12-16 18:07:50.017  INFO 1 - [7878-exec-9] healenium                        : [Save Elements] Request: By.xpath(//*[@id="gridbox"]/div[2]/table/tbody/tr[3]/td[14]) 
2025-12-16 18:07:50.843  INFO 1 - [878-exec-10] healenium                        : [Save Elements] Request: By.xpath(//*[@id="gridbox"]/div[2]/table/tbody/tr[3]/td[14]) 
2025-12-16 18:07:51.486  INFO 1 - [7878-exec-1] healenium                        : [Save Elements] Request: By.xpath(//*[@id="gridbox"]/div[2]/table/tbody/tr[3]/td[14]) 
2025-12-16 18:07:52.391  INFO 1 - [7878-exec-2] healenium                        : [Save Elements] Request: By.xpath(//*[@id="gridbox"]/div[2]/table/tbody/tr[3]/td[14]/input) 
2025-12-16 18:07:53.205  INFO 1 - [7878-exec-3] healenium                        : [Save Elements] Request: By.xpath(//*[@id="gridbox"]/div[2]/table/tbody/tr[3]/td[14]/input) 
2025-12-16 18:07:53.988  INFO 1 - [7878-exec-4] healenium                        : [Save Elements] Request: By.xpath(//a[@onmouseover="Tip('Aplicar desafiliación')"]) 
2025-12-16 18:07:54.686  INFO 1 - [7878-exec-5] healenium                        : [Save Elements] Request: By.xpath(//a[@onmouseover="Tip('Aplicar desafiliación')"]) 
2025-12-16 18:07:55.370  INFO 1 - [7878-exec-6] healenium                        : [Save Elements] Request: By.xpath(//a[@onmouseover="Tip('Aplicar desafiliación')"]) 
2025-12-16 18:08:00.239  INFO 1 - [7878-exec-9] healenium                        : [Save Elements] Request: By.id(searchCam) 
2025-12-16 18:08:00.343  INFO 1 - [878-exec-10] healenium                        : [Save Elements] Request: By.id(searchCam) 
2025-12-16 18:08:00.506  INFO 1 - [7878-exec-1] healenium                        : [Save Elements] Request: By.xpath(//button[@data-original-title="Buscar"]) 
2025-12-16 18:08:00.614  INFO 1 - [7878-exec-2] healenium                        : [Save Elements] Request: By.xpath(//button[@data-original-title="Buscar"]) 
2025-12-16 18:08:00.648  INFO 1 - [7878-exec-3] healenium                        : [Save Elements] Request: By.xpath(//button[@data-original-title="Buscar"]) 
2025-12-16 18:08:01.105  INFO 1 - [7878-exec-4] healenium                        : [Save Elements] Request: By.xpath(//img[contains(@id,'camara_')]) 
2025-12-16 18:08:01.203  INFO 1 - [7878-exec-5] healenium                        : [Save Elements] Request: By.xpath(//img[contains(@id,'camara_')]) 
2025-12-16 18:08:01.239  INFO 1 - [7878-exec-6] healenium                        : [Save Elements] Request: By.xpath(//img[contains(@id,'camara_')]) 
2025-12-16 18:08:01.404  INFO 1 - [7878-exec-7] healenium                        : [Save Elements] Request: By.id(mail) 
2025-12-16 18:08:02.036  INFO 1 - [7878-exec-8] healenium                        : [Save Elements] Request: By.id(mail) 
2025-12-16 18:08:02.216  INFO 1 - [7878-exec-9] healenium                        : [Save Elements] Request: By.id(identificacion) 
2025-12-16 18:08:02.315  INFO 1 - [878-exec-10] healenium                        : [Save Elements] Request: By.id(identificacion) 
2025-12-16 18:08:02.479  INFO 1 - [7878-exec-1] healenium                        : [Save Elements] Request: By.id(pass) 
2025-12-16 18:08:02.580  INFO 1 - [7878-exec-2] healenium                        : [Save Elements] Request: By.id(pass) 
2025-12-16 18:08:02.728  INFO 1 - [7878-exec-3] healenium                        : [Save Elements] Request: By.xpath(//*[contains(text(), 'Ingresar')]) 
2025-12-16 18:08:02.841  INFO 1 - [7878-exec-4] healenium                        : [Save Elements] Request: By.xpath(//*[contains(text(), 'Ingresar')]) 
2025-12-16 18:08:02.890  INFO 1 - [7878-exec-5] healenium                        : [Save Elements] Request: By.xpath(//*[contains(text(), 'Ingresar')]) 
2025-12-16 18:08:04.286  INFO 1 - [7878-exec-6] healenium                        : [Save Elements] Request: By.xpath(//div[@class="loaderOnload"]) 
2025-12-16 18:08:06.538  INFO 1 - [7878-exec-7] healenium                        : [Save Elements] Request: By.cssSelector(.rounded.expMenu) 
2025-12-16 18:08:06.675  INFO 1 - [7878-exec-8] healenium                        : [Save Elements] Request: By.cssSelector(.rounded.expMenu) 
2025-12-16 18:08:06.725  INFO 1 - [7878-exec-9] healenium                        : [Save Elements] Request: By.cssSelector(.rounded.expMenu) 
2025-12-16 18:08:09.011  INFO 1 - [878-exec-10] healenium                        : [Save Elements] Request: By.xpath(//nav/div/div[10]/li/a/div[1]) 
2025-12-16 18:08:09.123  INFO 1 - [7878-exec-1] healenium                        : [Save Elements] Request: By.xpath(//nav/div/div[10]/li/a/div[1]) 
2025-12-16 18:08:09.200  INFO 1 - [7878-exec-2] healenium                        : [Save Elements] Request: By.xpath(//nav/div/div[10]/li/a/div[1]) 
2025-12-16 18:08:11.392  INFO 1 - [7878-exec-3] healenium                        : [Save Elements] Request: By.xpath((//*[contains(text(), 'Registros públicos - administración')])[2]) 
2025-12-16 18:08:11.491  INFO 1 - [7878-exec-4] healenium                        : [Save Elements] Request: By.xpath((//*[contains(text(), 'Registros públicos - administración')])[2]) 
2025-12-16 18:08:11.564  INFO 1 - [7878-exec-5] healenium                        : [Save Elements] Request: By.xpath((//*[contains(text(), 'Registros públicos - administración')])[2]) 
2025-12-16 18:08:13.777  INFO 1 - [7878-exec-6] healenium                        : [Save Elements] Request: By.xpath(//main[@role='main']//li[51]//a[1]) 
2025-12-16 18:08:13.894  INFO 1 - [7878-exec-7] healenium                        : [Save Elements] Request: By.xpath(//main[@role='main']//li[51]//a[1]) 
2025-12-16 18:08:13.984  INFO 1 - [7878-exec-8] healenium                        : [Save Elements] Request: By.xpath(//main[@role='main']//li[51]//a[1]) 
2025-12-16 18:08:14.286  INFO 1 - [7878-exec-9] healenium                        : [Save Elements] Request: By.id(filtroce) 
2025-12-16 18:08:14.442  INFO 1 - [878-exec-10] healenium                        : [Save Elements] Request: By.id(filtroce) 
2025-12-16 18:08:14.518  INFO 1 - [7878-exec-1] healenium                        : [Save Elements] Request: By.xpath(.//option[normalize-space(.) = "Verificados"]) 
2025-12-16 18:08:14.753  INFO 1 - [7878-exec-2] healenium                        : [Save Elements] Request: By.id(filtroce) 
2025-12-16 18:08:14.819  INFO 1 - [7878-exec-3] healenium                        : [Save Elements] Request: By.xpath(.//option[normalize-space(.) = "Todos"]) 
2025-12-16 18:08:15.019  INFO 1 - [7878-exec-4] healenium                        : [Save Elements] Request: By.xpath(//*[contains(text(), ' Continuar')]) 
2025-12-16 18:08:15.071  INFO 1 - [7878-exec-5] healenium                        : [Save Elements] Request: By.xpath(//*[contains(text(), ' Continuar')]) 
2025-12-16 18:08:17.681  INFO 1 - [7878-exec-6] healenium                        : [Save Elements] Request: By.xpath(//button[@data-original-title="Regresar"]) 
2025-12-16 18:08:17.830  INFO 1 - [7878-exec-7] healenium                        : [Save Elements] Request: By.xpath(//button[@data-original-title="Regresar"]) 
2025-12-16 18:08:17.896  INFO 1 - [7878-exec-8] healenium                        : [Save Elements] Request: By.xpath(//button[@data-original-title="Regresar"]) 
2025-12-16 18:08:20.158  INFO 1 - [7878-exec-9] healenium                        : [Save Elements] Request: By.id(filtronombre) 
2025-12-16 18:08:20.290  INFO 1 - [878-exec-10] healenium                        : [Save Elements] Request: By.id(filtronombre) 
2025-12-16 18:08:20.477  INFO 1 - [7878-exec-1] healenium                        : [Save Elements] Request: By.xpath(//*[contains(text(), ' Continuar')]) 
2025-12-16 18:08:20.519  INFO 1 - [7878-exec-2] healenium                        : [Save Elements] Request: By.xpath(//*[contains(text(), ' Continuar')]) 
2025-12-16 18:08:22.761  INFO 1 - [7878-exec-3] healenium                        : [Save Elements] Request: By.xpath(//button[@data-original-title="Regresar"]) 
2025-12-16 18:08:22.875  INFO 1 - [7878-exec-4] healenium                        : [Save Elements] Request: By.xpath(//button[@data-original-title="Regresar"]) 
2025-12-16 18:08:22.917  INFO 1 - [7878-exec-5] healenium                        : [Save Elements] Request: By.xpath(//button[@data-original-title="Regresar"]) 
2025-12-16 18:08:23.165  INFO 1 - [7878-exec-6] healenium                        : [Save Elements] Request: By.xpath(//*[contains(text(), 'Limpiar')]) 
2025-12-16 18:08:23.278  INFO 1 - [7878-exec-7] healenium                        : [Save Elements] Request: By.xpath(//*[contains(text(), 'Limpiar')]) 
2025-12-16 18:08:23.330  INFO 1 - [7878-exec-8] healenium                        : [Save Elements] Request: By.xpath(//*[contains(text(), 'Limpiar')]) 
2025-12-16 18:08:26.433  INFO 1 - [878-exec-10] healenium                        : [Save Elements] Request: By.id(filtroce) 
2025-12-16 18:08:26.547  INFO 1 - [7878-exec-1] healenium                        : [Save Elements] Request: By.id(filtroce) 
2025-12-16 18:08:26.576  INFO 1 - [7878-exec-2] healenium                        : [Save Elements] Request: By.xpath(.//option[normalize-space(.) = "Verificados"]) 
2025-12-16 18:08:26.735  INFO 1 - [7878-exec-3] healenium                        : [Save Elements] Request: By.id(filtroce) 
2025-12-16 18:08:26.772  INFO 1 - [7878-exec-4] healenium                        : [Save Elements] Request: By.xpath(.//option[normalize-space(.) = "Todos"]) 
2025-12-16 18:08:26.892  INFO 1 - [7878-exec-5] healenium                        : [Save Elements] Request: By.id(filtroidentificacion) 
2025-12-16 18:08:27.024  INFO 1 - [7878-exec-6] healenium                        : [Save Elements] Request: By.id(filtroidentificacion) 
2025-12-16 18:08:27.213  INFO 1 - [7878-exec-7] healenium                        : [Save Elements] Request: By.xpath(//*[contains(text(), ' Continuar')]) 
2025-12-16 18:08:27.263  INFO 1 - [7878-exec-8] healenium                        : [Save Elements] Request: By.xpath(//*[contains(text(), ' Continuar')]) 
2025-12-16 18:08:29.508  INFO 1 - [7878-exec-9] healenium                        : [Save Elements] Request: By.xpath(//button[@data-original-title="Regresar"]) 
2025-12-16 18:08:29.637  INFO 1 - [878-exec-10] healenium                        : [Save Elements] Request: By.xpath(//button[@data-original-title="Regresar"]) 
2025-12-16 18:08:29.714  INFO 1 - [7878-exec-1] healenium                        : [Save Elements] Request: By.xpath(//button[@data-original-title="Regresar"]) 
2025-12-16 18:08:30.051  INFO 1 - [7878-exec-2] healenium                        : [Save Elements] Request: By.xpath(//*[contains(text(), 'Limpiar')]) 
2025-12-16 18:08:30.156  INFO 1 - [7878-exec-3] healenium                        : [Save Elements] Request: By.xpath(//*[contains(text(), 'Limpiar')]) 
2025-12-16 18:08:30.201  INFO 1 - [7878-exec-4] healenium                        : [Save Elements] Request: By.xpath(//*[contains(text(), 'Limpiar')]) 
2025-12-16 18:08:33.287  INFO 1 - [7878-exec-5] healenium                        : [Save Elements] Request: By.id(filtroce) 
2025-12-16 18:08:33.424  INFO 1 - [7878-exec-6] healenium                        : [Save Elements] Request: By.id(filtroce) 
2025-12-16 18:08:33.461  INFO 1 - [7878-exec-7] healenium                        : [Save Elements] Request: By.xpath(.//option[normalize-space(.) = "Verificados"]) 
2025-12-16 18:08:33.602  INFO 1 - [7878-exec-8] healenium                        : [Save Elements] Request: By.id(filtroce) 
2025-12-16 18:08:33.639  INFO 1 - [7878-exec-9] healenium                        : [Save Elements] Request: By.xpath(.//option[normalize-space(.) = "Todos"]) 
2025-12-16 18:08:33.783  INFO 1 - [878-exec-10] healenium                        : [Save Elements] Request: By.id(filtroemail) 
2025-12-16 18:08:33.921  INFO 1 - [7878-exec-1] healenium                        : [Save Elements] Request: By.id(filtroemail) 
2025-12-16 18:08:34.110  INFO 1 - [7878-exec-2] healenium                        : [Save Elements] Request: By.xpath(//*[contains(text(), ' Continuar')]) 
2025-12-16 18:08:34.158  INFO 1 - [7878-exec-3] healenium                        : [Save Elements] Request: By.xpath(//*[contains(text(), ' Continuar')]) 
2025-12-16 18:08:36.403  INFO 1 - [7878-exec-4] healenium                        : [Save Elements] Request: By.xpath(//button[@data-original-title="Regresar"]) 
2025-12-16 18:08:36.518  INFO 1 - [7878-exec-5] healenium                        : [Save Elements] Request: By.xpath(//button[@data-original-title="Regresar"]) 
2025-12-16 18:08:36.559  INFO 1 - [7878-exec-6] healenium                        : [Save Elements] Request: By.xpath(//button[@data-original-title="Regresar"]) 
2025-12-16 18:08:36.805  INFO 1 - [7878-exec-7] healenium                        : [Save Elements] Request: By.xpath(//*[contains(text(), 'Limpiar')]) 
2025-12-16 18:08:36.920  INFO 1 - [7878-exec-8] healenium                        : [Save Elements] Request: By.xpath(//*[contains(text(), 'Limpiar')]) 
2025-12-16 18:08:36.973  INFO 1 - [7878-exec-9] healenium                        : [Save Elements] Request: By.xpath(//*[contains(text(), 'Limpiar')]) 
2025-12-16 18:08:40.050  INFO 1 - [878-exec-10] healenium                        : [Save Elements] Request: By.id(filtroce) 
2025-12-16 18:08:40.138  INFO 1 - [7878-exec-1] healenium                        : [Save Elements] Request: By.id(filtroce) 
2025-12-16 18:08:40.172  INFO 1 - [7878-exec-2] healenium                        : [Save Elements] Request: By.xpath(.//option[normalize-space(.) = "Verificados"]) 
2025-12-16 18:08:40.312  INFO 1 - [7878-exec-3] healenium                        : [Save Elements] Request: By.id(filtroce) 
2025-12-16 18:08:40.344  INFO 1 - [7878-exec-4] healenium                        : [Save Elements] Request: By.xpath(.//option[normalize-space(.) = "Todos"]) 
2025-12-16 18:08:40.475  INFO 1 - [7878-exec-5] healenium                        : [Save Elements] Request: By.id(filtrocelular) 
2025-12-16 18:08:40.611  INFO 1 - [7878-exec-6] healenium                        : [Save Elements] Request: By.id(filtrocelular) 
2025-12-16 18:08:40.791  INFO 1 - [7878-exec-7] healenium                        : [Save Elements] Request: By.xpath(//*[contains(text(), ' Continuar')]) 
2025-12-16 18:08:40.842  INFO 1 - [7878-exec-8] healenium                        : [Save Elements] Request: By.xpath(//*[contains(text(), ' Continuar')]) 
2025-12-16 18:08:43.080  INFO 1 - [7878-exec-9] healenium                        : [Save Elements] Request: By.xpath(//button[@data-original-title="Regresar"]) 
2025-12-16 18:08:43.200  INFO 1 - [878-exec-10] healenium                        : [Save Elements] Request: By.xpath(//button[@data-original-title="Regresar"]) 
2025-12-16 18:08:43.243  INFO 1 - [7878-exec-1] healenium                        : [Save Elements] Request: By.xpath(//button[@data-original-title="Regresar"]) 
2025-12-16 18:08:43.485  INFO 1 - [7878-exec-2] healenium                        : [Save Elements] Request: By.xpath(//*[contains(text(), 'Limpiar')]) 
2025-12-16 18:08:43.600  INFO 1 - [7878-exec-3] healenium                        : [Save Elements] Request: By.xpath(//*[contains(text(), 'Limpiar')]) 
2025-12-16 18:08:43.649  INFO 1 - [7878-exec-4] healenium                        : [Save Elements] Request: By.xpath(//*[contains(text(), 'Limpiar')]) 
2025-12-16 18:08:44.768  INFO 1 - [7878-exec-5] healenium                        : [Save Elements] Request: By.id(filtroidentificacion) 
2025-12-16 18:08:44.903  INFO 1 - [7878-exec-6] healenium                        : [Save Elements] Request: By.id(filtroidentificacion) 
2025-12-16 18:08:45.107  INFO 1 - [7878-exec-7] healenium                        : [Save Elements] Request: By.xpath(//*[contains(text(), ' Continuar')]) 
2025-12-16 18:08:45.165  INFO 1 - [7878-exec-8] healenium                        : [Save Elements] Request: By.xpath(//*[contains(text(), ' Continuar')]) 
2025-12-16 18:08:45.480  INFO 1 - [7878-exec-9] healenium                        : [Save Elements] Request: By.xpath(//a[@data-original-title="Editar"]) 
2025-12-16 18:08:45.572  INFO 1 - [878-exec-10] healenium                        : [Save Elements] Request: By.xpath(//a[@data-original-title="Editar"]) 
2025-12-16 18:08:45.861  INFO 1 - [7878-exec-1] healenium                        : [Save Elements] Request: By.xpath(//*[contains(text(), ' Regresar')]) 
2025-12-16 18:08:46.509  INFO 1 - [7878-exec-2] healenium                        : [Save Elements] Request: By.xpath(//*[contains(text(), ' Regresar')]) 
2025-12-16 18:08:46.626  INFO 1 - [7878-exec-3] healenium                        : [Save Elements] Request: By.xpath(//*[contains(text(), ' Regresar')]) 
2025-12-16 18:08:46.951  INFO 1 - [7878-exec-4] healenium                        : [Save Elements] Request: By.xpath(//a[@data-original-title="Inactivar"]) 
2025-12-16 18:08:47.071  INFO 1 - [7878-exec-5] healenium                        : [Save Elements] Request: By.xpath(//a[@data-original-title="Inactivar"]) 
2025-12-16 18:08:49.282  INFO 1 - [7878-exec-6] healenium                        : [Save Elements] Request: By.xpath(//*[text()=' Si']) 
2025-12-16 18:08:49.389  INFO 1 - [7878-exec-7] healenium                        : [Save Elements] Request: By.xpath(//*[text()=' Si']) 
2025-12-16 18:08:49.656  INFO 1 - [7878-exec-8] healenium                        : [Save Elements] Request: By.xpath(//button[text()='OK']) 
2025-12-16 18:08:50.314  INFO 1 - [7878-exec-9] healenium                        : [Save Elements] Request: By.xpath(//button[text()='OK']) 
2025-12-16 18:08:50.627  INFO 1 - [878-exec-10] healenium                        : [Save Elements] Request: By.xpath(//a[@data-original-title="Activar"]) 
2025-12-16 18:08:50.752  INFO 1 - [7878-exec-1] healenium                        : [Save Elements] Request: By.xpath(//a[@data-original-title="Activar"]) 
2025-12-16 18:08:52.993  INFO 1 - [7878-exec-2] healenium                        : [Save Elements] Request: By.xpath(//*[text()=' Si']) 
2025-12-16 18:08:53.103  INFO 1 - [7878-exec-3] healenium                        : [Save Elements] Request: By.xpath(//*[text()=' Si']) 
2025-12-16 18:08:53.364  INFO 1 - [7878-exec-4] healenium                        : [Save Elements] Request: By.xpath(//button[text()='OK']) 
2025-12-16 18:08:54.008  INFO 1 - [7878-exec-5] healenium                        : [Save Elements] Request: By.xpath(//button[text()='OK']) 
2025-12-16 18:08:54.362  INFO 1 - [7878-exec-6] healenium                        : [Save Elements] Request: By.xpath(//a[@data-original-title="Enviar clave Email o SMS"]) 
2025-12-16 18:08:54.479  INFO 1 - [7878-exec-7] healenium                        : [Save Elements] Request: By.xpath(//a[@data-original-title="Enviar clave Email o SMS"]) 
2025-12-16 18:08:54.651  INFO 1 - [7878-exec-8] healenium                        : [Save Elements] Request: By.xpath(//button[text()='Email']) 
2025-12-16 18:08:55.286  INFO 1 - [7878-exec-9] healenium                        : [Save Elements] Request: By.xpath(//button[text()='Email']) 
2025-12-16 18:08:55.435  INFO 1 - [878-exec-10] healenium                        : [Save Elements] Request: By.xpath(//div[@id='modalLoader']) 
2025-12-16 18:08:55.688  INFO 1 - [7878-exec-1] healenium                        : [Save Elements] Request: By.xpath(//div[@id='modalLoader']) 
2025-12-16 18:08:57.949  INFO 1 - [7878-exec-2] healenium                        : [Save Elements] Request: By.xpath(//button[text()='OK']) 
2025-12-16 18:08:58.038  INFO 1 - [7878-exec-3] healenium                        : [Save Elements] Request: By.xpath(//button[text()='OK']) 
2025-12-16 18:08:58.151  INFO 1 - [7878-exec-4] healenium                        : [Save Elements] Request: By.xpath(//button[text()='OK']) 
2025-12-16 18:08:58.280  INFO 1 - [7878-exec-5] healenium                        : [Save Elements] Request: By.xpath(//div[@id='modalLoader']) 
2025-12-16 18:08:58.554  INFO 1 - [7878-exec-6] healenium                        : [Save Elements] Request: By.xpath(//div[@id='modalLoader']) 
2025-12-16 18:09:00.371  INFO 1 - [7878-exec-7] healenium                        : [Save Elements] Request: By.xpath(//a[@data-original-title="Ver imágenes asociadas"]) 
2025-12-16 18:09:00.463  INFO 1 - [7878-exec-8] healenium                        : [Save Elements] Request: By.xpath(//a[@data-original-title="Ver imágenes asociadas"]) 
2025-12-16 18:09:00.578  INFO 1 - [7878-exec-9] healenium                        : [Save Elements] Request: By.xpath(//div[@id='modalLoader']) 
2025-12-16 18:09:00.793  INFO 1 - [878-exec-10] healenium                        : [Save Elements] Request: By.xpath(//div[@id='modalLoader']) 
2025-12-16 18:09:03.075  INFO 1 - [7878-exec-1] healenium                        : [Save Elements] Request: By.xpath(//button[text()='Cerrar']) 
2025-12-16 18:09:03.169  INFO 1 - [7878-exec-2] healenium                        : [Save Elements] Request: By.xpath(//button[text()='Cerrar']) 
2025-12-16 18:09:03.263  INFO 1 - [7878-exec-3] healenium                        : [Save Elements] Request: By.xpath(//button[text()='Cerrar']) 
2025-12-16 18:09:03.383  INFO 1 - [7878-exec-4] healenium                        : [Save Elements] Request: By.xpath(//a[@data-original-title="Eliminar"]) 
2025-12-16 18:09:03.510  INFO 1 - [7878-exec-5] healenium                        : [Save Elements] Request: By.xpath(//a[@data-original-title="Eliminar"]) 
2025-12-16 18:09:03.636  INFO 1 - [7878-exec-6] healenium                        : [Save Elements] Request: By.xpath(//*[text()=' No']) 
2025-12-16 18:09:04.290  INFO 1 - [7878-exec-7] healenium                        : [Save Elements] Request: By.xpath(//*[text()=' No']) 
2025-12-16 18:09:04.391  INFO 1 - [7878-exec-8] healenium                        : [Save Elements] Request: By.xpath(//button[@data-original-title="Regresar"]) 
2025-12-16 18:09:04.482  INFO 1 - [7878-exec-9] healenium                        : [Save Elements] Request: By.xpath(//button[@data-original-title="Regresar"]) 
2025-12-16 18:09:04.634  INFO 1 - [878-exec-10] healenium                        : [Save Elements] Request: By.xpath(//div[@id='modalLoader']) 
2025-12-16 18:09:04.862  INFO 1 - [7878-exec-1] healenium                        : [Save Elements] Request: By.xpath(//div[@id='modalLoader']) 
2025-12-16 18:09:06.619  INFO 1 - [7878-exec-2] healenium                        : [Save Elements] Request: By.xpath(//a[@data-original-title="Agregar usuario"]) 
2025-12-16 18:09:06.724  INFO 1 - [7878-exec-3] healenium                        : [Save Elements] Request: By.xpath(//a[@data-original-title="Agregar usuario"]) 
2025-12-16 18:09:07.093  INFO 1 - [7878-exec-4] healenium                        : [Save Elements] Request: By.id(tipoidentificacion) 
2025-12-16 18:09:07.248  INFO 1 - [7878-exec-5] healenium                        : [Save Elements] Request: By.id(tipoidentificacion) 
2025-12-16 18:09:07.337  INFO 1 - [7878-exec-6] healenium                        : [Save Elements] Request: By.xpath(.//option[normalize-space(.) = "CÉDULA DE EXTRANJERÍA"]) 
2025-12-16 18:09:07.556  INFO 1 - [7878-exec-7] healenium                        : [Save Elements] Request: By.id(identificacion) 
2025-12-16 18:09:07.716  INFO 1 - [7878-exec-8] healenium                        : [Save Elements] Request: By.id(identificacion) 
2025-12-16 18:09:08.281  INFO 1 - [7878-exec-9] healenium                        : [Save Elements] Request: By.id(email) 
2025-12-16 18:09:08.422  INFO 1 - [878-exec-10] healenium                        : [Save Elements] Request: By.id(email) 
2025-12-16 18:09:08.646  INFO 1 - [7878-exec-1] healenium                        : [Save Elements] Request: By.id(celular) 
2025-12-16 18:09:08.787  INFO 1 - [7878-exec-2] healenium                        : [Save Elements] Request: By.id(celular) 
2025-12-16 18:09:08.999  INFO 1 - [7878-exec-3] healenium                        : [Save Elements] Request: By.id(nombre1) 
2025-12-16 18:09:09.141  INFO 1 - [7878-exec-4] healenium                        : [Save Elements] Request: By.id(nombre1) 
2025-12-16 18:09:09.371  INFO 1 - [7878-exec-5] healenium                        : [Save Elements] Request: By.id(nombre2) 
2025-12-16 18:09:09.524  INFO 1 - [7878-exec-6] healenium                        : [Save Elements] Request: By.id(nombre2) 
2025-12-16 18:09:09.754  INFO 1 - [7878-exec-7] healenium                        : [Save Elements] Request: By.id(apellido1) 
2025-12-16 18:09:09.906  INFO 1 - [7878-exec-8] healenium                        : [Save Elements] Request: By.id(apellido1) 
2025-12-16 18:09:10.129  INFO 1 - [7878-exec-9] healenium                        : [Save Elements] Request: By.id(apellido2) 
2025-12-16 18:09:10.298  INFO 1 - [878-exec-10] healenium                        : [Save Elements] Request: By.id(apellido2) 
2025-12-16 18:09:10.508  INFO 1 - [7878-exec-1] healenium                        : [Save Elements] Request: By.id(direccion) 
2025-12-16 18:09:10.665  INFO 1 - [7878-exec-2] healenium                        : [Save Elements] Request: By.id(direccion) 
2025-12-16 18:09:10.886  INFO 1 - [7878-exec-3] healenium                        : [Save Elements] Request: By.id(municipio) 
2025-12-16 18:09:11.039  INFO 1 - [7878-exec-4] healenium                        : [Save Elements] Request: By.id(municipio) 
2025-12-16 18:09:11.142  INFO 1 - [7878-exec-5] healenium                        : [Save Elements] Request: By.xpath(.//option[normalize-space(.) = "BOGOTA (BOG)"]) 
2025-12-16 18:09:11.329  INFO 1 - [7878-exec-6] healenium                        : [Save Elements] Request: By.xpath(//button[@data-elemento='imgFoto']) 
2025-12-16 18:09:11.437  INFO 1 - [7878-exec-7] healenium                        : [Save Elements] Request: By.xpath(//button[@data-elemento='imgFoto']) 
2025-12-16 18:09:11.547  INFO 1 - [7878-exec-8] healenium                        : [Save Elements] Request: By.xpath(//button[@data-elemento='imgFoto']) 
2025-12-16 18:09:11.715  INFO 1 - [7878-exec-9] healenium                        : [Save Elements] Request: By.id(btnCapturarImagen) 
2025-12-16 18:09:12.405  INFO 1 - [878-exec-10] healenium                        : [Save Elements] Request: By.id(btnCapturarImagen) 
2025-12-16 18:09:12.544  INFO 1 - [7878-exec-1] healenium                        : [Save Elements] Request: By.id(btnGuardarFoto) 
2025-12-16 18:09:12.659  INFO 1 - [7878-exec-2] healenium                        : [Save Elements] Request: By.id(btnGuardarFoto) 
2025-12-16 18:09:12.801  INFO 1 - [7878-exec-3] healenium                        : [Save Elements] Request: By.xpath(//button[@data-elemento="Cedula1"]) 
2025-12-16 18:09:12.976  INFO 1 - [7878-exec-4] healenium                        : [Save Elements] Request: By.xpath(//button[@data-elemento="Cedula1"]) 
2025-12-16 18:09:13.135  INFO 1 - [7878-exec-5] healenium                        : [Save Elements] Request: By.id(btnCapturarImagen) 
2025-12-16 18:09:13.809  INFO 1 - [7878-exec-6] healenium                        : [Save Elements] Request: By.id(btnCapturarImagen) 
2025-12-16 18:09:13.933  INFO 1 - [7878-exec-7] healenium                        : [Save Elements] Request: By.id(btnGuardarFoto) 
2025-12-16 18:09:14.060  INFO 1 - [7878-exec-8] healenium                        : [Save Elements] Request: By.id(btnGuardarFoto) 
2025-12-16 18:09:14.200  INFO 1 - [7878-exec-9] healenium                        : [Save Elements] Request: By.xpath(//button[@data-elemento="FormatoR"]) 
2025-12-16 18:09:14.347  INFO 1 - [878-exec-10] healenium                        : [Save Elements] Request: By.xpath(//button[@data-elemento="FormatoR"]) 
2025-12-16 18:09:14.484  INFO 1 - [7878-exec-1] healenium                        : [Save Elements] Request: By.id(btnCapturarImagen) 
2025-12-16 18:12:19.714  INFO 1 - [7878-exec-5] healenium                        : [Save Elements] Request: By.id(searchCam) 
2025-12-16 18:12:19.893  INFO 1 - [7878-exec-6] healenium                        : [Save Elements] Request: By.id(searchCam) 
2025-12-16 18:12:20.137  INFO 1 - [7878-exec-7] healenium                        : [Save Elements] Request: By.id(searchCam) 
2025-12-16 18:12:22.391  INFO 1 - [7878-exec-8] healenium                        : [Save Elements] Request: By.id(camara_20) 
2025-12-16 18:12:22.511  INFO 1 - [7878-exec-9] healenium                        : [Save Elements] Request: By.id(camara_20) 
2025-12-16 18:12:22.773  INFO 1 - [878-exec-10] healenium                        : [Save Elements] Request: By.id(mail) 
2025-12-16 18:12:23.250  INFO 1 - [7878-exec-1] healenium                        : [Save Elements] Request: By.id(mail) 
2025-12-16 18:12:23.573  INFO 1 - [7878-exec-2] healenium                        : [Save Elements] Request: By.id(identificacion) 
2025-12-16 18:12:23.671  INFO 1 - [7878-exec-3] healenium                        : [Save Elements] Request: By.id(identificacion) 
2025-12-16 18:12:23.932  INFO 1 - [7878-exec-4] healenium                        : [Save Elements] Request: By.id(pass) 
2025-12-16 18:12:24.046  INFO 1 - [7878-exec-5] healenium                        : [Save Elements] Request: By.id(pass) 
2025-12-16 18:12:24.339  INFO 1 - [7878-exec-6] healenium                        : [Save Elements] Request: By.xpath(//button[text()='Ingresar']) 
2025-12-16 18:12:25.972  INFO 1 - [7878-exec-7] healenium                        : [Save Elements] Request: By.xpath(//div[@class="loaderOnload"]) 
2025-12-16 18:12:33.237  INFO 1 - [7878-exec-8] healenium                        : [Save Elements] Request: By.id(criterio) 
2025-12-16 18:12:35.967  INFO 1 - [7878-exec-9] healenium                        : [Save Elements] Request: By.xpath(//div[@id='modalLoader']) 
2025-12-16 18:12:58.204  INFO 1 - [878-exec-10] healenium                        : [Save Elements] Request: By.cssSelector(.rounded.expMenu) 
2025-12-16 18:12:58.329  INFO 1 - [7878-exec-1] healenium                        : [Save Elements] Request: By.cssSelector(.rounded.expMenu) 
2025-12-16 18:12:58.368  INFO 1 - [7878-exec-2] healenium                        : [Save Elements] Request: By.cssSelector(.rounded.expMenu) 
2025-12-16 18:13:01.663  INFO 1 - [7878-exec-3] healenium                        : [Save Elements] Request: By.id(sidebar-search) 
2025-12-16 18:13:01.719  INFO 1 - [7878-exec-4] healenium                        : [Save Elements] Request: By.id(sidebar-search) 
2025-12-16 18:13:05.044  INFO 1 - [7878-exec-5] healenium                        : [Save Elements] Request: By.xpath(/html/body/div[1]/main/div[1]/span/ul/li[1]/a) 
2025-12-16 18:13:10.100  INFO 1 - [7878-exec-6] healenium                        : [Save Elements] Request: By.id(_codigobarras) 
2025-12-16 18:13:10.169  INFO 1 - [7878-exec-7] healenium                        : [Save Elements] Request: By.id(_codigobarras) 
2025-12-16 18:13:13.368  INFO 1 - [7878-exec-8] healenium                        : [Save Elements] Request: By.xpath(//div[@id="frameSecundarioCentral"]//input[@value="Continuar"]) 
2025-12-16 18:13:26.020  INFO 1 - [7878-exec-3] healenium                        : [Save Elements] Request: By.id(searchCam) 
2025-12-16 18:13:26.174  INFO 1 - [7878-exec-4] healenium                        : [Save Elements] Request: By.id(searchCam) 
2025-12-16 18:13:26.286  INFO 1 - [7878-exec-5] healenium                        : [Save Elements] Request: By.id(searchCam) 
2025-12-16 18:13:28.504  INFO 1 - [7878-exec-6] healenium                        : [Save Elements] Request: By.id(camara_20) 
2025-12-16 18:13:28.712  INFO 1 - [7878-exec-7] healenium                        : [Save Elements] Request: By.id(camara_20) 
2025-12-16 18:13:29.101  INFO 1 - [7878-exec-8] healenium                        : [Save Elements] Request: By.id(mail) 
2025-12-16 18:13:29.538  INFO 1 - [7878-exec-9] healenium                        : [Save Elements] Request: By.id(mail) 
2025-12-16 18:13:29.769  INFO 1 - [878-exec-10] healenium                        : [Save Elements] Request: By.id(identificacion) 
2025-12-16 18:13:29.864  INFO 1 - [7878-exec-1] healenium                        : [Save Elements] Request: By.id(identificacion) 
2025-12-16 18:13:30.111  INFO 1 - [7878-exec-2] healenium                        : [Save Elements] Request: By.id(pass) 
2025-12-16 18:13:30.191  INFO 1 - [7878-exec-3] healenium                        : [Save Elements] Request: By.id(pass) 
2025-12-16 18:13:30.352  INFO 1 - [7878-exec-4] healenium                        : [Save Elements] Request: By.xpath(//button[text()='Ingresar']) 
2025-12-16 18:13:32.013  INFO 1 - [7878-exec-5] healenium                        : [Save Elements] Request: By.xpath(//div[@class="loaderOnload"]) 
2025-12-16 18:13:39.310  INFO 1 - [7878-exec-6] healenium                        : [Save Elements] Request: By.id(criterio) 
2025-12-16 18:13:42.027  INFO 1 - [7878-exec-7] healenium                        : [Save Elements] Request: By.xpath(//div[@id='modalLoader']) 
2025-12-16 18:14:04.222  INFO 1 - [7878-exec-9] healenium                        : [Save Elements] Request: By.cssSelector(.rounded.expMenu) 
2025-12-16 18:14:07.476  INFO 1 - [878-exec-10] healenium                        : [Save Elements] Request: By.cssSelector(.rounded.expMenu) 
2025-12-16 18:14:07.520  INFO 1 - [7878-exec-1] healenium                        : [Save Elements] Request: By.cssSelector(.rounded.expMenu) 
2025-12-16 18:14:10.828  INFO 1 - [7878-exec-2] healenium                        : [Save Elements] Request: By.id(sidebar-search) 
2025-12-16 18:14:10.887  INFO 1 - [7878-exec-3] healenium                        : [Save Elements] Request: By.id(sidebar-search) 
2025-12-16 18:14:11.072  INFO 1 - [7878-exec-4] healenium                        : [Save Elements] Request: By.xpath(/html/body/div[1]/main/div[1]/span/ul/li[1]/a) 
2025-12-16 18:14:14.918  INFO 1 - [7878-exec-5] healenium                        : [Save Elements] Request: By.xpath(//*[@id="formMensajes"]/p) 
2025-12-16 18:14:18.090  INFO 1 - [7878-exec-6] healenium                        : [Save Elements] Request: By.xpath(//*[@id="formMensajes"]/p) 
2025-12-16 18:15:10.246  INFO 1 - [7878-exec-1] healenium                        : [Save Elements] Request: By.id(mail) 
2025-12-16 18:15:10.884  INFO 1 - [7878-exec-2] healenium                        : [Save Elements] Request: By.id(mail) 
2025-12-16 18:15:11.091  INFO 1 - [7878-exec-3] healenium                        : [Save Elements] Request: By.id(identificacion) 
2025-12-16 18:15:11.278  INFO 1 - [7878-exec-4] healenium                        : [Save Elements] Request: By.id(pass) 
2025-12-16 18:15:11.469  INFO 1 - [7878-exec-5] healenium                        : [Save Elements] Request: By.xpath(//button[normalize-space()='Ingresar']) 
2025-12-16 18:15:11.508  INFO 1 - [7878-exec-6] healenium                        : [Save Elements] Request: By.xpath(//button[normalize-space()='Ingresar']) 
2025-12-16 18:15:12.972  INFO 1 - [7878-exec-7] healenium                        : [Save Elements] Request: By.xpath(//div[@id='modalLoader']) 
2025-12-16 18:15:13.085  INFO 1 - [7878-exec-8] healenium                        : [Save Elements] Request: By.xpath(//div[@id='modalLoader']) 
2025-12-16 18:15:14.316  INFO 1 - [7878-exec-9] healenium                        : [Save Elements] Request: By.cssSelector(.rounded.expMenu) 
2025-12-16 18:15:14.460  INFO 1 - [878-exec-10] healenium                        : [Save Elements] Request: By.cssSelector(.rounded.expMenu) 
2025-12-16 18:15:14.509  INFO 1 - [7878-exec-1] healenium                        : [Save Elements] Request: By.cssSelector(.rounded.expMenu) 
2025-12-16 18:15:15.181  INFO 1 - [7878-exec-2] healenium                        : [Save Elements] Request: By.xpath(//div[@id='modalLoader']) 
2025-12-16 18:15:15.277  INFO 1 - [7878-exec-3] healenium                        : [Save Elements] Request: By.xpath(//div[@id='modalLoader']) 
2025-12-16 18:15:16.529  INFO 1 - [7878-exec-4] healenium                        : [Save Elements] Request: By.id(sidebar-search) 
2025-12-16 18:15:16.690  INFO 1 - [7878-exec-5] healenium                        : [Save Elements] Request: By.id(sidebar-search) 
2025-12-16 18:15:16.985  INFO 1 - [7878-exec-6] healenium                        : [Save Elements] Request: By.linkText(Suscripciones nacionales) 
2025-12-16 18:15:17.201  INFO 1 - [7878-exec-7] healenium                        : [Save Elements] Request: By.linkText(Suscripciones nacionales) 
2025-12-16 18:15:17.290  INFO 1 - [7878-exec-8] healenium                        : [Save Elements] Request: By.linkText(Suscripciones nacionales) 
2025-12-16 18:15:21.841  INFO 1 - [7878-exec-9] healenium                        : [Save Elements] Request: By.cssSelector(#tablesuscriptions_filter > label > input[type=search]) 
2025-12-16 18:15:21.992  INFO 1 - [878-exec-10] healenium                        : [Save Elements] Request: By.cssSelector(#tablesuscriptions_filter > label > input[type=search]) 
2025-12-16 18:15:35.198  INFO 1 - [7878-exec-6] healenium                        : [Save Elements] Request: By.id(searchCam) 
2025-12-16 18:15:35.339  INFO 1 - [7878-exec-7] healenium                        : [Save Elements] Request: By.id(searchCam) 
2025-12-16 18:15:35.544  INFO 1 - [7878-exec-8] healenium                        : [Save Elements] Request: By.xpath(//button[@data-original-title="Buscar"]) 
2025-12-16 18:15:35.692  INFO 1 - [7878-exec-9] healenium                        : [Save Elements] Request: By.xpath(//button[@data-original-title="Buscar"]) 
2025-12-16 18:15:35.743  INFO 1 - [878-exec-10] healenium                        : [Save Elements] Request: By.xpath(//button[@data-original-title="Buscar"]) 
2025-12-16 18:15:36.197  INFO 1 - [7878-exec-1] healenium                        : [Save Elements] Request: By.xpath(//img[contains(@id,'camara_')]) 
2025-12-16 18:15:36.320  INFO 1 - [7878-exec-2] healenium                        : [Save Elements] Request: By.xpath(//img[contains(@id,'camara_')]) 
2025-12-16 18:15:36.360  INFO 1 - [7878-exec-3] healenium                        : [Save Elements] Request: By.xpath(//img[contains(@id,'camara_')]) 
2025-12-16 18:15:36.562  INFO 1 - [7878-exec-4] healenium                        : [Save Elements] Request: By.id(mail) 
2025-12-16 18:15:37.195  INFO 1 - [7878-exec-5] healenium                        : [Save Elements] Request: By.id(mail) 
2025-12-16 18:15:37.426  INFO 1 - [7878-exec-6] healenium                        : [Save Elements] Request: By.id(identificacion) 
2025-12-16 18:15:37.528  INFO 1 - [7878-exec-7] healenium                        : [Save Elements] Request: By.id(identificacion) 
2025-12-16 18:15:37.759  INFO 1 - [7878-exec-8] healenium                        : [Save Elements] Request: By.id(pass) 
2025-12-16 18:15:37.876  INFO 1 - [7878-exec-9] healenium                        : [Save Elements] Request: By.id(pass) 
2025-12-16 18:15:38.122  INFO 1 - [878-exec-10] healenium                        : [Save Elements] Request: By.xpath(//*[contains(text(), 'Ingresar')]) 
2025-12-16 18:15:38.277  INFO 1 - [7878-exec-1] healenium                        : [Save Elements] Request: By.xpath(//*[contains(text(), 'Ingresar')]) 
2025-12-16 18:15:38.348  INFO 1 - [7878-exec-2] healenium                        : [Save Elements] Request: By.xpath(//*[contains(text(), 'Ingresar')]) 
2025-12-16 18:15:39.734  INFO 1 - [7878-exec-3] healenium                        : [Save Elements] Request: By.xpath(//div[@id='modalLoader']) 
2025-12-16 18:15:39.876  INFO 1 - [7878-exec-4] healenium                        : [Save Elements] Request: By.xpath(//div[@id='modalLoader']) 
2025-12-16 18:15:41.169  INFO 1 - [7878-exec-5] healenium                        : [Save Elements] Request: By.cssSelector(.rounded.expMenu) 
2025-12-16 18:15:41.364  INFO 1 - [7878-exec-6] healenium                        : [Save Elements] Request: By.cssSelector(.rounded.expMenu) 
2025-12-16 18:15:41.427  INFO 1 - [7878-exec-7] healenium                        : [Save Elements] Request: By.cssSelector(.rounded.expMenu) 
2025-12-16 18:15:44.973  INFO 1 - [7878-exec-8] healenium                        : [Save Elements] Request: By.xpath(//nav/div/div[10]/li/a/div[1]) 
2025-12-16 18:15:45.129  INFO 1 - [7878-exec-9] healenium                        : [Save Elements] Request: By.xpath(//nav/div/div[10]/li/a/div[1]) 
2025-12-16 18:15:45.238  INFO 1 - [878-exec-10] healenium                        : [Save Elements] Request: By.xpath(//nav/div/div[10]/li/a/div[1]) 
2025-12-16 18:15:45.402  INFO 1 - [7878-exec-1] healenium                        : [Save Elements] Request: By.xpath((//div[text()='Registros públicos - gestión de caja'])[2]) 
2025-12-16 18:15:45.523  INFO 1 - [7878-exec-2] healenium                        : [Save Elements] Request: By.xpath((//div[text()='Registros públicos - gestión de caja'])[2]) 
2025-12-16 18:15:45.613  INFO 1 - [7878-exec-3] healenium                        : [Save Elements] Request: By.xpath((//div[text()='Registros públicos - gestión de caja'])[2]) 
2025-12-16 18:15:45.732  INFO 1 - [7878-exec-4] healenium                        : [Save Elements] Request: By.xpath((//*[text()='Reingreso de trámites'])[2]) 
2025-12-16 18:15:45.803  INFO 1 - [7878-exec-5] healenium                        : [Save Elements] Request: By.xpath((//*[text()='Reingreso de trámites'])[2]) 
2025-12-16 18:15:45.969  INFO 1 - [7878-exec-6] healenium                        : [Save Elements] Request: By.xpath((//*[text()='Reingreso de trámites'])[2]) 
2025-12-16 18:15:46.052  INFO 1 - [7878-exec-7] healenium                        : [Save Elements] Request: By.xpath((//*[text()='Reingreso de trámites'])[2]) 
2025-12-16 18:15:48.282  INFO 1 - [7878-exec-8] healenium                        : [Save Elements] Request: By.id(txtCodBarras) 
2025-12-16 18:15:48.482  INFO 1 - [7878-exec-9] healenium                        : [Save Elements] Request: By.xpath(//*[contains(text(), ' Continuar')]) 
2025-12-16 18:15:48.527  INFO 1 - [878-exec-10] healenium                        : [Save Elements] Request: By.xpath(//*[contains(text(), ' Continuar')]) 
2025-12-16 18:15:51.932  INFO 1 - [7878-exec-1] healenium                        : [Save Elements] Request: By.id(txtReingresarTramiteNomApe) 
2025-12-16 18:15:52.156  INFO 1 - [7878-exec-2] healenium                        : [Save Elements] Request: By.id(txtReingresarTramiteNomApe) 
2025-12-16 18:15:52.271  INFO 1 - [7878-exec-3] healenium                        : [Save Elements] Request: By.id(txtReingresarTramiteNomApe) 
2025-12-16 18:15:52.420  INFO 1 - [7878-exec-4] healenium                        : [Save Elements] Request: By.id(txtReingresarTramiteNomApe) 
2025-12-16 18:15:52.651  INFO 1 - [7878-exec-5] healenium                        : [Save Elements] Request: By.id(slctReingresarTramiteTipoIdentificacion) 
2025-12-16 18:15:52.801  INFO 1 - [7878-exec-6] healenium                        : [Save Elements] Request: By.id(slctReingresarTramiteTipoIdentificacion) 
2025-12-16 18:15:52.842  INFO 1 - [7878-exec-7] healenium                        : [Save Elements] Request: By.xpath(.//option[normalize-space(.) = "Cédula de ciudadania"]) 
2025-12-16 18:15:52.976  INFO 1 - [7878-exec-8] healenium                        : [Save Elements] Request: By.id(txtReingresarTramiteNumeroIdentificacion) 
2025-12-16 18:15:53.138  INFO 1 - [7878-exec-9] healenium                        : [Save Elements] Request: By.id(txtReingresarTramiteNumeroIdentificacion) 
2025-12-16 18:15:53.323  INFO 1 - [878-exec-10] healenium                        : [Save Elements] Request: By.id(txtReingresarTramiteFechaExpDocumento) 
2025-12-16 18:15:53.519  INFO 1 - [7878-exec-1] healenium                        : [Save Elements] Request: By.id(txtReingresarTramiteEmail) 
2025-12-16 18:15:53.711  INFO 1 - [7878-exec-2] healenium                        : [Save Elements] Request: By.id(txtReingresarTramiteTelefonoFijo) 
2025-12-16 18:15:53.898  INFO 1 - [7878-exec-3] healenium                        : [Save Elements] Request: By.id(txtReingresarTramiteCelular) 
2025-12-16 18:15:54.048  INFO 1 - [7878-exec-4] healenium                        : [Save Elements] Request: By.xpath(//button[@data-elemento='imgFoto']) 
2025-12-16 18:15:54.154  INFO 1 - [7878-exec-5] healenium                        : [Save Elements] Request: By.xpath(//button[@data-elemento='imgFoto']) 
2025-12-16 18:15:54.202  INFO 1 - [7878-exec-6] healenium                        : [Save Elements] Request: By.xpath(//button[@data-elemento='imgFoto']) 
2025-12-16 18:15:54.401  INFO 1 - [7878-exec-7] healenium                        : [Save Elements] Request: By.id(btnCapturarImagen) 
2025-12-16 18:15:55.141  INFO 1 - [7878-exec-8] healenium                        : [Save Elements] Request: By.id(btnCapturarImagen) 
2025-12-16 18:15:55.212  INFO 1 - [7878-exec-9] healenium                        : [Save Elements] Request: By.id(btnCapturarImagen) 
2025-12-16 18:15:55.380  INFO 1 - [878-exec-10] healenium                        : [Save Elements] Request: By.id(btnGuardarFoto) 
2025-12-16 18:15:55.543  INFO 1 - [7878-exec-1] healenium                        : [Save Elements] Request: By.id(btnGuardarFoto) 
2025-12-16 18:15:55.590  INFO 1 - [7878-exec-2] healenium                        : [Save Elements] Request: By.id(btnGuardarFoto) 
2025-12-16 18:15:55.754  INFO 1 - [7878-exec-3] healenium                        : [Save Elements] Request: By.id(fileArchivoVerificacionDocIdentidad) 
2025-12-16 18:15:55.861  INFO 1 - [7878-exec-4] healenium                        : [Save Elements] Request: By.id(fileArchivoVerificacionDocIdentidad) 
2025-12-16 18:15:56.012  INFO 1 - [7878-exec-5] healenium                        : [Save Elements] Request: By.xpath(//button[contains(text(), ' Reingresar')]) 
2025-12-16 18:15:56.145  INFO 1 - [7878-exec-6] healenium                        : [Save Elements] Request: By.xpath(//button[contains(text(), ' Reingresar')]) 
2025-12-16 18:15:56.196  INFO 1 - [7878-exec-7] healenium                        : [Save Elements] Request: By.xpath(//button[contains(text(), ' Reingresar')]) 
2025-12-16 18:15:56.403  INFO 1 - [7878-exec-8] healenium                        : [Save Elements] Request: By.xpath(//button[contains(text(), 'Si')]) 
2025-12-16 18:15:57.075  INFO 1 - [7878-exec-9] healenium                        : [Save Elements] Request: By.xpath(//button[contains(text(), 'Si')]) 
2025-12-16 18:15:57.119  INFO 1 - [878-exec-10] healenium                        : [Save Elements] Request: By.xpath(//button[contains(text(), 'Si')]) 
2025-12-16 18:16:02.543  INFO 1 - [7878-exec-4] healenium                        : [Save Elements] Request: By.xpath(//*[@id="frmReingresoDeTramite"]/div[2]/a) 
2025-12-16 18:16:02.676  INFO 1 - [7878-exec-5] healenium                        : [Save Elements] Request: By.xpath(//*[@id="frmReingresoDeTramite"]/div[2]/a) 
2025-12-16 18:16:07.979  INFO 1 - [7878-exec-6] healenium                        : [Save Elements] Request: By.id(estadoactual) 
2025-12-16 18:16:12.788  INFO 1 - [7878-exec-9] healenium                        : [Save Elements] Request: By.id(searchCam) 
2025-12-16 18:16:12.894  INFO 1 - [878-exec-10] healenium                        : [Save Elements] Request: By.id(searchCam) 
2025-12-16 18:16:13.071  INFO 1 - [7878-exec-1] healenium                        : [Save Elements] Request: By.xpath(//button[@data-original-title="Buscar"]) 
2025-12-16 18:16:13.175  INFO 1 - [7878-exec-2] healenium                        : [Save Elements] Request: By.xpath(//button[@data-original-title="Buscar"]) 
2025-12-16 18:16:13.211  INFO 1 - [7878-exec-3] healenium                        : [Save Elements] Request: By.xpath(//button[@data-original-title="Buscar"]) 
2025-12-16 18:16:13.670  INFO 1 - [7878-exec-4] healenium                        : [Save Elements] Request: By.xpath(//img[contains(@id,'camara_')]) 
2025-12-16 18:16:13.776  INFO 1 - [7878-exec-5] healenium                        : [Save Elements] Request: By.xpath(//img[contains(@id,'camara_')]) 
2025-12-16 18:16:13.816  INFO 1 - [7878-exec-6] healenium                        : [Save Elements] Request: By.xpath(//img[contains(@id,'camara_')]) 
2025-12-16 18:16:13.967  INFO 1 - [7878-exec-7] healenium                        : [Save Elements] Request: By.id(mail) 
2025-12-16 18:16:14.605  INFO 1 - [7878-exec-8] healenium                        : [Save Elements] Request: By.id(mail) 
2025-12-16 18:16:14.802  INFO 1 - [7878-exec-9] healenium                        : [Save Elements] Request: By.id(identificacion) 
2025-12-16 18:16:14.895  INFO 1 - [878-exec-10] healenium                        : [Save Elements] Request: By.id(identificacion) 
2025-12-16 18:16:15.057  INFO 1 - [7878-exec-1] healenium                        : [Save Elements] Request: By.id(pass) 
2025-12-16 18:16:15.166  INFO 1 - [7878-exec-2] healenium                        : [Save Elements] Request: By.id(pass) 
2025-12-16 18:16:15.345  INFO 1 - [7878-exec-3] healenium                        : [Save Elements] Request: By.xpath(//*[contains(text(), 'Ingresar')]) 
2025-12-16 18:16:15.464  INFO 1 - [7878-exec-4] healenium                        : [Save Elements] Request: By.xpath(//*[contains(text(), 'Ingresar')]) 
2025-12-16 18:16:15.517  INFO 1 - [7878-exec-5] healenium                        : [Save Elements] Request: By.xpath(//*[contains(text(), 'Ingresar')]) 
2025-12-16 18:16:16.785  INFO 1 - [7878-exec-6] healenium                        : [Save Elements] Request: By.xpath(//div[@id='modalLoader']) 
2025-12-16 18:16:16.911  INFO 1 - [7878-exec-7] healenium                        : [Save Elements] Request: By.xpath(//div[@id='modalLoader']) 
2025-12-16 18:16:18.187  INFO 1 - [7878-exec-8] healenium                        : [Save Elements] Request: By.cssSelector(.rounded.expMenu) 
2025-12-16 18:16:18.327  INFO 1 - [7878-exec-9] healenium                        : [Save Elements] Request: By.cssSelector(.rounded.expMenu) 
2025-12-16 18:16:18.402  INFO 1 - [878-exec-10] healenium                        : [Save Elements] Request: By.cssSelector(.rounded.expMenu) 
2025-12-16 18:16:22.044  INFO 1 - [7878-exec-1] healenium                        : [Save Elements] Request: By.xpath(//nav/div/div[10]/li/a/div[1]) 
2025-12-16 18:16:22.161  INFO 1 - [7878-exec-2] healenium                        : [Save Elements] Request: By.xpath(//nav/div/div[10]/li/a/div[1]) 
2025-12-16 18:16:22.241  INFO 1 - [7878-exec-3] healenium                        : [Save Elements] Request: By.xpath(//nav/div/div[10]/li/a/div[1]) 
2025-12-16 18:16:22.346  INFO 1 - [7878-exec-4] healenium                        : [Save Elements] Request: By.xpath((//div[text()='Registros públicos - gestión de caja'])[2]) 
2025-12-16 18:16:22.416  INFO 1 - [7878-exec-5] healenium                        : [Save Elements] Request: By.xpath((//div[text()='Registros públicos - gestión de caja'])[2]) 
2025-12-16 18:16:22.510  INFO 1 - [7878-exec-6] healenium                        : [Save Elements] Request: By.xpath((//div[text()='Registros públicos - gestión de caja'])[2]) 
2025-12-16 18:16:22.631  INFO 1 - [7878-exec-7] healenium                        : [Save Elements] Request: By.xpath((//*[text()="Reingreso de trámites en Bloque"])[2]) 
2025-12-16 18:16:22.711  INFO 1 - [7878-exec-8] healenium                        : [Save Elements] Request: By.xpath((//*[text()="Reingreso de trámites en Bloque"])[2]) 
2025-12-16 18:16:22.817  INFO 1 - [7878-exec-9] healenium                        : [Save Elements] Request: By.xpath((//*[text()="Reingreso de trámites en Bloque"])[2]) 
2025-12-16 18:16:22.866  INFO 1 - [878-exec-10] healenium                        : [Save Elements] Request: By.xpath((//*[text()="Reingreso de trámites en Bloque"])[2]) 
2025-12-16 18:16:26.132  INFO 1 - [7878-exec-1] healenium                        : [Save Elements] Request: By.id(txtCodBarras) 
2025-12-16 18:16:29.350  INFO 1 - [7878-exec-2] healenium                        : [Save Elements] Request: By.xpath(//button[contains(text(), ' Continuar')]) 
2025-12-16 18:16:29.398  INFO 1 - [7878-exec-3] healenium                        : [Save Elements] Request: By.xpath(//button[contains(text(), ' Continuar')]) 
2025-12-16 18:16:30.131  INFO 1 - [7878-exec-4] healenium                        : [Save Elements] Request: By.id(txtReingresarTramiteNomApe) 
2025-12-16 18:16:30.577  INFO 1 - [7878-exec-5] healenium                        : [Save Elements] Request: By.id(txtReingresarTramiteNomApe) 
2025-12-16 18:16:33.750  INFO 1 - [7878-exec-6] healenium                        : [Save Elements] Request: By.id(txtReingresarTramiteNomApe) 
2025-12-16 18:16:37.011  INFO 1 - [7878-exec-8] healenium                        : [Save Elements] Request: By.id(slctReingresarTramiteTipoIdentificacion) 
2025-12-16 18:16:37.052  INFO 1 - [7878-exec-9] healenium                        : [Save Elements] Request: By.xpath(.//option[normalize-space(.) = "Cédula de ciudadania"]) 
2025-12-16 18:16:40.254  INFO 1 - [878-exec-10] healenium                        : [Save Elements] Request: By.id(txtReingresarTramiteNumeroIdentificacion) 
2025-12-16 18:16:43.519  INFO 1 - [7878-exec-1] healenium                        : [Save Elements] Request: By.id(txtReingresarTramiteFechaExpDocumento) 
2025-12-16 18:16:46.781  INFO 1 - [7878-exec-2] healenium                        : [Save Elements] Request: By.xpath(//button[@data-titulo-modal="Foto del usuario"]) 
2025-12-16 18:16:46.835  INFO 1 - [7878-exec-3] healenium                        : [Save Elements] Request: By.xpath(//button[@data-titulo-modal="Foto del usuario"]) 
2025-12-16 18:16:50.142  INFO 1 - [7878-exec-4] healenium                        : [Save Elements] Request: By.id(btnCapturarImagen) 
2025-12-16 18:16:50.207  INFO 1 - [7878-exec-5] healenium                        : [Save Elements] Request: By.id(btnCapturarImagen) 
2025-12-16 18:16:53.489  INFO 1 - [7878-exec-6] healenium                        : [Save Elements] Request: By.id(btnGuardarFoto) 
2025-12-16 18:16:53.550  INFO 1 - [7878-exec-7] healenium                        : [Save Elements] Request: By.id(btnGuardarFoto) 
2025-12-16 18:16:56.839  INFO 1 - [7878-exec-8] healenium                        : [Save Elements] Request: By.xpath(//button[@data-titulo-modal="Foto frontal del documento de identidad"]) 
2025-12-16 18:16:56.883  INFO 1 - [7878-exec-9] healenium                        : [Save Elements] Request: By.xpath(//button[@data-titulo-modal="Foto frontal del documento de identidad"]) 
2025-12-16 18:17:00.117  INFO 1 - [878-exec-10] healenium                        : [Save Elements] Request: By.id(btnCapturarImagen) 
2025-12-16 18:17:00.160  INFO 1 - [7878-exec-1] healenium                        : [Save Elements] Request: By.id(btnCapturarImagen) 
2025-12-16 18:17:03.371  INFO 1 - [7878-exec-2] healenium                        : [Save Elements] Request: By.id(btnGuardarFoto) 
2025-12-16 18:17:03.429  INFO 1 - [7878-exec-3] healenium                        : [Save Elements] Request: By.id(btnGuardarFoto) 
2025-12-16 18:17:06.700  INFO 1 - [7878-exec-4] healenium                        : [Save Elements] Request: By.xpath(//button[@data-titulo-modal="Foto reverso del documento de identidad"]) 
2025-12-16 18:17:06.746  INFO 1 - [7878-exec-5] healenium                        : [Save Elements] Request: By.xpath(//button[@data-titulo-modal="Foto reverso del documento de identidad"]) 
2025-12-16 18:17:10.025  INFO 1 - [7878-exec-6] healenium                        : [Save Elements] Request: By.id(btnCapturarImagen) 
2025-12-16 18:17:10.068  INFO 1 - [7878-exec-7] healenium                        : [Save Elements] Request: By.id(btnCapturarImagen) 
2025-12-16 18:17:13.314  INFO 1 - [7878-exec-8] healenium                        : [Save Elements] Request: By.id(btnGuardarFoto) 
2025-12-16 18:17:13.363  INFO 1 - [7878-exec-9] healenium                        : [Save Elements] Request: By.id(btnGuardarFoto) 
2025-12-16 18:17:16.628  INFO 1 - [878-exec-10] healenium                        : [Save Elements] Request: By.id(fileArchivoVerificacionDocIdentidad) 
2025-12-16 18:17:19.826  INFO 1 - [7878-exec-1] healenium                        : [Save Elements] Request: By.xpath(//button[contains(text(), ' Reingresar')]) 
2025-12-16 18:17:19.879  INFO 1 - [7878-exec-2] healenium                        : [Save Elements] Request: By.xpath(//button[contains(text(), ' Reingresar')]) 
2025-12-16 18:17:23.153  INFO 1 - [7878-exec-3] healenium                        : [Save Elements] Request: By.xpath(//button[contains(text(), 'Si')]) 
2025-12-16 18:17:23.195  INFO 1 - [7878-exec-4] healenium                        : [Save Elements] Request: By.xpath(//button[contains(text(), 'Si')]) 
2025-12-16 18:17:26.409  INFO 1 - [7878-exec-5] healenium                        : [Save Elements] Request: By.id(modalLoader) 
2025-12-16 18:17:26.575  INFO 1 - [7878-exec-6] healenium                        : [Save Elements] Request: By.id(frmReingresoDeTramite) 
2025-12-16 18:17:29.996  INFO 1 - [7878-exec-9] healenium                        : [Save Elements] Request: By.id(searchCam) 
2025-12-16 18:17:30.129  INFO 1 - [878-exec-10] healenium                        : [Save Elements] Request: By.id(searchCam) 
2025-12-16 18:17:30.202  INFO 1 - [7878-exec-1] healenium                        : [Save Elements] Request: By.id(searchCam) 
2025-12-16 18:17:32.370  INFO 1 - [7878-exec-2] healenium                        : [Save Elements] Request: By.id(camara_20) 
2025-12-16 18:17:32.469  INFO 1 - [7878-exec-3] healenium                        : [Save Elements] Request: By.id(camara_20) 
2025-12-16 18:17:32.684  INFO 1 - [7878-exec-4] healenium                        : [Save Elements] Request: By.id(mail) 
2025-12-16 18:17:33.129  INFO 1 - [7878-exec-5] healenium                        : [Save Elements] Request: By.id(mail) 
2025-12-16 18:17:33.260  INFO 1 - [7878-exec-6] healenium                        : [Save Elements] Request: By.id(identificacion) 
2025-12-16 18:17:33.312  INFO 1 - [7878-exec-7] healenium                        : [Save Elements] Request: By.id(identificacion) 
2025-12-16 18:17:33.473  INFO 1 - [7878-exec-8] healenium                        : [Save Elements] Request: By.id(pass) 
2025-12-16 18:17:33.525  INFO 1 - [7878-exec-9] healenium                        : [Save Elements] Request: By.id(pass) 
2025-12-16 18:17:33.654  INFO 1 - [878-exec-10] healenium                        : [Save Elements] Request: By.xpath(//button[text()='Ingresar']) 
2025-12-16 18:17:35.428  INFO 1 - [7878-exec-1] healenium                        : [Save Elements] Request: By.xpath(//div[@class="loaderOnload"]) 
2025-12-16 18:17:42.737  INFO 1 - [7878-exec-2] healenium                        : [Save Elements] Request: By.id(criterio) 
2025-12-16 18:17:45.558  INFO 1 - [7878-exec-3] healenium                        : [Save Elements] Request: By.id(selectS) 
2025-12-16 18:17:45.623  INFO 1 - [7878-exec-4] healenium                        : [Save Elements] Request: By.id(selectS) 
2025-12-16 18:17:45.695  INFO 1 - [7878-exec-5] healenium                        : [Save Elements] Request: By.id(selectS) 
2025-12-16 18:17:45.729  INFO 1 - [7878-exec-6] healenium                        : [Save Elements] Request: By.xpath(.//option[normalize-space(.) = "Matricula"]) 
2025-12-16 18:17:45.870  INFO 1 - [7878-exec-7] healenium                        : [Save Elements] Request: By.id(criterio) 
2025-12-16 18:17:45.992  INFO 1 - [7878-exec-8] healenium                        : [Save Elements] Request: By.id(criterio) 
2025-12-16 18:17:46.162  INFO 1 - [7878-exec-9] healenium                        : [Save Elements] Request: By.xpath(//button[contains(text(), 'Continuar')]) 
2025-12-16 18:17:46.226  INFO 1 - [878-exec-10] healenium                        : [Save Elements] Request: By.xpath(//button[contains(text(), 'Continuar')]) 
2025-12-16 18:17:46.309  INFO 1 - [7878-exec-1] healenium                        : [Save Elements] Request: By.xpath(//button[contains(text(), 'Continuar')]) 
2025-12-16 18:17:46.351  INFO 1 - [7878-exec-2] healenium                        : [Save Elements] Request: By.xpath(//button[contains(text(), 'Continuar')]) 
2025-12-16 18:17:47.525  INFO 1 - [7878-exec-3] healenium                        : [Save Elements] Request: By.xpath((//i[@data-original-title="Acciones Disponibles"])[1]) 
2025-12-16 18:17:47.707  INFO 1 - [7878-exec-4] healenium                        : [Save Elements] Request: By.xpath((//i[@data-original-title="Acciones Disponibles"])[1]) 
2025-12-16 18:17:47.843  INFO 1 - [7878-exec-5] healenium                        : [Save Elements] Request: By.xpath((//i[@data-original-title="Acciones Disponibles"])[1]) 
2025-12-16 18:17:48.404  INFO 1 - [7878-exec-6] healenium                        : [Save Elements] Request: By.xpath(//*[text()='Trámites del Registro Mercantil y de ESADL']) 
2025-12-16 18:17:49.184  INFO 1 - [7878-exec-7] healenium                        : [Save Elements] Request: By.xpath(//*[text()='Trámites del Registro Mercantil y de ESADL']) 
2025-12-16 18:17:49.334  INFO 1 - [7878-exec-8] healenium                        : [Save Elements] Request: By.xpath(//*[text()='Trámites del Registro Mercantil y de ESADL']) 
2025-12-16 18:17:49.651  INFO 1 - [7878-exec-9] healenium                        : [Save Elements] Request: By.xpath(//*[text()='Solicitar certificados']) 
2025-12-16 18:17:49.837  INFO 1 - [878-exec-10] healenium                        : [Save Elements] Request: By.xpath(//*[text()='Solicitar certificados']) 
2025-12-16 18:17:49.917  INFO 1 - [7878-exec-1] healenium                        : [Save Elements] Request: By.xpath(//*[text()='Solicitar certificados']) 
2025-12-16 18:17:50.386  INFO 1 - [7878-exec-2] healenium                        : [Save Elements] Request: By.xpath(//button[text()='C. Automáticos']) 
2025-12-16 18:17:51.059  INFO 1 - [7878-exec-3] healenium                        : [Save Elements] Request: By.xpath(//button[text()='C. Automáticos']) 
2025-12-16 18:17:51.108  INFO 1 - [7878-exec-4] healenium                        : [Save Elements] Request: By.xpath(//button[text()='C. Automáticos']) 
2025-12-16 18:17:51.936  INFO 1 - [7878-exec-5] healenium                        : [Save Elements] Request: By.id(certimat) 
2025-12-16 18:17:52.545  INFO 1 - [7878-exec-6] healenium                        : [Save Elements] Request: By.id(certimat) 
2025-12-16 18:17:52.660  INFO 1 - [7878-exec-7] healenium                        : [Save Elements] Request: By.id(certimat) 
2025-12-16 18:17:52.877  INFO 1 - [7878-exec-8] healenium                        : [Save Elements] Request: By.id(generarLiquidacion) 
2025-12-16 18:17:53.014  INFO 1 - [7878-exec-9] healenium                        : [Save Elements] Request: By.id(generarLiquidacion) 
2025-12-16 18:17:53.073  INFO 1 - [878-exec-10] healenium                        : [Save Elements] Request: By.id(generarLiquidacion) 
2025-12-16 18:17:53.317  INFO 1 - [7878-exec-1] healenium                        : [Save Elements] Request: By.id(modalLoader) 
2025-12-16 18:17:57.735  INFO 1 - [7878-exec-3] healenium                        : [Save Elements] Request: By.xpath(//*[@id="page-top"]/div[2]/div/div/div[22]/div/div[2]/div/div/table/tbody/tr[1]/td[2]) 
2025-12-16 18:17:57.833  INFO 1 - [7878-exec-4] healenium                        : [Save Elements] Request: By.xpath(//*[@id="page-top"]/div[2]/div/div/div[22]/div/div[2]/div/div/table/tbody/tr[1]/td[2]) 
2025-12-16 18:17:59.145  INFO 1 - [7878-exec-5] healenium                        : [Save Elements] Request: By.xpath(//button[text()='OK']) 
2025-12-16 18:17:59.287  INFO 1 - [7878-exec-6] healenium                        : [Save Elements] Request: By.xpath(//button[text()='OK']) 
2025-12-16 18:17:59.355  INFO 1 - [7878-exec-7] healenium                        : [Save Elements] Request: By.xpath(//button[text()='OK']) 
2025-12-16 18:17:59.543  INFO 1 - [7878-exec-8] healenium                        : [Save Elements] Request: By.cssSelector(#accionHome > div > ul > li:nth-child(1) > a > span > i) 
2025-12-16 18:17:59.722  INFO 1 - [7878-exec-9] healenium                        : [Save Elements] Request: By.cssSelector(#accionHome > div > ul > li:nth-child(1) > a > span > i) 
2025-12-16 18:17:59.799  INFO 1 - [878-exec-10] healenium                        : [Save Elements] Request: By.cssSelector(#accionHome > div > ul > li:nth-child(1) > a > span > i) 
2025-12-16 18:18:00.146  INFO 1 - [7878-exec-1] healenium                        : [Save Elements] Request: By.xpath(//div[@id='modalLoader']) 
2025-12-16 18:18:00.281  INFO 1 - [7878-exec-2] healenium                        : [Save Elements] Request: By.xpath(//div[@id='modalLoader']) 
2025-12-16 18:18:01.533  INFO 1 - [7878-exec-3] healenium                        : [Save Elements] Request: By.cssSelector(.rounded.expMenu) 
2025-12-16 18:18:04.799  INFO 1 - [7878-exec-4] healenium                        : [Save Elements] Request: By.cssSelector(.rounded.expMenu) 
2025-12-16 18:18:04.846  INFO 1 - [7878-exec-5] healenium                        : [Save Elements] Request: By.cssSelector(.rounded.expMenu) 
2025-12-16 18:18:10.168  INFO 1 - [7878-exec-6] healenium                        : [Save Elements] Request: By.id(sidebar-search) 
2025-12-16 18:18:10.215  INFO 1 - [7878-exec-7] healenium                        : [Save Elements] Request: By.id(sidebar-search) 
2025-12-16 18:18:10.411  INFO 1 - [7878-exec-8] healenium                        : [Save Elements] Request: By.xpath(/html/body/div[1]/main/div[1]/span/ul/li[1]/a) 
2025-12-16 18:18:11.227  INFO 1 - [7878-exec-9] healenium                        : [Save Elements] Request: By.id(_numrec) 
2025-12-16 18:18:11.308  INFO 1 - [878-exec-10] healenium                        : [Save Elements] Request: By.id(_numrec) 
2025-12-16 18:18:11.504  INFO 1 - [7878-exec-1] healenium                        : [Save Elements] Request: By.id(_forzarformularios) 
2025-12-16 18:18:11.543  INFO 1 - [7878-exec-2] healenium                        : [Save Elements] Request: By.xpath(.//option[normalize-space(.) = "Incluir Formularios"]) 
2025-12-16 18:18:11.699  INFO 1 - [7878-exec-3] healenium                        : [Save Elements] Request: By.xpath(//button[text()='Continuar']) 
2025-12-16 18:18:12.590  INFO 1 - [7878-exec-4] healenium                        : [Save Elements] Request: By.id(_identificacioncliente) 
2025-12-16 18:18:12.721  INFO 1 - [7878-exec-5] healenium                        : [Save Elements] Request: By.id(_idtipoidentificacioncliente) 
2025-12-16 18:18:12.769  INFO 1 - [7878-exec-6] healenium                        : [Save Elements] Request: By.xpath(.//option[@value = "1"]) 
2025-12-16 18:18:12.901  INFO 1 - [7878-exec-7] healenium                        : [Save Elements] Request: By.id(_identificacioncliente) 
2025-12-16 18:18:13.050  INFO 1 - [7878-exec-8] healenium                        : [Save Elements] Request: By.id(_identificacioncliente) 
2025-12-16 18:18:13.111  INFO 1 - [7878-exec-9] healenium                        : [Save Elements] Request: By.id(_identificacioncliente) 
2025-12-16 18:18:13.286  INFO 1 - [878-exec-10] healenium                        : [Save Elements] Request: By.xpath(//button[text()='Verificar identificación']) 
2025-12-16 18:18:13.431  INFO 1 - [7878-exec-1] healenium                        : [Save Elements] Request: By.id(_emailconfirmacion) 
2025-12-16 18:18:13.969  INFO 1 - [7878-exec-2] healenium                        : [Save Elements] Request: By.id(_emailconfirmacion) 
2025-12-16 18:18:19.363  INFO 1 - [7878-exec-3] healenium                        : [Save Elements] Request: By.xpath(//a[@href="javascript:validarDatosRecibo();"]) 
2025-12-16 18:18:19.840  INFO 1 - [7878-exec-4] healenium                        : [Save Elements] Request: By.xpath(//button[text()='Continuar']) 
2025-12-16 18:18:38.503  INFO 1 - [7878-exec-5] healenium                        : [Save Elements] Request: By.xpath((//a[text()='Descargar'])[3]) 
2025-12-16 18:18:43.134  INFO 1 - [7878-exec-8] healenium                        : [Save Elements] Request: By.id(searchCam) 
2025-12-16 18:18:43.255  INFO 1 - [7878-exec-9] healenium                        : [Save Elements] Request: By.id(searchCam) 
2025-12-16 18:18:43.424  INFO 1 - [878-exec-10] healenium                        : [Save Elements] Request: By.xpath(//button[@data-original-title="Buscar"]) 
2025-12-16 18:18:43.532  INFO 1 - [7878-exec-1] healenium                        : [Save Elements] Request: By.xpath(//button[@data-original-title="Buscar"]) 
2025-12-16 18:18:43.574  INFO 1 - [7878-exec-2] healenium                        : [Save Elements] Request: By.xpath(//button[@data-original-title="Buscar"]) 
2025-12-16 18:18:44.050  INFO 1 - [7878-exec-3] healenium                        : [Save Elements] Request: By.xpath(//img[contains(@id,'camara_')]) 
2025-12-16 18:18:44.162  INFO 1 - [7878-exec-4] healenium                        : [Save Elements] Request: By.xpath(//img[contains(@id,'camara_')]) 
2025-12-16 18:18:44.215  INFO 1 - [7878-exec-5] healenium                        : [Save Elements] Request: By.xpath(//img[contains(@id,'camara_')]) 
2025-12-16 18:18:44.374  INFO 1 - [7878-exec-6] healenium                        : [Save Elements] Request: By.id(mail) 
2025-12-16 18:18:45.009  INFO 1 - [7878-exec-7] healenium                        : [Save Elements] Request: By.id(mail) 
2025-12-16 18:18:45.191  INFO 1 - [7878-exec-8] healenium                        : [Save Elements] Request: By.id(identificacion) 
2025-12-16 18:18:45.334  INFO 1 - [7878-exec-9] healenium                        : [Save Elements] Request: By.id(identificacion) 
2025-12-16 18:18:45.521  INFO 1 - [878-exec-10] healenium                        : [Save Elements] Request: By.id(pass) 
2025-12-16 18:18:45.657  INFO 1 - [7878-exec-1] healenium                        : [Save Elements] Request: By.id(pass) 
2025-12-16 18:18:45.814  INFO 1 - [7878-exec-2] healenium                        : [Save Elements] Request: By.xpath(//*[contains(text(), 'Ingresar')]) 
2025-12-16 18:18:45.923  INFO 1 - [7878-exec-3] healenium                        : [Save Elements] Request: By.xpath(//*[contains(text(), 'Ingresar')]) 
2025-12-16 18:18:45.958  INFO 1 - [7878-exec-4] healenium                        : [Save Elements] Request: By.xpath(//*[contains(text(), 'Ingresar')]) 
2025-12-16 18:18:47.274  INFO 1 - [7878-exec-5] healenium                        : [Save Elements] Request: By.xpath(//div[@id='modalLoader']) 
2025-12-16 18:18:47.402  INFO 1 - [7878-exec-6] healenium                        : [Save Elements] Request: By.xpath(//div[@id='modalLoader']) 
2025-12-16 18:18:48.660  INFO 1 - [7878-exec-7] healenium                        : [Save Elements] Request: By.cssSelector(.rounded.expMenu) 
2025-12-16 18:18:48.810  INFO 1 - [7878-exec-8] healenium                        : [Save Elements] Request: By.cssSelector(.rounded.expMenu) 
2025-12-16 18:18:48.857  INFO 1 - [7878-exec-9] healenium                        : [Save Elements] Request: By.cssSelector(.rounded.expMenu) 
2025-12-16 18:18:52.520  INFO 1 - [878-exec-10] healenium                        : [Save Elements] Request: By.xpath(//nav/div/div[10]/li/a/div[1]) 
2025-12-16 18:18:52.615  INFO 1 - [7878-exec-1] healenium                        : [Save Elements] Request: By.xpath(//nav/div/div[10]/li/a/div[1]) 
2025-12-16 18:18:52.690  INFO 1 - [7878-exec-2] healenium                        : [Save Elements] Request: By.xpath(//nav/div/div[10]/li/a/div[1]) 
2025-12-16 18:18:52.807  INFO 1 - [7878-exec-3] healenium                        : [Save Elements] Request: By.xpath((//div[text()='Registros públicos - procesos especiales'])[2]) 
2025-12-16 18:18:53.418  INFO 1 - [7878-exec-4] healenium                        : [Save Elements] Request: By.xpath((//div[text()='Registros públicos - procesos especiales'])[2]) 
2025-12-16 18:18:53.496  INFO 1 - [7878-exec-5] healenium                        : [Save Elements] Request: By.xpath((//div[text()='Registros públicos - procesos especiales'])[2]) 
2025-12-16 18:18:53.629  INFO 1 - [7878-exec-6] healenium                        : [Save Elements] Request: By.xpath((//*[text()='Desbloquear liquidación (Pago en Caja)'])[2]) 
2025-12-16 18:18:53.706  INFO 1 - [7878-exec-7] healenium                        : [Save Elements] Request: By.xpath((//*[text()='Desbloquear liquidación (Pago en Caja)'])[2]) 
2025-12-16 18:18:53.799  INFO 1 - [7878-exec-8] healenium                        : [Save Elements] Request: By.xpath((//*[text()='Desbloquear liquidación (Pago en Caja)'])[2]) 
2025-12-16 18:18:55.976  INFO 1 - [7878-exec-9] healenium                        : [Save Elements] Request: By.id(numerorecuperacion) 
2025-12-16 18:18:56.103  INFO 1 - [878-exec-10] healenium                        : [Save Elements] Request: By.id(numerorecuperacion) 
2025-12-16 18:18:56.292  INFO 1 - [7878-exec-1] healenium                        : [Save Elements] Request: By.xpath(//button[contains(text(), 'Continuar')]) 
2025-12-16 18:18:56.350  INFO 1 - [7878-exec-2] healenium                        : [Save Elements] Request: By.xpath(//button[contains(text(), 'Continuar')]) 
2025-12-16 18:18:56.690  INFO 1 - [7878-exec-3] healenium                        : [Save Elements] Request: By.xpath((//*[text()='Continuar'])[2]) 
2025-12-16 18:18:56.964  INFO 1 - [7878-exec-4] healenium                        : [Save Elements] Request: By.xpath(//*[text()='La liquidación número ']) 
2025-12-16 18:19:01.268  INFO 1 - [7878-exec-7] healenium                        : [Save Elements] Request: By.id(searchCam) 
2025-12-16 18:19:01.399  INFO 1 - [7878-exec-8] healenium                        : [Save Elements] Request: By.id(searchCam) 
2025-12-16 18:19:01.600  INFO 1 - [7878-exec-9] healenium                        : [Save Elements] Request: By.xpath(//button[@data-original-title="Buscar"]) 
2025-12-16 18:19:01.745  INFO 1 - [878-exec-10] healenium                        : [Save Elements] Request: By.xpath(//button[@data-original-title="Buscar"]) 
2025-12-16 18:19:01.786  INFO 1 - [7878-exec-1] healenium                        : [Save Elements] Request: By.xpath(//button[@data-original-title="Buscar"]) 
2025-12-16 18:19:02.242  INFO 1 - [7878-exec-2] healenium                        : [Save Elements] Request: By.xpath(//img[contains(@id,'camara_')]) 
2025-12-16 18:19:02.372  INFO 1 - [7878-exec-3] healenium                        : [Save Elements] Request: By.xpath(//img[contains(@id,'camara_')]) 
2025-12-16 18:19:02.421  INFO 1 - [7878-exec-4] healenium                        : [Save Elements] Request: By.xpath(//img[contains(@id,'camara_')]) 
2025-12-16 18:19:02.615  INFO 1 - [7878-exec-5] healenium                        : [Save Elements] Request: By.id(mail) 
2025-12-16 18:19:03.257  INFO 1 - [7878-exec-6] healenium                        : [Save Elements] Request: By.id(mail) 
2025-12-16 18:19:03.494  INFO 1 - [7878-exec-7] healenium                        : [Save Elements] Request: By.id(identificacion) 
2025-12-16 18:19:03.631  INFO 1 - [7878-exec-8] healenium                        : [Save Elements] Request: By.id(identificacion) 
2025-12-16 18:19:03.871  INFO 1 - [7878-exec-9] healenium                        : [Save Elements] Request: By.id(pass) 
2025-12-16 18:19:04.004  INFO 1 - [878-exec-10] healenium                        : [Save Elements] Request: By.id(pass) 
2025-12-16 18:19:04.191  INFO 1 - [7878-exec-1] healenium                        : [Save Elements] Request: By.xpath(//*[contains(text(), 'Ingresar')]) 
2025-12-16 18:19:04.332  INFO 1 - [7878-exec-2] healenium                        : [Save Elements] Request: By.xpath(//*[contains(text(), 'Ingresar')]) 
2025-12-16 18:19:04.418  INFO 1 - [7878-exec-3] healenium                        : [Save Elements] Request: By.xpath(//*[contains(text(), 'Ingresar')]) 
2025-12-16 18:19:05.745  INFO 1 - [7878-exec-4] healenium                        : [Save Elements] Request: By.xpath(//div[@class="loaderOnload"]) 
2025-12-16 18:19:11.068  INFO 1 - [7878-exec-6] healenium                        : [Save Elements] Request: By.cssSelector(.rounded.expMenu) 
2025-12-16 18:19:11.234  INFO 1 - [7878-exec-7] healenium                        : [Save Elements] Request: By.cssSelector(.rounded.expMenu) 
2025-12-16 18:19:11.286  INFO 1 - [7878-exec-8] healenium                        : [Save Elements] Request: By.cssSelector(.rounded.expMenu) 
2025-12-16 18:19:13.571  INFO 1 - [7878-exec-9] healenium                        : [Save Elements] Request: By.xpath(//nav/div/div[10]/li/a/div[1]) 
2025-12-16 18:19:13.676  INFO 1 - [878-exec-10] healenium                        : [Save Elements] Request: By.xpath(//nav/div/div[10]/li/a/div[1]) 
2025-12-16 18:19:13.777  INFO 1 - [7878-exec-1] healenium                        : [Save Elements] Request: By.xpath(//nav/div/div[10]/li/a/div[1]) 
2025-12-16 18:19:13.914  INFO 1 - [7878-exec-2] healenium                        : [Save Elements] Request: By.xpath((//div[text()='Registros públicos - procesos especiales'])[2]) 
2025-12-16 18:19:14.575  INFO 1 - [7878-exec-3] healenium                        : [Save Elements] Request: By.xpath((//div[text()='Registros públicos - procesos especiales'])[2]) 
2025-12-16 18:19:14.662  INFO 1 - [7878-exec-4] healenium                        : [Save Elements] Request: By.xpath((//div[text()='Registros públicos - procesos especiales'])[2]) 
2025-12-16 18:19:14.800  INFO 1 - [7878-exec-5] healenium                        : [Save Elements] Request: By.xpath((//*[text()='Desbloquear liquidación (en Pago Electrónico)'])[2]) 
2025-12-16 18:19:14.897  INFO 1 - [7878-exec-6] healenium                        : [Save Elements] Request: By.xpath((//*[text()='Desbloquear liquidación (en Pago Electrónico)'])[2]) 
2025-12-16 18:19:15.008  INFO 1 - [7878-exec-7] healenium                        : [Save Elements] Request: By.xpath((//*[text()='Desbloquear liquidación (en Pago Electrónico)'])[2]) 
2025-12-16 18:19:15.145  INFO 1 - [7878-exec-8] healenium                        : [Save Elements] Request: By.id(numerorecuperacion) 
2025-12-16 18:19:15.256  INFO 1 - [7878-exec-9] healenium                        : [Save Elements] Request: By.id(numerorecuperacion) 
2025-12-16 18:19:15.521  INFO 1 - [878-exec-10] healenium                        : [Save Elements] Request: By.xpath(//button[contains(text(), 'Continuar')]) 
2025-12-16 18:19:15.591  INFO 1 - [7878-exec-1] healenium                        : [Save Elements] Request: By.xpath(//button[contains(text(), 'Continuar')]) 
2025-12-16 18:19:15.891  INFO 1 - [7878-exec-2] healenium                        : [Save Elements] Request: By.xpath(//*[text()='Continuar']) 
2025-12-16 18:19:22.954  INFO 1 - [7878-exec-7] healenium                        : [Save Elements] Request: By.id(searchCam) 
2025-12-16 18:19:23.078  INFO 1 - [7878-exec-8] healenium                        : [Save Elements] Request: By.id(searchCam) 
2025-12-16 18:19:23.251  INFO 1 - [7878-exec-9] healenium                        : [Save Elements] Request: By.xpath(//button[@data-original-title="Buscar"]) 
2025-12-16 18:19:23.357  INFO 1 - [878-exec-10] healenium                        : [Save Elements] Request: By.xpath(//button[@data-original-title="Buscar"]) 
2025-12-16 18:19:23.413  INFO 1 - [7878-exec-1] healenium                        : [Save Elements] Request: By.xpath(//button[@data-original-title="Buscar"]) 
2025-12-16 18:19:23.910  INFO 1 - [7878-exec-2] healenium                        : [Save Elements] Request: By.xpath(//img[contains(@id,'camara_')]) 
2025-12-16 18:19:24.017  INFO 1 - [7878-exec-3] healenium                        : [Save Elements] Request: By.xpath(//img[contains(@id,'camara_')]) 
2025-12-16 18:19:24.061  INFO 1 - [7878-exec-4] healenium                        : [Save Elements] Request: By.xpath(//img[contains(@id,'camara_')]) 
2025-12-16 18:19:24.213  INFO 1 - [7878-exec-5] healenium                        : [Save Elements] Request: By.id(mail) 
2025-12-16 18:19:24.844  INFO 1 - [7878-exec-6] healenium                        : [Save Elements] Request: By.id(mail) 
2025-12-16 18:19:25.022  INFO 1 - [7878-exec-7] healenium                        : [Save Elements] Request: By.id(identificacion) 
2025-12-16 18:19:25.126  INFO 1 - [7878-exec-8] healenium                        : [Save Elements] Request: By.id(identificacion) 
2025-12-16 18:19:25.290  INFO 1 - [7878-exec-9] healenium                        : [Save Elements] Request: By.id(pass) 
2025-12-16 18:19:25.397  INFO 1 - [878-exec-10] healenium                        : [Save Elements] Request: By.id(pass) 
2025-12-16 18:19:25.614  INFO 1 - [7878-exec-1] healenium                        : [Save Elements] Request: By.xpath(//*[contains(text(), 'Ingresar')]) 
2025-12-16 18:19:25.738  INFO 1 - [7878-exec-2] healenium                        : [Save Elements] Request: By.xpath(//*[contains(text(), 'Ingresar')]) 
2025-12-16 18:19:25.812  INFO 1 - [7878-exec-3] healenium                        : [Save Elements] Request: By.xpath(//*[contains(text(), 'Ingresar')]) 
2025-12-16 18:19:27.026  INFO 1 - [7878-exec-5] healenium                        : [Save Elements] Request: By.xpath(//div[@class="loaderOnload"]) 
2025-12-16 18:19:32.345  INFO 1 - [7878-exec-6] healenium                        : [Save Elements] Request: By.cssSelector(.rounded.expMenu) 
2025-12-16 18:19:32.526  INFO 1 - [7878-exec-7] healenium                        : [Save Elements] Request: By.cssSelector(.rounded.expMenu) 
2025-12-16 18:19:32.577  INFO 1 - [7878-exec-8] healenium                        : [Save Elements] Request: By.cssSelector(.rounded.expMenu) 
2025-12-16 18:19:34.933  INFO 1 - [7878-exec-9] healenium                        : [Save Elements] Request: By.xpath(//nav/div/div[10]/li/a/div[1]) 
2025-12-16 18:19:35.046  INFO 1 - [878-exec-10] healenium                        : [Save Elements] Request: By.xpath(//nav/div/div[10]/li/a/div[1]) 
2025-12-16 18:19:35.152  INFO 1 - [7878-exec-1] healenium                        : [Save Elements] Request: By.xpath(//nav/div/div[10]/li/a/div[1]) 
2025-12-16 18:19:35.314  INFO 1 - [7878-exec-2] healenium                        : [Save Elements] Request: By.xpath((//div[text()='Registros públicos - procesos especiales'])[2]) 
2025-12-16 18:19:35.939  INFO 1 - [7878-exec-3] healenium                        : [Save Elements] Request: By.xpath((//div[text()='Registros públicos - procesos especiales'])[2]) 
2025-12-16 18:19:36.029  INFO 1 - [7878-exec-4] healenium                        : [Save Elements] Request: By.xpath((//div[text()='Registros públicos - procesos especiales'])[2]) 
2025-12-16 18:19:36.168  INFO 1 - [7878-exec-5] healenium                        : [Save Elements] Request: By.xpath((//*[text()='Desbloquear liquidación (en Firmado Electrónico)'])[2]) 
2025-12-16 18:19:36.277  INFO 1 - [7878-exec-6] healenium                        : [Save Elements] Request: By.xpath((//*[text()='Desbloquear liquidación (en Firmado Electrónico)'])[2]) 
2025-12-16 18:19:36.393  INFO 1 - [7878-exec-7] healenium                        : [Save Elements] Request: By.xpath((//*[text()='Desbloquear liquidación (en Firmado Electrónico)'])[2]) 
2025-12-16 18:19:36.550  INFO 1 - [7878-exec-8] healenium                        : [Save Elements] Request: By.id(numerorecuperacion) 
2025-12-16 18:19:36.656  INFO 1 - [7878-exec-9] healenium                        : [Save Elements] Request: By.id(numerorecuperacion) 
2025-12-16 18:19:36.950  INFO 1 - [878-exec-10] healenium                        : [Save Elements] Request: By.xpath(//button[contains(text(), 'Continuar')]) 
2025-12-16 18:19:37.009  INFO 1 - [7878-exec-1] healenium                        : [Save Elements] Request: By.xpath(//button[contains(text(), 'Continuar')]) 
2025-12-16 18:19:37.286  INFO 1 - [7878-exec-2] healenium                        : [Save Elements] Request: By.xpath(//*[text()='Desbloquear']) 
2025-12-16 18:19:37.730  INFO 1 - [7878-exec-3] healenium                        : [Save Elements] Request: By.xpath(//*[text()='La liquidación número ']) 
2025-12-16 18:19:42.652  INFO 1 - [7878-exec-6] healenium                        : [Save Elements] Request: By.id(searchCam) 
2025-12-16 18:19:42.783  INFO 1 - [7878-exec-7] healenium                        : [Save Elements] Request: By.id(searchCam) 
2025-12-16 18:19:42.988  INFO 1 - [7878-exec-8] healenium                        : [Save Elements] Request: By.xpath(//button[@data-original-title="Buscar"]) 
2025-12-16 18:19:43.123  INFO 1 - [7878-exec-9] healenium                        : [Save Elements] Request: By.xpath(//button[@data-original-title="Buscar"]) 
2025-12-16 18:19:43.200  INFO 1 - [878-exec-10] healenium                        : [Save Elements] Request: By.xpath(//button[@data-original-title="Buscar"]) 
2025-12-16 18:19:43.674  INFO 1 - [7878-exec-1] healenium                        : [Save Elements] Request: By.xpath(//img[contains(@id,'camara_')]) 
2025-12-16 18:19:43.854  INFO 1 - [7878-exec-2] healenium                        : [Save Elements] Request: By.xpath(//img[contains(@id,'camara_')]) 
2025-12-16 18:19:43.925  INFO 1 - [7878-exec-3] healenium                        : [Save Elements] Request: By.xpath(//img[contains(@id,'camara_')]) 
2025-12-16 18:19:44.160  INFO 1 - [7878-exec-4] healenium                        : [Save Elements] Request: By.id(mail) 
2025-12-16 18:19:44.802  INFO 1 - [7878-exec-5] healenium                        : [Save Elements] Request: By.id(mail) 
2025-12-16 18:19:45.046  INFO 1 - [7878-exec-6] healenium                        : [Save Elements] Request: By.id(identificacion) 
2025-12-16 18:19:45.156  INFO 1 - [7878-exec-7] healenium                        : [Save Elements] Request: By.id(identificacion) 
2025-12-16 18:19:45.408  INFO 1 - [7878-exec-8] healenium                        : [Save Elements] Request: By.id(pass) 
2025-12-16 18:19:45.508  INFO 1 - [7878-exec-9] healenium                        : [Save Elements] Request: By.id(pass) 
2025-12-16 18:19:45.775  INFO 1 - [878-exec-10] healenium                        : [Save Elements] Request: By.xpath(//*[contains(text(), 'Ingresar')]) 
2025-12-16 18:19:45.915  INFO 1 - [7878-exec-1] healenium                        : [Save Elements] Request: By.xpath(//*[contains(text(), 'Ingresar')]) 
2025-12-16 18:19:45.957  INFO 1 - [7878-exec-2] healenium                        : [Save Elements] Request: By.xpath(//*[contains(text(), 'Ingresar')]) 
2025-12-16 18:19:47.306  INFO 1 - [7878-exec-3] healenium                        : [Save Elements] Request: By.xpath(//div[@class="loaderOnload"]) 
2025-12-16 18:19:52.608  INFO 1 - [7878-exec-5] healenium                        : [Save Elements] Request: By.cssSelector(.rounded.expMenu) 
2025-12-16 18:19:52.763  INFO 1 - [7878-exec-6] healenium                        : [Save Elements] Request: By.cssSelector(.rounded.expMenu) 
2025-12-16 18:19:52.802  INFO 1 - [7878-exec-7] healenium                        : [Save Elements] Request: By.cssSelector(.rounded.expMenu) 
2025-12-16 18:19:55.072  INFO 1 - [7878-exec-8] healenium                        : [Save Elements] Request: By.xpath(//nav/div/div[10]/li/a/div[1]) 
2025-12-16 18:19:55.197  INFO 1 - [7878-exec-9] healenium                        : [Save Elements] Request: By.xpath(//nav/div/div[10]/li/a/div[1]) 
2025-12-16 18:19:55.272  INFO 1 - [878-exec-10] healenium                        : [Save Elements] Request: By.xpath(//nav/div/div[10]/li/a/div[1]) 
2025-12-16 18:19:55.398  INFO 1 - [7878-exec-1] healenium                        : [Save Elements] Request: By.xpath((//div[text()='Registros públicos - procesos especiales'])[2]) 
2025-12-16 18:19:55.998  INFO 1 - [7878-exec-2] healenium                        : [Save Elements] Request: By.xpath((//div[text()='Registros públicos - procesos especiales'])[2]) 
2025-12-16 18:19:56.080  INFO 1 - [7878-exec-3] healenium                        : [Save Elements] Request: By.xpath((//div[text()='Registros públicos - procesos especiales'])[2]) 
2025-12-16 18:19:56.196  INFO 1 - [7878-exec-4] healenium                        : [Save Elements] Request: By.xpath((//*[text()='Desbloquear liquidación (Formulario Final)'])[2]) 
2025-12-16 18:19:56.281  INFO 1 - [7878-exec-5] healenium                        : [Save Elements] Request: By.xpath((//*[text()='Desbloquear liquidación (Formulario Final)'])[2]) 
2025-12-16 18:19:56.363  INFO 1 - [7878-exec-6] healenium                        : [Save Elements] Request: By.xpath((//*[text()='Desbloquear liquidación (Formulario Final)'])[2]) 
2025-12-16 18:19:56.475  INFO 1 - [7878-exec-7] healenium                        : [Save Elements] Request: By.id(numerorecuperacion) 
2025-12-16 18:19:56.577  INFO 1 - [7878-exec-8] healenium                        : [Save Elements] Request: By.id(numerorecuperacion) 
2025-12-16 18:19:56.788  INFO 1 - [7878-exec-9] healenium                        : [Save Elements] Request: By.xpath(//button[contains(text(), 'Continuar')]) 
2025-12-16 18:19:56.839  INFO 1 - [878-exec-10] healenium                        : [Save Elements] Request: By.xpath(//button[contains(text(), 'Continuar')]) 
2025-12-16 18:19:57.085  INFO 1 - [7878-exec-1] healenium                        : [Save Elements] Request: By.xpath(//*[text()='Continuar']) 
2025-12-16 18:19:57.360  INFO 1 - [7878-exec-2] healenium                        : [Save Elements] Request: By.xpath(//*[text()='La liquidación número ']) 
2025-12-16 18:20:00.527  INFO 1 - [7878-exec-5] healenium                        : [Save Elements] Request: By.id(searchCam) 
2025-12-16 18:20:00.665  INFO 1 - [7878-exec-6] healenium                        : [Save Elements] Request: By.id(searchCam) 
2025-12-16 18:20:00.854  INFO 1 - [7878-exec-7] healenium                        : [Save Elements] Request: By.xpath(//button[@data-original-title="Buscar"]) 
2025-12-16 18:20:00.966  INFO 1 - [7878-exec-8] healenium                        : [Save Elements] Request: By.xpath(//button[@data-original-title="Buscar"]) 
2025-12-16 18:20:01.025  INFO 1 - [7878-exec-9] healenium                        : [Save Elements] Request: By.xpath(//button[@data-original-title="Buscar"]) 
2025-12-16 18:20:01.487  INFO 1 - [878-exec-10] healenium                        : [Save Elements] Request: By.xpath(//img[contains(@id,'camara_')]) 
2025-12-16 18:20:01.617  INFO 1 - [7878-exec-1] healenium                        : [Save Elements] Request: By.xpath(//img[contains(@id,'camara_')]) 
2025-12-16 18:20:01.670  INFO 1 - [7878-exec-2] healenium                        : [Save Elements] Request: By.xpath(//img[contains(@id,'camara_')]) 
2025-12-16 18:20:01.850  INFO 1 - [7878-exec-3] healenium                        : [Save Elements] Request: By.id(mail) 
2025-12-16 18:20:02.496  INFO 1 - [7878-exec-4] healenium                        : [Save Elements] Request: By.id(mail) 
2025-12-16 18:20:02.715  INFO 1 - [7878-exec-5] healenium                        : [Save Elements] Request: By.id(identificacion) 
2025-12-16 18:20:02.843  INFO 1 - [7878-exec-6] healenium                        : [Save Elements] Request: By.id(identificacion) 
2025-12-16 18:20:03.059  INFO 1 - [7878-exec-7] healenium                        : [Save Elements] Request: By.id(pass) 
2025-12-16 18:20:03.180  INFO 1 - [7878-exec-8] healenium                        : [Save Elements] Request: By.id(pass) 
2025-12-16 18:20:03.380  INFO 1 - [7878-exec-9] healenium                        : [Save Elements] Request: By.xpath(//*[contains(text(), 'Ingresar')]) 
2025-12-16 18:20:03.520  INFO 1 - [878-exec-10] healenium                        : [Save Elements] Request: By.xpath(//*[contains(text(), 'Ingresar')]) 
2025-12-16 18:20:03.566  INFO 1 - [7878-exec-1] healenium                        : [Save Elements] Request: By.xpath(//*[contains(text(), 'Ingresar')]) 
2025-12-16 18:20:05.014  INFO 1 - [7878-exec-2] healenium                        : [Save Elements] Request: By.xpath(//div[@id='modalLoader']) 
2025-12-16 18:20:05.168  INFO 1 - [7878-exec-3] healenium                        : [Save Elements] Request: By.xpath(//div[@id='modalLoader']) 
2025-12-16 18:20:06.013  INFO 1 - [7878-exec-4] healenium                        : [Save Elements] Request: By.id(selectS) 
2025-12-16 18:20:06.079  INFO 1 - [7878-exec-5] healenium                        : [Save Elements] Request: By.xpath(.//option[normalize-space(.) = "Proponente"]) 
2025-12-16 18:20:06.359  INFO 1 - [7878-exec-6] healenium                        : [Save Elements] Request: By.id(criterio) 
2025-12-16 18:20:06.446  INFO 1 - [7878-exec-7] healenium                        : [Save Elements] Request: By.id(criterio) 
2025-12-16 18:20:06.652  INFO 1 - [7878-exec-8] healenium                        : [Save Elements] Request: By.xpath(//*[@id="consultaExpediente"]/div/div[3]/button[1]) 
2025-12-16 18:20:08.205  INFO 1 - [878-exec-10] healenium                        : [Save Elements] Request: By.xpath(//*[@id="tablaConsultaExpedientes"]/tbody/tr[1]/td[1]/a) 
2025-12-16 18:20:08.735  INFO 1 - [7878-exec-1] healenium                        : [Save Elements] Request: By.xpath(//div[text()='Trámites del Registro de Proponente']) 
2025-12-16 18:21:40.841  INFO 1 - [7878-exec-6] healenium                        : [Save Elements] Request: By.id(searchCam) 
2025-12-16 18:21:40.942  INFO 1 - [7878-exec-7] healenium                        : [Save Elements] Request: By.id(searchCam) 
2025-12-16 18:21:41.115  INFO 1 - [7878-exec-8] healenium                        : [Save Elements] Request: By.xpath(//button[@data-original-title="Buscar"]) 
2025-12-16 18:21:41.223  INFO 1 - [7878-exec-9] healenium                        : [Save Elements] Request: By.xpath(//button[@data-original-title="Buscar"]) 
2025-12-16 18:21:41.266  INFO 1 - [878-exec-10] healenium                        : [Save Elements] Request: By.xpath(//button[@data-original-title="Buscar"]) 
2025-12-16 18:21:41.724  INFO 1 - [7878-exec-1] healenium                        : [Save Elements] Request: By.xpath(//img[contains(@id,'camara_')]) 
2025-12-16 18:21:41.838  INFO 1 - [7878-exec-2] healenium                        : [Save Elements] Request: By.xpath(//img[contains(@id,'camara_')]) 
2025-12-16 18:21:41.875  INFO 1 - [7878-exec-3] healenium                        : [Save Elements] Request: By.xpath(//img[contains(@id,'camara_')]) 
2025-12-16 18:21:42.060  INFO 1 - [7878-exec-4] healenium                        : [Save Elements] Request: By.id(mail) 
2025-12-16 18:21:42.677  INFO 1 - [7878-exec-5] healenium                        : [Save Elements] Request: By.id(mail) 
2025-12-16 18:21:42.842  INFO 1 - [7878-exec-6] healenium                        : [Save Elements] Request: By.id(identificacion) 
2025-12-16 18:21:42.941  INFO 1 - [7878-exec-7] healenium                        : [Save Elements] Request: By.id(identificacion) 
2025-12-16 18:21:43.110  INFO 1 - [7878-exec-8] healenium                        : [Save Elements] Request: By.id(pass) 
2025-12-16 18:21:43.204  INFO 1 - [7878-exec-9] healenium                        : [Save Elements] Request: By.id(pass) 
2025-12-16 18:21:43.387  INFO 1 - [878-exec-10] healenium                        : [Save Elements] Request: By.xpath(//*[contains(text(), 'Ingresar')]) 
2025-12-16 18:21:43.497  INFO 1 - [7878-exec-1] healenium                        : [Save Elements] Request: By.xpath(//*[contains(text(), 'Ingresar')]) 
2025-12-16 18:21:43.545  INFO 1 - [7878-exec-2] healenium                        : [Save Elements] Request: By.xpath(//*[contains(text(), 'Ingresar')]) 
2025-12-16 18:21:46.131  INFO 1 - [7878-exec-3] healenium                        : [Save Elements] Request: By.xpath(//div[@id='modalLoader']) 
2025-12-16 18:21:46.272  INFO 1 - [7878-exec-4] healenium                        : [Save Elements] Request: By.xpath(//div[@id='modalLoader']) 
2025-12-16 18:21:47.515  INFO 1 - [7878-exec-5] healenium                        : [Save Elements] Request: By.cssSelector(.rounded.expMenu) 
2025-12-16 18:21:47.665  INFO 1 - [7878-exec-6] healenium                        : [Save Elements] Request: By.cssSelector(.rounded.expMenu) 
2025-12-16 18:21:47.720  INFO 1 - [7878-exec-7] healenium                        : [Save Elements] Request: By.cssSelector(.rounded.expMenu) 
2025-12-16 18:21:48.764  INFO 1 - [7878-exec-8] healenium                        : [Save Elements] Request: By.xpath((//*[contains(text(), 'INTEGRACION ERP, RUES, CFE')])[2]) 
2025-12-16 18:21:48.828  INFO 1 - [7878-exec-9] healenium                        : [Save Elements] Request: By.xpath((//*[contains(text(), 'INTEGRACION ERP, RUES, CFE')])[2]) 
2025-12-16 18:21:48.907  INFO 1 - [878-exec-10] healenium                        : [Save Elements] Request: By.xpath((//*[contains(text(), 'INTEGRACION ERP, RUES, CFE')])[2]) 
2025-12-16 18:21:49.033  INFO 1 - [7878-exec-1] healenium                        : [Save Elements] Request: By.xpath((//*[contains(text(), 'Mantenimiento e informes')])[2]) 
2025-12-16 18:21:49.148  INFO 1 - [7878-exec-2] healenium                        : [Save Elements] Request: By.xpath((//*[contains(text(), 'Mantenimiento e informes')])[2]) 
2025-12-16 18:21:49.263  INFO 1 - [7878-exec-3] healenium                        : [Save Elements] Request: By.xpath((//*[contains(text(), 'Mantenimiento e informes')])[2]) 
2025-12-16 18:21:49.405  INFO 1 - [7878-exec-4] healenium                        : [Save Elements] Request: By.xpath((//*[text()='Reversión parcial'])[2]) 
2025-12-16 18:21:50.026  INFO 1 - [7878-exec-5] healenium                        : [Save Elements] Request: By.xpath((//*[text()='Reversión parcial'])[2]) 
2025-12-16 18:21:50.117  INFO 1 - [7878-exec-6] healenium                        : [Save Elements] Request: By.xpath((//*[text()='Reversión parcial'])[2]) 
2025-12-16 18:21:53.570  INFO 1 - [7878-exec-7] healenium                        : [Save Elements] Request: By.id(_recibo) 
2025-12-16 18:21:53.668  INFO 1 - [7878-exec-8] healenium                        : [Save Elements] Request: By.id(_recibo) 
2025-12-16 18:21:53.853  INFO 1 - [7878-exec-9] healenium                        : [Save Elements] Request: By.id(submit) 
2025-12-16 18:21:53.959  INFO 1 - [878-exec-10] healenium                        : [Save Elements] Request: By.id(submit) 
2025-12-16 18:21:53.995  INFO 1 - [7878-exec-1] healenium                        : [Save Elements] Request: By.id(submit) 
2025-12-16 18:21:54.515  INFO 1 - [7878-exec-2] healenium                        : [Save Elements] Request: By.xpath((//input[@class="form-control"])[31]) 
2025-12-16 18:21:54.594  INFO 1 - [7878-exec-3] healenium                        : [Save Elements] Request: By.xpath((//input[@class="form-control"])[31]) 
2025-12-16 18:21:54.692  INFO 1 - [7878-exec-4] healenium                        : [Save Elements] Request: By.xpath((//input[@class="form-control"])[31]) 
2025-12-16 18:21:54.878  INFO 1 - [7878-exec-5] healenium                        : [Save Elements] Request: By.id(justificacion) 
2025-12-16 18:21:54.961  INFO 1 - [7878-exec-6] healenium                        : [Save Elements] Request: By.id(justificacion) 
2025-12-16 18:21:55.052  INFO 1 - [7878-exec-7] healenium                        : [Save Elements] Request: By.id(justificacion) 
2025-12-16 18:21:55.261  INFO 1 - [7878-exec-8] healenium                        : [Save Elements] Request: By.id(submit) 
2025-12-16 18:21:55.344  INFO 1 - [7878-exec-9] healenium                        : [Save Elements] Request: By.id(submit) 
2025-12-16 18:21:55.466  INFO 1 - [878-exec-10] healenium                        : [Save Elements] Request: By.id(submit) 
2025-12-16 18:21:55.528  INFO 1 - [7878-exec-1] healenium                        : [Save Elements] Request: By.id(submit) 
2025-12-16 18:21:56.177  INFO 1 - [7878-exec-2] healenium                        : [Save Elements] Request: By.xpath(//button[text()="Generar nota de reversión"]) 
2025-12-16 18:21:56.261  INFO 1 - [7878-exec-3] healenium                        : [Save Elements] Request: By.xpath(//button[text()="Generar nota de reversión"]) 
2025-12-16 18:21:56.375  INFO 1 - [7878-exec-4] healenium                        : [Save Elements] Request: By.xpath(//button[text()="Generar nota de reversión"]) 
2025-12-16 18:21:56.447  INFO 1 - [7878-exec-5] healenium                        : [Save Elements] Request: By.xpath(//button[text()="Generar nota de reversión"]) 
2025-12-16 18:21:56.652  INFO 1 - [7878-exec-6] healenium                        : [Save Elements] Request: By.xpath(//button[text()="Reversar parcialmente"]) 
2025-12-16 18:21:57.298  INFO 1 - [7878-exec-7] healenium                        : [Save Elements] Request: By.xpath(//button[text()="Reversar parcialmente"]) 
2025-12-16 18:21:57.338  INFO 1 - [7878-exec-8] healenium                        : [Save Elements] Request: By.xpath(//button[text()="Reversar parcialmente"]) 
2025-12-16 18:21:58.478  INFO 1 - [7878-exec-9] healenium                        : [Save Elements] Request: By.xpath(//p[contains(text(), 'Se generó la Nota de reversión parcial')]) 
2025-12-16 18:21:58.626  INFO 1 - [878-exec-10] healenium                        : [Save Elements] Request: By.xpath(//p[contains(text(), 'Se generó la Nota de reversión parcial')]) 
2025-12-16 18:22:00.875  INFO 1 - [7878-exec-1] healenium                        : [Save Elements] Request: By.xpath((//*[text()='Reversión parcial'])[2]) 
2025-12-16 18:22:00.959  INFO 1 - [7878-exec-2] healenium                        : [Save Elements] Request: By.xpath((//*[text()='Reversión parcial'])[2]) 
2025-12-16 18:22:01.029  INFO 1 - [7878-exec-3] healenium                        : [Save Elements] Request: By.xpath((//*[text()='Reversión parcial'])[2]) 
2025-12-16 18:22:01.741  INFO 1 - [7878-exec-4] healenium                        : [Save Elements] Request: By.id(_recibonota) 
2025-12-16 18:22:01.833  INFO 1 - [7878-exec-5] healenium                        : [Save Elements] Request: By.id(_recibonota) 
2025-12-16 18:22:02.010  INFO 1 - [7878-exec-6] healenium                        : [Save Elements] Request: By.xpath((//button[text()='Continuar'])[2]) 
2025-12-16 18:22:02.120  INFO 1 - [7878-exec-7] healenium                        : [Save Elements] Request: By.xpath((//button[text()='Continuar'])[2]) 
2025-12-16 18:22:02.172  INFO 1 - [7878-exec-8] healenium                        : [Save Elements] Request: By.xpath((//button[text()='Continuar'])[2]) 
2025-12-16 18:22:02.821  INFO 1 - [7878-exec-9] healenium                        : [Save Elements] Request: By.xpath(//button[text()='Abandonar']) 
2025-12-16 18:22:02.949  INFO 1 - [878-exec-10] healenium                        : [Save Elements] Request: By.xpath(//button[text()='Abandonar']) 
2025-12-16 18:22:03.104  INFO 1 - [7878-exec-1] healenium                        : [Save Elements] Request: By.xpath(//button[text()='Abandonar']) 
2025-12-16 18:22:03.214  INFO 1 - [7878-exec-2] healenium                        : [Save Elements] Request: By.xpath(//button[text()='Abandonar']) 
2025-12-16 18:22:03.699  INFO 1 - [7878-exec-3] healenium                        : [Save Elements] Request: By.id(_recibonota) 
2025-12-16 18:22:03.788  INFO 1 - [7878-exec-4] healenium                        : [Save Elements] Request: By.id(_recibonota) 
2025-12-16 18:22:03.894  INFO 1 - [7878-exec-5] healenium                        : [Save Elements] Request: By.xpath(//button[text()='Asignar Nuevo No.']) 
2025-12-16 18:22:04.001  INFO 1 - [7878-exec-6] healenium                        : [Save Elements] Request: By.xpath(//button[text()='Asignar Nuevo No.']) 
2025-12-16 18:22:04.048  INFO 1 - [7878-exec-7] healenium                        : [Save Elements] Request: By.xpath(//button[text()='Asignar Nuevo No.']) 
2025-12-16 18:22:04.196  INFO 1 - [7878-exec-8] healenium                        : [Save Elements] Request: By.xpath(//button[text()='Nueva nota']) 
2025-12-16 18:22:04.856  INFO 1 - [7878-exec-9] healenium                        : [Save Elements] Request: By.xpath(//button[text()='Nueva nota']) 
2025-12-16 18:22:04.902  INFO 1 - [878-exec-10] healenium                        : [Save Elements] Request: By.xpath(//button[text()='Nueva nota']) 
2025-12-16 18:22:05.892  INFO 1 - [7878-exec-1] healenium                        : [Save Elements] Request: By.id(tipoidentificacion) 
2025-12-16 18:22:06.082  INFO 1 - [7878-exec-2] healenium                        : [Save Elements] Request: By.id(tipoidentificacion) 
2025-12-16 18:22:06.167  INFO 1 - [7878-exec-3] healenium                        : [Save Elements] Request: By.xpath(.//option[normalize-space(.) = "C.C."]) 
2025-12-16 18:22:06.378  INFO 1 - [7878-exec-4] healenium                        : [Save Elements] Request: By.id(identificacion) 
2025-12-16 18:22:06.524  INFO 1 - [7878-exec-5] healenium                        : [Save Elements] Request: By.id(identificacion) 
2025-12-16 18:22:06.695  INFO 1 - [7878-exec-6] healenium                        : [Save Elements] Request: By.id(identificacion) 
2025-12-16 18:22:06.860  INFO 1 - [7878-exec-7] healenium                        : [Save Elements] Request: By.id(pais) 
2025-12-16 18:22:07.004  INFO 1 - [7878-exec-8] healenium                        : [Save Elements] Request: By.id(pais) 
2025-12-16 18:22:07.094  INFO 1 - [7878-exec-9] healenium                        : [Save Elements] Request: By.xpath(.//option[normalize-space(.) = "Colombia"]) 
2025-12-16 18:22:07.264  INFO 1 - [878-exec-10] healenium                        : [Save Elements] Request: By.id(ser_1) 
2025-12-16 18:22:07.397  INFO 1 - [7878-exec-1] healenium                        : [Save Elements] Request: By.id(ser_1) 
2025-12-16 18:22:07.548  INFO 1 - [7878-exec-2] healenium                        : [Save Elements] Request: By.id(ser_1) 
2025-12-16 18:22:07.768  INFO 1 - [7878-exec-3] healenium                        : [Save Elements] Request: By.id(ser_1) 
2025-12-16 18:22:07.927  INFO 1 - [7878-exec-4] healenium                        : [Save Elements] Request: By.id(can_1) 
2025-12-16 18:22:08.099  INFO 1 - [7878-exec-5] healenium                        : [Save Elements] Request: By.id(can_1) 
2025-12-16 18:22:08.382  INFO 1 - [7878-exec-6] healenium                        : [Save Elements] Request: By.id(val_1) 
2025-12-16 18:22:08.523  INFO 1 - [7878-exec-7] healenium                        : [Save Elements] Request: By.id(val_1) 
2025-12-16 18:22:08.770  INFO 1 - [7878-exec-8] healenium                        : [Save Elements] Request: By.id(justificacion) 
2025-12-16 18:22:08.931  INFO 1 - [7878-exec-9] healenium                        : [Save Elements] Request: By.id(justificacion) 
2025-12-16 18:22:09.192  INFO 1 - [878-exec-10] healenium                        : [Save Elements] Request: By.id(submit) 
2025-12-16 18:22:09.311  INFO 1 - [7878-exec-1] healenium                        : [Save Elements] Request: By.id(submit) 
2025-12-16 18:22:09.456  INFO 1 - [7878-exec-2] healenium                        : [Save Elements] Request: By.id(submit) 
2025-12-16 18:22:09.558  INFO 1 - [7878-exec-3] healenium                        : [Save Elements] Request: By.id(submit) 
2025-12-16 18:22:10.310  INFO 1 - [7878-exec-4] healenium                        : [Save Elements] Request: By.xpath(//button[text()='Activar nota de reversión']) 
2025-12-16 18:22:10.425  INFO 1 - [7878-exec-5] healenium                        : [Save Elements] Request: By.xpath(//button[text()='Activar nota de reversión']) 
2025-12-16 18:22:10.574  INFO 1 - [7878-exec-6] healenium                        : [Save Elements] Request: By.xpath(//button[text()='Activar nota de reversión']) 
2025-12-16 18:22:10.676  INFO 1 - [7878-exec-7] healenium                        : [Save Elements] Request: By.xpath(//button[text()='Activar nota de reversión']) 
2025-12-16 18:22:10.878  INFO 1 - [7878-exec-8] healenium                        : [Save Elements] Request: By.xpath(//button[text()='Activar']) 
2025-12-16 18:22:11.538  INFO 1 - [7878-exec-9] healenium                        : [Save Elements] Request: By.xpath(//button[text()='Activar']) 
2025-12-16 18:22:11.590  INFO 1 - [878-exec-10] healenium                        : [Save Elements] Request: By.xpath(//button[text()='Activar']) 
2025-12-16 18:22:12.241  INFO 1 - [7878-exec-1] healenium                        : [Save Elements] Request: By.xpath(//p[text()='Nota de reversión sin recibo - APLICADA']) 
2025-12-16 18:22:12.375  INFO 1 - [7878-exec-2] healenium                        : [Save Elements] Request: By.xpath(//p[text()='Nota de reversión sin recibo - APLICADA']) 
2025-12-16 18:22:12.610  INFO 1 - [7878-exec-3] healenium                        : [Save Elements] Request: By.xpath(//p[text()='Nota de reversión sin recibo - APLICADA']) 
